age,appointment_type,clinic,insurance_type,lead_days,prior_no_show_count,distance_km,day_of_week,hour_of_day,sms_opt_in,reminder_days_before,temp_f,precip_in,no_show
24,Primary Care,East,Medicaid,10,1,9.02,1,12,1,3,92.8,0.02,0
73,Primary Care,South,Medicare,9,0,5.38,6,11,0,4,67.1,0.01,0
65,Imaging,South,Medicare,22,0,4.06,6,16,1,2,70.8,0.06,0
49,Lab,East,Private,22,0,5.23,0,9,1,0,73.8,0.04,0
49,Primary Care,North,Medicaid,9,1,5.04,4,15,1,1,57.1,0.14,0
79,Specialty,West,Medicare,10,0,2.16,2,12,1,5,54.4,0.12,0
24,Specialty,East,Medicaid,19,0,15.04,1,11,0,0,53.3,0.63,0
68,Primary Care,South,Medicaid,6,1,4.86,6,11,1,0,30.3,0.05,1
32,Primary Care,South,Medicare,10,1,7.81,2,14,1,2,69.0,0.07,0
24,Imaging,East,Self-pay,15,0,9.64,3,11,1,0,54.4,0.03,1
55,Primary Care,North,Private,24,0,5.23,2,14,1,3,63.5,0.27,0
88,Primary Care,West,Private,8,0,14.74,4,8,0,3,82.2,0.03,0
70,Specialty,South,Private,0,0,10.76,1,10,1,3,58.6,0.2,0
72,Primary Care,Central,Private,0,2,9.93,2,12,1,2,78.3,0.13,0
69,Primary Care,East,Medicare,1,0,8.88,4,10,1,3,51.0,0.02,0
74,Specialty,Central,Private,1,0,2.26,1,9,0,5,61.8,0.07,0
54,Lab,Central,Medicare,12,0,3.74,5,10,0,0,90.9,0.17,0
27,Imaging,Central,Self-pay,2,2,8.8,6,13,0,4,64.9,0.22,1
78,Primary Care,Central,Medicaid,7,0,5.36,4,17,0,4,85.5,0.09,1
50,Primary Care,South,Private,6,1,6.32,2,14,1,2,98.3,0.05,0
54,Telehealth,South,Self-pay,10,3,7.03,1,17,1,3,65.0,0.19,0
44,Imaging,West,Medicaid,27,0,10.0,3,13,1,3,62.0,0.1,1
31,Imaging,East,Medicaid,21,1,15.31,3,8,0,1,44.1,0.02,0
84,Primary Care,West,Private,14,1,16.42,1,9,0,0,73.5,0.09,1
74,Primary Care,West,Medicare,9,1,13.7,2,15,1,4,74.6,0.43,0
64,Primary Care,North,Private,10,1,6.76,6,14,1,1,79.2,0.14,1
46,Lab,North,Private,17,0,8.17,1,16,1,1,86.7,0.05,0
77,Telehealth,West,Private,20,0,1.76,1,12,0,2,57.7,0.23,0
57,Primary Care,West,Medicare,5,0,3.36,2,17,1,3,92.5,0.1,0
49,Imaging,Central,Private,14,5,5.01,6,11,1,2,66.6,0.02,1
50,Lab,West,Private,0,1,2.49,2,16,0,1,74.4,0.22,1
34,Lab,South,Medicare,16,1,4.89,2,9,1,4,69.2,0.06,0
24,Specialty,North,Private,22,1,6.8,2,12,1,2,60.7,0.17,0
57,Primary Care,East,Private,11,0,12.2,6,17,0,1,55.6,0.06,0
81,Telehealth,South,Medicaid,32,0,8.16,2,15,1,3,72.5,0.09,0
22,Primary Care,Central,Medicaid,5,0,31.11,2,11,1,3,58.4,0.03,0
79,Primary Care,West,Medicaid,16,0,5.94,2,16,1,3,67.4,0.09,0
77,Primary Care,Central,Medicaid,14,0,4.2,6,12,1,3,65.1,0.36,1
37,Specialty,East,Private,13,0,3.37,4,17,1,2,65.7,0.23,0
63,Primary Care,South,Private,13,1,4.2,4,8,1,4,48.4,0.09,0
29,Specialty,East,Medicare,15,1,2.28,1,16,1,0,32.0,0.05,1
72,Telehealth,South,Self-pay,22,1,5.45,0,14,0,4,80.1,0.08,0
68,Specialty,North,Private,28,0,14.72,0,9,0,1,83.5,0.17,1
43,Telehealth,East,Private,14,1,10.49,2,10,1,0,39.3,0.03,0
22,Telehealth,East,Medicaid,22,0,10.1,5,16,1,1,75.0,0.03,0
87,Imaging,North,Medicare,7,0,5.5,5,15,1,2,72.6,0.31,0
50,Specialty,West,Private,22,0,11.32,5,9,1,1,54.1,0.12,0
82,Lab,West,Medicaid,6,0,4.52,4,8,1,1,80.8,0.1,0
66,Specialty,North,Medicare,25,0,10.2,3,11,1,4,83.7,0.35,1
74,Primary Care,West,Self-pay,36,1,3.83,2,10,1,1,82.7,0.01,1
72,Telehealth,North,Private,13,1,7.28,5,14,1,0,90.9,0.14,1
32,Specialty,East,Private,0,0,7.28,1,15,1,2,82.0,0.07,0
44,Telehealth,West,Private,9,0,6.38,0,10,1,6,60.0,0.03,0
51,Primary Care,East,Private,26,0,15.51,5,11,1,1,70.2,0.09,1
53,Primary Care,West,Private,20,0,16.58,3,9,0,1,74.6,0.33,1
21,Imaging,East,Private,16,2,10.9,4,8,1,2,88.2,0.05,0
57,Specialty,South,Private,24,0,13.43,6,17,1,5,67.0,0.1,0
29,Specialty,East,Medicare,19,1,10.49,4,15,1,2,62.4,0.24,0
71,Lab,South,Private,26,0,4.25,5,15,1,1,50.2,0.48,0
67,Specialty,North,Private,23,1,5.62,3,17,1,3,80.5,0.51,0
84,Primary Care,East,Private,29,0,0.77,2,8,1,3,72.5,0.11,0
71,Imaging,South,Private,18,0,2.65,2,11,1,3,59.6,0.01,0
44,Primary Care,East,Private,23,1,1.69,6,15,1,1,79.2,0.1,0
87,Specialty,West,Self-pay,11,1,3.38,2,14,0,2,65.9,0.23,1
47,Primary Care,Central,Private,8,0,7.72,6,15,0,4,54.1,0.03,1
41,Primary Care,Central,Medicaid,31,0,4.12,0,11,1,3,86.0,0.45,1
83,Telehealth,West,Private,16,1,11.71,2,8,1,4,45.2,0.13,0
44,Primary Care,Central,Private,22,1,2.75,6,13,1,2,71.7,0.08,1
23,Imaging,East,Private,15,0,9.86,4,15,1,4,68.7,0.05,0
51,Specialty,West,Private,8,0,2.52,2,15,1,3,50.3,0.11,1
75,Primary Care,Central,Medicaid,14,0,14.77,1,9,0,2,73.9,0.11,0
31,Telehealth,Central,Medicaid,28,0,2.74,3,14,1,4,61.7,0.02,0
51,Primary Care,Central,Medicare,20,3,8.83,6,14,1,1,90.2,0.02,1
27,Specialty,Central,Private,0,0,3.46,2,11,1,5,82.0,0.02,1
67,Imaging,East,Medicaid,12,1,18.3,3,10,0,4,72.7,0.03,1
52,Imaging,Central,Medicare,32,2,17.78,2,9,1,2,40.1,0.65,1
41,Primary Care,East,Private,12,2,8.62,6,9,1,2,63.3,0.01,0
34,Lab,North,Private,0,1,8.49,4,13,1,3,62.4,0.18,0
58,Telehealth,South,Medicare,33,0,11.11,4,11,0,2,84.5,0.11,1
66,Specialty,East,Private,21,0,9.74,4,14,0,4,72.1,0.2,0
85,Imaging,North,Medicare,13,1,12.18,2,13,1,2,73.8,0.07,0
49,Primary Care,North,Private,10,1,2.68,5,13,1,0,82.2,0.11,0
29,Primary Care,South,Medicare,25,0,6.38,4,17,0,2,89.6,0.41,0
77,Specialty,West,Medicare,9,1,3.69,0,9,1,4,87.5,0.06,0
63,Primary Care,North,Private,25,1,17.6,2,8,1,4,76.6,0.06,1
68,Imaging,East,Private,19,2,1.99,6,11,1,3,66.7,0.18,1
25,Primary Care,West,Medicare,16,0,19.72,1,8,0,2,75.2,0.09,0
40,Primary Care,Central,Medicare,15,0,6.47,6,15,1,2,69.6,0.04,0
73,Specialty,West,Private,12,2,12.31,5,11,1,2,79.4,0.18,0
77,Primary Care,South,Private,24,0,4.09,6,9,1,0,63.2,0.21,0
49,Specialty,Central,Private,5,1,1.82,5,8,1,1,80.8,0.05,0
75,Specialty,Central,Private,0,1,17.13,0,16,1,3,70.6,0.11,0
78,Primary Care,South,Medicare,20,0,9.19,1,11,1,2,74.6,0.02,0
45,Primary Care,North,Private,20,0,2.17,3,12,1,2,55.6,0.25,0
82,Primary Care,East,Private,19,0,5.82,2,9,1,4,66.7,0.13,0
38,Specialty,Central,Private,18,0,5.47,6,15,1,1,75.4,0.18,1
35,Primary Care,Central,Private,11,3,8.96,5,15,1,1,67.8,0.07,0
67,Imaging,Central,Private,22,0,2.67,5,11,0,3,41.8,0.02,0
63,Specialty,Central,Self-pay,14,1,2.12,6,16,1,1,55.2,0.06,0
28,Primary Care,West,Medicare,9,0,7.06,0,11,1,1,74.1,0.02,1
77,Primary Care,North,Medicare,11,0,2.82,4,17,1,5,88.1,0.0,0
32,Primary Care,North,Private,34,1,17.49,6,17,1,1,67.2,0.25,0
75,Primary Care,North,Self-pay,0,0,11.49,6,12,1,1,64.1,0.31,0
18,Primary Care,South,Medicare,19,1,11.25,5,13,1,3,82.6,0.21,1
75,Telehealth,North,Private,0,0,0.75,5,16,1,2,70.1,0.02,0
74,Primary Care,East,Medicare,13,0,4.23,5,9,1,0,78.9,0.11,1
74,Primary Care,Central,Private,10,1,5.0,0,12,1,5,66.5,0.17,0
65,Lab,North,Self-pay,0,0,2.42,2,17,1,1,65.1,0.13,0
51,Telehealth,Central,Private,18,0,9.76,6,10,1,2,79.9,0.09,0
68,Specialty,Central,Medicaid,10,1,8.83,4,11,1,3,78.1,0.0,0
37,Specialty,North,Self-pay,0,0,10.93,1,16,1,6,66.2,0.06,1
74,Primary Care,North,Medicare,22,1,13.25,5,15,0,2,56.5,0.06,0
58,Lab,East,Medicaid,28,0,12.79,0,12,1,1,50.0,0.02,1
51,Specialty,Central,Private,29,1,32.24,2,9,0,3,51.6,0.18,1
54,Specialty,West,Medicare,18,0,6.22,5,9,0,6,62.4,0.09,1
58,Primary Care,North,Private,14,1,5.41,5,16,1,3,73.8,0.22,1
20,Specialty,West,Private,27,1,9.67,3,13,1,2,50.0,0.15,0
28,Imaging,Central,Private,31,1,14.91,1,17,1,3,50.8,0.09,1
35,Primary Care,South,Medicare,25,1,1.29,3,9,1,0,74.5,0.06,1
26,Specialty,West,Medicare,5,0,3.19,1,11,1,2,88.8,0.01,0
49,Primary Care,East,Private,16,0,3.89,6,8,0,0,83.1,0.18,0
66,Imaging,South,Private,18,1,6.72,6,9,1,2,47.9,0.02,1
65,Primary Care,Central,Private,0,1,4.25,5,8,1,2,74.7,0.17,0
51,Telehealth,South,Medicare,19,1,13.4,2,13,1,0,81.5,0.03,1
79,Specialty,Central,Private,37,2,7.46,1,10,1,3,64.1,0.23,1
58,Specialty,West,Private,20,1,5.76,0,9,0,3,67.2,0.18,0
23,Primary Care,South,Self-pay,29,0,8.89,2,16,1,2,74.0,0.18,1
73,Specialty,West,Self-pay,16,0,0.9,5,12,1,0,75.9,0.15,0
59,Primary Care,North,Medicare,13,1,8.58,2,13,1,4,74.5,0.14,0
63,Primary Care,South,Private,18,0,2.9,5,14,1,5,78.7,0.06,0
58,Primary Care,South,Medicare,6,1,11.76,1,12,1,3,72.6,0.23,0
57,Primary Care,Central,Medicare,4,0,1.09,5,9,0,2,62.5,0.03,0
24,Lab,Central,Private,27,1,9.33,0,12,1,2,64.6,0.02,1
58,Primary Care,South,Self-pay,28,0,2.97,2,17,1,3,60.6,0.03,0
75,Lab,East,Private,4,0,15.12,1,14,1,3,64.5,0.3,1
39,Lab,Central,Private,24,0,1.41,4,15,0,3,76.7,0.04,0
61,Imaging,West,Medicare,13,0,6.53,1,13,1,3,60.7,0.22,0
20,Primary Care,North,Medicaid,17,1,10.57,0,11,1,1,82.8,0.26,0
43,Specialty,East,Medicaid,19,1,8.21,2,12,1,1,58.1,0.02,0
49,Lab,East,Private,24,0,8.17,0,12,1,2,72.4,0.09,0
88,Primary Care,South,Medicare,15,0,1.97,2,13,1,3,80.0,0.15,0
33,Primary Care,East,Medicaid,28,1,1.84,1,16,1,0,75.4,0.03,1
37,Primary Care,West,Medicare,17,0,7.94,6,8,1,2,47.8,0.1,0
47,Specialty,West,Private,20,2,7.05,3,12,0,2,71.6,0.3,1
89,Primary Care,South,Medicare,6,0,2.53,3,10,0,2,61.1,0.01,0
79,Primary Care,West,Medicaid,36,0,2.39,4,17,1,5,54.1,0.18,0
20,Imaging,East,Private,19,0,5.84,0,9,1,4,72.7,0.05,0
34,Specialty,Central,Medicare,21,1,4.63,0,8,1,3,55.0,0.4,1
77,Primary Care,North,Medicare,0,0,21.77,1,15,1,5,72.9,0.1,0
22,Telehealth,East,Medicare,6,0,15.74,6,10,1,4,87.5,0.1,0
79,Primary Care,East,Private,26,1,11.45,5,10,1,3,73.6,0.52,0
38,Primary Care,South,Private,17,0,17.08,6,13,1,2,67.2,0.39,0
84,Primary Care,West,Medicare,0,0,3.65,5,17,0,2,68.1,0.01,0
39,Primary Care,East,Private,24,0,4.13,0,9,1,3,81.0,0.07,0
49,Specialty,East,Private,9,0,14.2,1,13,1,2,66.3,0.61,1
65,Primary Care,East,Private,28,0,6.51,5,11,1,0,64.4,0.55,1
27,Lab,West,Private,13,0,6.83,3,9,1,2,58.8,0.18,0
58,Lab,West,Medicare,16,1,2.24,4,13,0,4,59.3,0.05,1
54,Primary Care,Central,Self-pay,26,2,13.75,1,17,1,0,80.7,0.14,1
74,Imaging,Central,Private,5,0,9.66,3,10,1,5,64.2,0.0,0
89,Specialty,West,Private,4,0,5.08,6,10,0,3,76.7,0.09,0
65,Lab,South,Private,12,1,4.16,3,9,1,2,77.6,0.13,1
47,Primary Care,Central,Medicare,22,0,15.3,4,14,0,3,58.5,0.15,1
47,Specialty,South,Private,1,0,3.69,5,10,1,4,60.5,0.07,0
48,Primary Care,West,Medicaid,0,0,1.6,6,13,1,3,76.9,0.44,0
76,Primary Care,Central,Medicare,22,1,15.9,1,8,1,4,71.7,0.22,0
41,Lab,South,Private,8,0,16.12,6,15,1,4,67.9,0.11,0
30,Primary Care,South,Private,10,1,3.67,4,9,1,3,75.5,0.1,0
42,Specialty,South,Medicare,0,0,24.63,5,8,0,1,82.1,0.17,1
19,Primary Care,Central,Private,7,0,5.95,1,8,1,2,69.5,0.0,0
25,Lab,East,Private,14,1,3.71,0,15,0,0,63.2,0.03,1
24,Primary Care,Central,Private,23,0,9.43,0,17,1,3,71.4,0.13,0
73,Primary Care,North,Medicare,6,1,1.92,2,12,0,2,60.3,0.04,0
70,Specialty,South,Medicare,31,0,2.8,3,9,1,2,71.7,0.03,0
68,Primary Care,North,Medicaid,7,2,7.98,2,16,1,3,70.0,0.08,0
51,Primary Care,Central,Private,7,1,6.95,1,8,1,1,60.2,0.15,0
69,Imaging,North,Medicaid,29,1,12.27,5,11,1,3,65.1,0.04,1
29,Telehealth,Central,Medicare,16,0,2.22,5,17,1,2,66.1,0.04,0
82,Imaging,West,Medicaid,8,0,21.88,4,11,1,2,78.8,0.12,0
54,Primary Care,Central,Medicare,12,1,4.55,4,15,0,3,59.5,0.53,1
85,Primary Care,East,Medicaid,28,0,6.76,5,11,1,5,60.3,0.12,0
28,Imaging,East,Medicare,29,4,4.38,1,10,0,3,65.5,0.03,1
53,Primary Care,North,Private,6,1,1.9,6,11,1,5,76.8,0.01,0
68,Imaging,East,Private,14,1,6.2,6,16,1,5,78.7,0.12,0
53,Specialty,West,Self-pay,15,1,10.47,2,12,1,4,73.1,0.18,1
50,Lab,North,Private,4,1,5.49,2,16,1,0,78.6,0.05,0
29,Primary Care,Central,Medicaid,13,0,3.1,1,17,1,2,83.9,0.3,0
45,Telehealth,North,Medicaid,14,0,12.56,4,15,1,1,71.9,0.29,0
35,Primary Care,South,Private,25,0,12.89,2,10,1,7,60.4,0.37,1
39,Imaging,West,Medicaid,26,1,5.27,1,13,0,1,69.1,0.12,1
67,Primary Care,East,Private,11,1,8.35,4,11,1,0,53.7,0.08,1
63,Specialty,South,Private,12,0,12.5,1,13,1,0,74.7,0.06,0
61,Primary Care,Central,Medicare,21,1,10.38,0,15,1,1,64.1,0.18,0
44,Primary Care,South,Medicaid,8,0,8.18,6,17,1,3,71.3,0.07,0
87,Specialty,East,Private,20,0,10.08,0,15,1,4,69.0,0.11,0
24,Primary Care,North,Private,13,0,8.78,6,12,1,1,65.4,0.09,0
42,Telehealth,North,Medicare,4,1,6.48,4,16,1,4,72.7,0.01,0
26,Lab,East,Medicaid,4,0,2.17,2,16,1,2,68.5,0.2,0
42,Imaging,Central,Medicare,28,1,2.7,3,10,1,2,62.4,0.05,1
87,Specialty,East,Private,12,1,9.05,2,9,1,3,56.8,0.03,0
44,Primary Care,South,Private,30,1,4.35,2,12,1,5,74.3,0.58,1
83,Primary Care,North,Medicare,9,0,8.82,4,15,1,3,55.5,0.04,0
53,Primary Care,Central,Private,17,2,2.12,6,10,1,1,91.5,0.14,0
68,Specialty,South,Medicaid,38,1,3.36,1,17,0,3,85.4,0.01,1
50,Lab,East,Private,3,2,5.49,3,17,0,3,50.9,0.07,1
37,Primary Care,North,Medicare,0,0,0.57,6,8,1,2,77.5,0.01,0
73,Primary Care,North,Medicaid,27,0,2.98,0,11,1,4,83.7,0.05,1
87,Primary Care,North,Medicare,6,1,3.75,0,10,0,0,63.0,0.06,0
36,Specialty,North,Medicaid,14,0,7.33,4,16,1,3,74.2,0.02,0
74,Primary Care,East,Private,8,1,5.23,0,15,1,4,68.5,0.11,0
36,Primary Care,East,Private,17,0,7.63,6,14,1,0,78.2,0.02,0
69,Primary Care,Central,Medicare,4,1,6.66,0,15,1,0,64.6,0.14,1
74,Primary Care,North,Medicaid,12,1,5.06,5,15,1,4,82.2,0.26,0
50,Imaging,East,Medicare,18,0,3.77,2,15,1,4,68.3,0.02,1
71,Telehealth,East,Private,4,1,6.83,6,14,1,5,66.2,0.03,0
37,Primary Care,South,Private,7,0,14.93,6,17,1,1,77.8,0.19,1
23,Primary Care,North,Medicaid,11,0,3.75,5,13,1,3,80.8,0.15,0
24,Primary Care,North,Medicare,0,4,21.29,4,8,1,3,42.0,0.19,0
50,Imaging,North,Private,10,0,6.93,1,12,1,0,35.2,0.07,0
82,Specialty,East,Medicare,15,0,11.84,0,14,1,3,74.1,0.15,1
27,Specialty,North,Private,10,4,8.42,1,16,1,3,62.1,0.02,1
50,Specialty,East,Private,11,3,9.33,0,14,0,4,54.1,0.07,1
68,Telehealth,East,Medicaid,14,1,2.96,5,10,1,2,65.5,0.0,0
32,Primary Care,East,Medicare,7,0,4.32,2,10,1,4,104.9,0.01,0
69,Primary Care,South,Private,21,1,1.26,3,16,1,3,54.0,0.01,0
40,Primary Care,East,Medicaid,28,0,5.39,4,10,1,5,80.6,0.04,1
76,Specialty,East,Self-pay,9,0,9.97,4,8,1,4,60.9,0.18,0
59,Primary Care,Central,Medicaid,19,0,5.43,4,14,0,3,52.6,0.06,0
57,Lab,North,Medicaid,12,0,12.3,5,13,1,1,62.7,0.17,1
30,Imaging,North,Self-pay,18,1,4.67,0,14,0,1,52.9,0.02,1
51,Telehealth,Central,Private,30,1,3.55,1,12,1,5,51.2,0.18,0
79,Telehealth,South,Medicaid,19,0,4.16,5,14,1,4,61.3,0.03,0
19,Specialty,South,Private,0,1,10.66,5,11,1,2,56.9,0.17,0
72,Lab,Central,Private,19,0,18.27,4,12,1,2,68.2,0.09,1
53,Imaging,East,Private,26,2,22.73,6,9,1,3,72.0,0.06,1
69,Primary Care,West,Private,12,2,9.88,6,14,1,0,60.5,0.09,0
65,Imaging,North,Medicaid,24,0,11.91,0,13,0,2,77.6,0.06,0
49,Telehealth,South,Medicaid,7,0,1.59,3,11,0,3,62.0,0.23,0
40,Imaging,South,Private,0,0,2.07,6,13,0,4,68.2,0.15,0
63,Imaging,Central,Medicaid,15,1,3.08,2,10,1,2,44.0,0.03,1
28,Primary Care,East,Medicaid,0,0,15.55,0,15,0,5,71.0,0.05,0
60,Lab,East,Private,12,1,15.4,0,13,1,4,97.0,0.01,0
24,Primary Care,Central,Medicaid,27,0,26.14,5,14,1,1,79.5,0.14,1
64,Specialty,Central,Private,0,1,3.01,6,14,1,1,67.9,0.09,1
63,Imaging,North,Private,1,0,5.91,4,16,1,3,56.1,0.07,0
24,Specialty,East,Medicare,4,0,1.25,0,16,1,2,89.6,0.03,0
72,Primary Care,West,Medicaid,13,0,1.77,2,10,0,2,68.1,0.01,0
47,Imaging,Central,Private,10,2,5.04,2,12,0,3,61.9,0.2,0
74,Primary Care,Central,Private,28,1,3.13,6,13,0,4,62.2,0.22,1
20,Primary Care,West,Medicare,24,1,3.17,3,15,1,4,94.9,0.43,1
30,Primary Care,West,Medicaid,19,0,3.9,1,8,1,3,68.6,0.29,1
53,Specialty,North,Medicaid,15,1,16.75,3,17,1,0,75.4,0.3,0
31,Primary Care,East,Private,18,0,13.5,5,11,0,4,67.6,0.06,1
41,Primary Care,West,Medicaid,5,0,2.67,4,12,1,1,69.2,0.06,1
65,Lab,West,Medicare,23,1,13.24,2,10,0,3,64.9,0.08,0
28,Specialty,West,Private,3,0,3.36,5,13,1,2,87.1,0.03,0
66,Lab,East,Medicare,22,1,1.57,2,10,1,6,70.5,0.04,0
25,Specialty,East,Private,26,1,3.78,0,17,1,6,53.1,0.05,0
30,Primary Care,Central,Medicare,16,2,7.86,6,11,1,2,74.7,0.17,1
60,Imaging,South,Private,12,1,2.95,5,11,1,0,68.6,0.0,0
75,Primary Care,Central,Private,18,2,9.75,5,8,0,1,74.6,0.0,0
30,Telehealth,West,Self-pay,0,2,4.01,6,15,1,3,66.0,0.18,0
39,Primary Care,East,Medicaid,17,0,8.28,4,17,1,2,63.5,0.01,1
84,Lab,East,Private,13,2,2.64,0,13,1,1,80.7,0.04,1
89,Specialty,East,Medicaid,13,0,6.36,5,17,1,2,92.3,0.0,0
59,Lab,Central,Self-pay,21,0,3.03,0,12,1,3,47.7,0.35,1
50,Primary Care,North,Private,13,2,5.16,4,14,1,2,71.0,0.11,0
42,Specialty,Central,Medicare,3,0,21.5,6,16,1,2,63.5,0.05,0
62,Primary Care,Central,Private,13,0,4.46,2,15,1,2,59.1,0.24,0
60,Lab,South,Medicaid,15,0,2.03,2,9,0,2,44.1,0.02,1
39,Primary Care,North,Private,15,1,6.67,6,17,0,3,74.3,0.14,0
19,Specialty,North,Medicaid,16,0,6.76,3,8,1,3,64.2,0.1,0
28,Imaging,North,Private,24,0,6.73,6,9,1,0,63.5,0.12,1
87,Specialty,North,Private,3,0,9.36,2,10,1,3,84.4,0.05,0
48,Imaging,North,Medicaid,16,1,4.29,1,15,1,2,64.7,0.08,1
52,Imaging,Central,Private,27,0,10.02,3,16,1,1,64.2,0.03,0
51,Primary Care,West,Self-pay,0,0,6.17,2,13,1,2,54.0,0.04,0
74,Imaging,Central,Private,16,2,1.92,4,11,0,4,59.1,0.02,1
22,Specialty,East,Medicare,8,1,11.03,2,12,1,4,87.6,0.03,1
23,Specialty,West,Medicaid,10,1,7.16,5,14,1,3,77.3,0.15,0
37,Primary Care,Central,Private,5,2,9.65,2,10,1,1,85.5,0.0,1
53,Specialty,South,Medicare,12,0,2.14,2,10,0,0,59.9,0.21,0
66,Lab,West,Medicare,32,0,11.49,4,10,1,1,74.3,0.05,0
53,Telehealth,Central,Medicare,1,0,25.28,1,12,1,3,82.6,0.25,0
49,Telehealth,Central,Medicare,2,0,1.99,1,15,0,3,77.0,0.01,0
85,Imaging,East,Private,1,0,12.62,3,13,1,2,89.0,0.57,1
29,Primary Care,Central,Private,31,1,7.18,2,8,0,4,74.8,0.02,1
59,Specialty,East,Private,9,1,6.22,2,10,1,3,70.0,0.08,1
57,Primary Care,South,Self-pay,14,0,11.58,2,8,1,0,41.7,0.03,0
52,Imaging,South,Private,10,0,10.72,4,11,1,3,75.0,0.22,0
76,Primary Care,East,Private,5,1,14.82,2,13,1,4,77.2,0.01,0
37,Telehealth,South,Private,12,0,2.22,4,10,1,3,83.8,0.13,0
86,Primary Care,North,Medicaid,39,1,15.21,1,8,1,3,60.5,0.19,0
41,Primary Care,North,Medicare,28,1,8.22,6,9,1,2,69.6,0.18,1
57,Lab,Central,Private,5,0,1.29,6,14,1,2,50.9,0.0,1
55,Primary Care,Central,Medicaid,20,1,4.5,0,12,1,2,50.6,0.02,0
79,Primary Care,Central,Self-pay,6,1,7.31,0,17,0,3,76.2,0.45,1
49,Specialty,East,Medicaid,0,0,4.42,0,13,0,2,85.2,0.11,0
38,Telehealth,Central,Medicare,24,2,5.64,1,11,1,4,85.6,0.14,0
19,Primary Care,East,Private,26,1,3.92,5,8,1,5,75.3,0.05,0
44,Primary Care,East,Private,24,0,34.11,1,15,1,2,94.6,0.08,0
77,Primary Care,East,Private,9,0,10.13,4,11,1,1,65.3,0.03,0
18,Specialty,South,Medicare,12,1,6.65,1,13,0,0,80.8,0.1,1
82,Primary Care,West,Private,21,1,2.58,0,12,0,3,54.2,0.01,1
57,Specialty,East,Private,18,0,14.85,0,8,1,3,32.3,0.3,1
28,Specialty,Central,Medicare,10,1,9.21,6,17,1,3,64.2,0.01,0
39,Telehealth,North,Medicaid,0,0,2.83,3,9,0,3,68.6,0.05,0
57,Imaging,North,Private,15,1,2.85,4,14,1,2,72.8,0.02,0
40,Imaging,South,Medicaid,25,0,5.75,1,9,1,0,67.8,0.17,0
25,Specialty,South,Private,2,2,6.7,3,17,1,2,74.3,0.12,1
65,Primary Care,Central,Medicare,20,1,9.96,4,10,1,5,90.9,0.15,1
66,Primary Care,East,Self-pay,17,0,6.05,5,13,1,3,78.9,0.34,0
26,Specialty,South,Private,22,1,10.57,4,8,1,3,60.8,0.02,0
38,Primary Care,West,Medicaid,23,1,4.42,4,16,1,4,39.8,0.17,1
35,Primary Care,East,Medicaid,7,0,6.06,4,10,1,1,57.1,0.09,0
65,Primary Care,South,Self-pay,0,0,15.22,2,8,1,3,86.1,0.41,1
70,Primary Care,East,Private,9,0,10.91,4,10,1,3,64.0,0.25,0
70,Primary Care,South,Private,23,0,6.34,2,13,1,1,78.1,0.17,0
85,Specialty,West,Private,9,1,8.01,5,11,1,3,77.7,0.44,1
73,Imaging,Central,Medicaid,7,0,6.08,3,11,1,4,69.3,0.08,0
41,Primary Care,South,Private,0,0,1.78,4,8,1,2,69.0,0.13,0
25,Imaging,West,Private,32,1,18.81,3,15,1,0,62.0,0.19,1
62,Primary Care,West,Self-pay,22,0,3.01,3,11,1,3,96.7,0.02,0
83,Telehealth,South,Private,22,0,4.7,4,16,1,2,58.5,0.01,1
88,Specialty,East,Private,24,1,30.33,1,12,1,3,83.5,0.26,0
34,Specialty,South,Medicaid,20,2,2.49,3,15,1,1,80.0,0.18,0
35,Imaging,South,Private,12,0,5.81,2,11,0,3,77.4,0.05,0
20,Specialty,East,Medicare,12,0,15.91,0,8,0,4,68.6,0.16,1
28,Primary Care,South,Private,10,0,21.57,5,14,1,2,52.2,0.18,1
57,Primary Care,East,Private,40,0,9.12,4,14,1,0,56.2,0.02,0
57,Telehealth,Central,Private,20,1,14.94,0,17,1,3,60.7,0.05,0
44,Lab,East,Medicaid,9,0,5.36,0,15,0,3,74.4,0.05,0
40,Specialty,Central,Private,19,0,0.31,6,14,0,3,80.7,0.1,1
77,Lab,South,Private,4,1,14.04,5,8,1,4,73.8,0.3,0
51,Primary Care,East,Self-pay,29,1,6.23,5,16,0,2,73.1,0.06,0
76,Specialty,West,Medicaid,7,0,4.87,4,9,1,2,82.5,0.01,0
87,Specialty,East,Medicare,19,2,4.53,5,15,1,1,44.9,0.0,1
40,Primary Care,Central,Self-pay,25,0,10.42,4,14,1,3,43.5,0.13,1
32,Telehealth,South,Private,18,0,10.34,0,16,1,3,51.4,0.1,0
86,Lab,South,Medicare,15,2,6.37,3,11,1,2,81.1,0.04,0
63,Telehealth,West,Self-pay,14,0,8.8,2,12,1,4,45.9,0.07,1
38,Specialty,West,Medicare,13,0,2.45,1,8,1,1,69.9,0.08,0
62,Primary Care,Central,Private,8,0,5.42,6,11,1,3,59.1,0.14,0
55,Imaging,Central,Medicaid,10,1,2.55,4,16,1,3,71.9,0.02,0
83,Primary Care,North,Private,29,0,2.47,6,10,0,2,68.3,0.07,0
36,Lab,Central,Private,13,0,8.2,0,17,1,0,73.0,0.15,0
89,Primary Care,West,Medicaid,6,1,6.64,6,8,1,0,65.2,0.11,0
85,Lab,West,Private,9,0,4.43,4,11,1,3,78.5,0.04,0
31,Imaging,South,Private,25,1,5.21,3,11,1,5,87.6,0.04,1
29,Primary Care,Central,Private,21,2,8.71,1,17,1,2,85.2,0.04,0
56,Primary Care,West,Private,20,2,10.58,4,13,1,3,65.7,0.07,0
21,Specialty,South,Private,11,1,9.39,4,16,0,0,59.6,0.47,1
39,Primary Care,South,Medicaid,20,0,1.23,4,16,1,3,72.3,0.12,0
49,Lab,West,Medicare,8,0,0.53,1,13,1,1,93.7,0.0,1
87,Primary Care,Central,Medicare,11,0,3.26,4,15,1,2,69.4,0.04,0
89,Primary Care,East,Private,24,1,0.53,0,15,1,3,80.1,0.03,0
28,Primary Care,Central,Private,23,1,17.35,0,13,0,0,79.4,0.11,0
82,Primary Care,East,Self-pay,4,0,5.07,3,17,1,7,79.3,0.05,0
24,Primary Care,East,Private,5,0,1.9,0,12,0,2,85.3,0.23,0
71,Lab,West,Private,15,0,5.03,4,15,1,3,54.2,0.3,0
78,Imaging,North,Self-pay,31,2,0.93,3,11,1,5,58.4,0.3,1
82,Telehealth,North,Private,0,2,1.95,1,11,1,3,70.6,0.18,0
34,Primary Care,West,Private,17,0,4.73,1,11,1,1,84.8,0.18,0
82,Primary Care,South,Private,0,0,4.1,3,9,0,3,84.7,0.18,0
26,Primary Care,North,Medicare,8,1,4.69,4,16,1,0,69.4,0.23,0
55,Specialty,North,Private,10,0,8.92,5,12,1,2,82.0,0.43,0
51,Primary Care,South,Medicare,10,1,12.46,4,14,1,5,64.9,0.06,0
40,Primary Care,South,Medicaid,9,1,6.96,3,9,1,0,60.1,0.01,0
19,Specialty,South,Medicare,14,1,12.93,4,14,1,1,54.1,0.02,0
73,Primary Care,Central,Private,9,0,4.18,4,8,1,5,68.4,0.23,0
42,Specialty,West,Private,0,1,14.16,2,14,1,2,65.8,0.09,1
65,Specialty,West,Medicaid,22,2,7.05,1,12,1,1,82.0,0.05,0
47,Imaging,North,Medicaid,22,0,11.72,3,9,1,3,76.8,0.1,0
44,Primary Care,South,Private,22,2,4.26,0,11,1,2,70.7,0.03,1
81,Imaging,Central,Private,0,0,6.81,1,8,1,0,70.7,0.05,1
24,Primary Care,West,Medicare,17,1,23.49,1,8,1,0,65.0,0.1,0
71,Primary Care,Central,Medicaid,21,1,6.77,3,16,1,6,48.7,0.4,1
71,Primary Care,South,Medicaid,4,0,12.39,6,16,0,3,55.8,0.12,0
45,Primary Care,East,Medicare,14,2,13.47,6,16,1,5,79.4,0.11,1
36,Specialty,East,Private,13,1,9.92,0,9,1,1,68.3,0.31,1
18,Imaging,South,Medicaid,32,0,11.2,5,13,1,2,54.3,0.02,0
85,Imaging,Central,Medicaid,33,0,4.27,1,14,1,2,86.4,0.24,1
86,Primary Care,South,Private,0,0,3.17,6,11,1,2,90.4,0.04,0
35,Primary Care,East,Medicare,39,0,2.59,1,13,1,3,84.5,0.14,0
20,Primary Care,North,Private,5,0,8.61,0,10,1,1,75.1,0.69,1
26,Telehealth,West,Private,24,0,6.62,5,17,1,4,73.4,0.08,0
22,Primary Care,Central,Medicaid,24,2,8.18,5,10,1,3,69.7,0.09,1
77,Specialty,East,Private,4,0,2.19,2,10,1,2,72.0,0.31,0
82,Primary Care,Central,Medicaid,19,1,3.62,3,15,1,3,77.5,0.11,0
29,Imaging,South,Private,13,1,12.15,5,10,1,2,78.5,0.06,0
71,Specialty,Central,Private,20,0,7.42,5,17,0,0,75.4,0.27,1
30,Primary Care,West,Medicare,16,0,7.09,2,14,0,1,30.7,0.19,1
44,Specialty,Central,Private,26,2,5.39,5,17,1,2,83.8,0.06,1
61,Imaging,West,Medicare,15,2,3.34,5,13,1,2,72.4,0.06,1
69,Specialty,East,Private,12,1,14.48,5,17,1,3,53.7,0.32,0
80,Telehealth,East,Medicaid,25,0,16.14,6,16,1,3,72.4,0.11,0
21,Lab,Central,Self-pay,20,0,6.83,5,16,1,2,73.6,0.21,0
32,Specialty,Central,Private,21,2,5.84,3,9,1,1,51.2,0.05,1
38,Telehealth,West,Private,7,0,16.94,2,16,1,4,62.3,0.02,0
40,Lab,West,Medicaid,4,0,3.71,6,11,1,3,56.7,0.04,1
89,Primary Care,East,Private,8,2,4.49,3,16,1,2,58.3,0.01,1
73,Imaging,South,Private,8,0,11.76,6,8,1,1,76.8,0.0,0
41,Specialty,North,Medicaid,22,1,4.43,6,8,1,1,62.5,0.08,0
87,Specialty,West,Private,24,0,6.54,0,15,1,3,71.1,0.15,0
53,Specialty,West,Medicare,12,0,0.71,0,8,1,5,78.9,0.14,0
54,Lab,West,Private,28,0,16.4,3,11,1,2,64.8,0.09,1
49,Telehealth,East,Medicare,28,0,11.07,0,12,1,1,79.3,0.02,0
28,Primary Care,South,Medicare,16,1,13.8,4,10,1,6,86.3,0.07,0
85,Imaging,South,Medicare,6,0,2.92,0,15,0,2,80.2,0.01,0
19,Specialty,North,Medicare,30,2,18.82,5,14,1,1,77.2,0.04,1
30,Lab,North,Private,13,0,6.08,2,14,1,2,80.3,0.25,0
34,Specialty,West,Private,15,1,14.62,4,10,1,2,74.7,0.14,0
38,Primary Care,Central,Medicaid,11,1,8.44,3,8,1,4,80.2,0.07,0
27,Primary Care,Central,Medicaid,5,0,11.43,4,8,0,0,55.9,0.14,0
19,Primary Care,North,Medicaid,0,0,8.92,4,10,1,3,69.1,0.06,0
66,Primary Care,Central,Medicare,20,1,4.4,2,10,1,2,74.7,0.01,0
87,Primary Care,West,Private,6,0,1.43,5,14,1,2,69.1,0.05,0
26,Primary Care,South,Medicare,45,0,15.4,5,16,1,2,100.0,0.21,0
39,Lab,West,Medicare,3,1,0.36,2,10,1,2,67.7,0.07,0
54,Primary Care,Central,Private,1,1,12.33,0,13,1,3,48.6,0.05,1
84,Primary Care,South,Private,19,0,15.38,3,17,0,2,70.7,0.03,0
67,Imaging,West,Private,29,2,1.83,4,12,0,2,79.9,0.27,0
73,Primary Care,South,Private,15,0,4.61,5,10,0,1,59.5,0.12,0
59,Imaging,South,Medicaid,20,0,1.62,1,12,0,6,69.6,0.13,1
48,Lab,North,Private,0,0,3.87,3,8,1,4,69.1,0.14,0
32,Primary Care,North,Medicaid,7,0,13.64,5,17,1,3,69.3,0.09,1
80,Specialty,West,Self-pay,3,2,11.34,3,17,1,2,62.8,0.16,0
75,Primary Care,North,Self-pay,0,0,10.29,5,8,1,4,83.2,0.08,0
19,Specialty,West,Medicaid,15,0,4.64,4,10,1,3,96.0,0.26,0
69,Specialty,Central,Medicaid,0,0,0.42,1,9,0,3,59.9,0.1,1
24,Primary Care,Central,Private,1,0,2.1,1,16,1,2,54.3,0.1,0
71,Specialty,South,Medicaid,9,2,5.39,5,16,1,3,64.7,0.02,1
77,Specialty,North,Medicare,6,1,2.57,4,11,0,5,86.9,0.07,0
27,Primary Care,East,Self-pay,18,1,12.42,5,13,0,3,66.9,0.06,1
49,Primary Care,South,Medicare,17,0,19.22,2,14,1,2,74.4,0.16,0
26,Specialty,South,Private,23,1,8.4,0,17,1,3,59.1,0.05,0
58,Primary Care,East,Medicaid,22,1,1.81,1,16,1,3,91.4,0.03,0
84,Imaging,West,Medicaid,25,2,15.78,3,14,1,2,66.5,0.19,0
23,Telehealth,South,Private,14,0,7.09,0,12,1,1,73.0,0.08,0
46,Imaging,South,Medicare,17,1,6.38,1,15,1,4,60.4,0.06,0
88,Primary Care,Central,Medicare,19,1,9.68,1,14,1,4,59.3,0.23,0
39,Specialty,Central,Medicare,15,0,2.19,0,13,1,6,70.0,0.07,0
27,Imaging,West,Self-pay,10,1,4.7,2,10,1,3,71.2,0.13,1
53,Imaging,East,Medicare,11,1,6.04,5,8,0,3,80.4,0.05,1
54,Telehealth,West,Medicaid,6,0,7.87,2,13,0,4,49.7,0.02,0
65,Specialty,North,Private,18,0,8.47,2,17,1,1,58.6,0.06,0
40,Primary Care,Central,Private,13,3,9.67,3,17,1,3,61.8,0.06,1
86,Primary Care,South,Private,7,0,3.96,4,13,0,4,71.4,0.03,0
55,Telehealth,West,Medicare,7,1,1.14,2,17,1,4,56.4,0.02,0
38,Specialty,South,Medicaid,2,0,5.35,0,8,1,5,68.9,0.01,0
87,Lab,West,Medicare,24,1,5.89,2,16,0,2,62.3,0.1,0
84,Imaging,Central,Private,15,0,1.08,0,10,1,2,68.4,0.05,0
53,Telehealth,West,Private,5,1,3.78,1,11,1,2,60.7,0.06,0
19,Specialty,East,Self-pay,22,0,7.34,4,11,0,1,57.9,0.23,1
60,Telehealth,West,Private,8,1,4.3,1,10,1,3,73.4,0.08,1
57,Lab,West,Private,0,0,7.12,2,10,1,4,83.4,0.03,0
28,Lab,West,Medicare,24,1,4.15,2,13,1,3,79.8,0.19,0
63,Telehealth,East,Medicare,9,0,10.19,6,8,1,3,83.4,0.15,0
78,Specialty,East,Private,10,0,2.76,1,10,1,4,84.8,0.04,0
25,Imaging,West,Private,14,0,6.44,0,10,1,3,68.1,0.02,0
70,Specialty,North,Medicare,25,0,6.68,3,8,1,2,92.5,0.02,0
28,Imaging,West,Private,14,0,12.08,4,16,0,0,79.1,0.1,1
71,Imaging,North,Private,2,1,4.91,3,12,0,2,58.6,0.21,0
48,Imaging,West,Private,19,2,19.04,4,13,1,3,62.0,0.05,1
18,Specialty,East,Private,9,0,18.56,6,13,1,3,71.8,0.03,1
87,Imaging,Central,Private,33,0,2.93,4,11,1,2,80.6,0.19,1
29,Lab,North,Medicaid,14,1,6.3,3,10,0,2,67.3,0.27,1
60,Specialty,East,Private,0,0,2.0,4,8,1,1,58.3,0.09,1
31,Specialty,North,Medicare,18,0,9.13,1,16,1,1,79.5,0.08,1
85,Lab,Central,Medicare,33,0,4.25,1,15,1,3,56.6,0.48,0
71,Imaging,North,Private,30,2,7.02,2,14,0,4,73.6,0.18,0
75,Specialty,East,Medicaid,32,1,5.23,5,15,0,1,70.5,0.35,0
49,Specialty,North,Private,4,0,33.28,5,16,1,2,53.9,0.11,0
51,Imaging,Central,Self-pay,23,0,5.73,3,8,1,4,91.3,0.01,0
63,Imaging,South,Medicare,7,1,5.34,4,14,1,2,70.2,0.08,0
74,Primary Care,West,Private,16,0,12.64,5,17,1,4,55.8,0.18,0
78,Primary Care,North,Self-pay,1,0,13.92,1,16,1,4,70.6,0.13,0
19,Lab,South,Private,8,3,7.8,0,10,1,3,49.2,0.05,1
65,Telehealth,North,Private,7,0,14.19,5,13,0,2,74.3,0.02,0
25,Primary Care,East,Private,23,1,29.68,0,10,1,4,80.3,0.01,0
38,Telehealth,North,Medicare,22,2,5.01,1,9,1,2,102.4,0.25,1
77,Specialty,Central,Medicaid,17,2,2.24,2,11,0,2,71.2,0.01,1
36,Primary Care,East,Medicare,0,1,8.63,5,11,1,3,62.1,0.14,1
75,Imaging,West,Self-pay,11,1,13.28,2,17,1,2,72.5,0.19,1
51,Primary Care,South,Self-pay,7,0,18.01,0,12,1,2,87.3,0.07,1
34,Primary Care,South,Private,23,3,9.79,0,16,1,2,76.0,0.04,1
42,Telehealth,Central,Medicaid,26,0,6.56,1,17,1,2,80.0,0.02,0
56,Specialty,Central,Private,25,0,3.33,0,14,1,3,79.1,0.14,0
73,Primary Care,West,Self-pay,6,2,15.44,2,12,1,0,76.1,0.09,0
61,Specialty,Central,Private,0,0,8.11,0,12,0,2,53.2,0.12,0
85,Specialty,North,Private,0,1,1.17,5,15,0,0,52.5,0.26,0
80,Specialty,Central,Private,28,0,23.46,0,11,1,2,51.0,0.07,1
72,Primary Care,East,Private,10,2,2.37,1,12,1,3,55.6,0.03,1
61,Primary Care,Central,Medicaid,6,0,13.45,0,11,1,2,57.0,0.42,0
38,Specialty,West,Private,30,2,7.62,2,10,0,4,92.3,0.07,1
47,Specialty,South,Private,27,1,1.27,5,11,0,3,61.5,0.02,1
26,Telehealth,East,Medicaid,14,2,5.99,4,8,1,0,71.2,0.06,1
44,Primary Care,Central,Medicare,11,1,5.03,6,16,1,4,67.1,0.09,1
84,Lab,North,Medicare,13,0,1.62,4,16,1,3,72.3,0.11,0
48,Telehealth,East,Self-pay,16,0,9.12,2,14,1,2,70.8,0.03,0
26,Primary Care,West,Private,30,1,12.16,6,15,1,2,54.9,0.36,0
64,Primary Care,South,Private,18,0,6.32,1,12,0,0,77.2,0.2,0
87,Specialty,South,Private,21,1,4.92,0,13,0,3,61.8,0.06,1
80,Telehealth,West,Private,26,2,9.63,2,17,1,3,61.4,0.05,1
37,Primary Care,Central,Private,2,0,0.23,6,8,1,1,66.3,0.05,0
50,Primary Care,East,Medicare,22,1,4.47,5,9,0,1,79.7,0.11,0
56,Imaging,Central,Private,11,0,4.75,3,16,1,3,62.5,0.04,1
35,Lab,North,Medicare,0,3,6.48,6,8,0,4,71.1,0.19,1
37,Primary Care,South,Medicaid,0,2,1.52,4,15,1,4,74.8,0.01,1
35,Primary Care,North,Private,4,2,0.83,1,11,1,4,73.1,0.02,0
89,Primary Care,East,Medicare,19,0,2.59,0,15,1,6,72.4,0.28,0
71,Telehealth,West,Private,15,0,9.01,0,17,1,4,53.2,0.2,0
78,Imaging,South,Medicaid,16,0,4.69,5,13,1,4,71.5,0.0,0
76,Specialty,East,Private,34,0,2.58,2,8,1,3,59.0,0.02,0
87,Lab,West,Medicaid,1,0,21.06,2,13,1,2,48.9,0.02,0
25,Specialty,West,Medicare,14,1,4.91,2,8,0,4,64.4,0.16,0
81,Telehealth,West,Medicare,17,0,6.51,0,17,1,1,63.8,0.05,0
22,Primary Care,West,Private,7,0,15.28,0,11,1,3,105.0,0.2,0
52,Primary Care,Central,Private,14,0,7.25,5,17,1,2,81.7,0.06,0
60,Specialty,West,Private,0,1,9.56,4,17,0,3,79.4,0.28,0
43,Primary Care,Central,Medicare,28,0,3.19,1,11,1,3,65.1,0.1,0
28,Lab,Central,Medicare,7,1,6.78,0,11,1,3,67.8,0.3,0
31,Specialty,Central,Medicaid,34,0,19.29,3,16,1,2,100.9,0.01,0
77,Primary Care,North,Private,14,1,8.69,0,14,0,3,62.4,0.23,1
40,Imaging,East,Medicaid,24,3,7.79,2,13,0,4,73.1,0.17,0
40,Specialty,East,Self-pay,13,2,5.32,5,16,0,0,92.1,0.27,0
84,Specialty,North,Private,14,1,1.97,1,10,1,2,61.3,0.05,1
28,Primary Care,East,Private,8,1,14.17,5,14,1,2,71.8,0.21,0
83,Telehealth,South,Medicare,15,0,6.11,6,11,0,3,69.8,0.15,0
84,Imaging,West,Private,17,0,3.61,1,8,1,2,59.3,0.17,0
61,Lab,Central,Private,6,1,1.76,4,11,1,4,79.3,0.04,0
29,Imaging,East,Medicare,13,0,8.1,5,9,1,2,56.6,0.0,0
29,Specialty,Central,Medicare,8,0,2.29,3,17,1,4,79.3,0.26,0
38,Primary Care,Central,Private,37,1,14.25,2,10,1,1,75.2,0.07,1
59,Imaging,Central,Self-pay,13,1,3.8,6,17,1,2,80.8,0.04,1
29,Primary Care,North,Private,29,0,6.9,2,15,1,2,67.7,0.66,0
50,Telehealth,Central,Private,12,1,8.57,1,11,0,3,74.7,0.03,1
26,Primary Care,North,Private,17,2,7.86,0,16,1,1,82.3,0.13,0
56,Primary Care,Central,Self-pay,1,0,12.19,6,8,1,0,53.1,0.05,0
19,Specialty,North,Medicaid,10,0,4.11,1,9,1,2,55.5,0.34,0
69,Specialty,North,Private,16,1,6.54,0,16,1,3,77.0,0.01,1
21,Imaging,South,Medicaid,30,1,9.94,0,11,1,1,79.9,0.22,0
32,Imaging,West,Private,16,0,18.05,2,9,1,3,71.6,0.22,0
30,Imaging,Central,Private,28,1,11.59,4,9,1,2,81.0,0.12,1
77,Telehealth,West,Private,20,1,13.14,4,16,1,0,65.7,0.15,1
21,Specialty,West,Medicaid,30,1,5.02,5,12,1,4,85.2,0.09,1
48,Specialty,South,Private,13,0,8.69,4,12,1,3,69.1,0.02,0
60,Lab,Central,Medicare,38,2,16.31,0,11,1,2,60.7,0.05,0
55,Primary Care,East,Private,9,1,6.29,5,8,1,3,87.1,0.12,1
67,Primary Care,Central,Medicaid,6,1,8.73,1,17,0,2,79.9,0.01,0
75,Primary Care,Central,Self-pay,2,0,1.36,6,10,1,1,64.6,0.0,0
46,Imaging,South,Private,37,2,10.64,2,11,1,4,64.8,0.0,0
77,Imaging,South,Medicare,22,0,7.73,0,16,1,2,77.2,0.11,0
40,Primary Care,West,Medicare,11,1,10.14,2,8,1,3,58.0,0.02,1
88,Primary Care,Central,Self-pay,26,0,5.11,3,13,0,2,73.8,0.02,1
54,Primary Care,West,Medicare,21,0,1.02,5,13,1,3,68.0,0.15,0
70,Specialty,Central,Private,34,0,11.0,3,15,1,4,72.6,0.21,0
81,Primary Care,Central,Private,0,0,3.58,0,17,1,3,45.7,0.1,0
75,Imaging,South,Medicare,11,1,1.53,0,8,1,3,59.1,0.13,0
79,Telehealth,East,Private,9,0,7.34,4,11,0,4,73.0,0.05,0
56,Imaging,West,Private,0,1,19.64,0,11,1,4,82.6,0.6,0
21,Lab,South,Medicaid,25,1,3.12,3,16,1,4,68.4,0.13,1
53,Telehealth,Central,Medicaid,11,1,3.71,6,12,1,3,78.7,0.26,0
31,Imaging,South,Private,21,2,11.39,5,12,1,3,52.2,0.56,1
82,Specialty,West,Medicare,38,0,5.51,4,10,1,3,64.6,0.01,0
35,Lab,East,Medicare,10,1,10.97,2,13,1,4,73.4,0.02,0
34,Specialty,Central,Medicare,10,0,5.27,3,14,1,2,69.3,0.03,0
35,Specialty,East,Private,15,1,4.61,0,13,1,3,79.2,0.05,0
64,Primary Care,West,Private,24,0,3.26,5,14,0,6,66.9,0.01,1
59,Imaging,South,Private,8,1,8.25,0,16,1,3,67.0,0.02,1
86,Lab,Central,Self-pay,8,0,3.24,0,16,1,1,77.8,0.05,0
47,Imaging,East,Private,25,0,4.38,4,13,1,2,63.6,0.09,0
38,Primary Care,East,Private,18,1,14.1,4,17,1,3,59.1,0.24,1
21,Specialty,Central,Medicare,0,2,25.37,3,11,1,1,75.6,0.04,1
18,Lab,East,Medicaid,2,2,9.03,3,8,1,1,58.4,0.01,0
44,Imaging,South,Private,29,1,14.48,4,15,0,0,87.0,0.05,0
84,Specialty,South,Private,18,0,4.83,3,15,0,2,47.9,0.03,0
55,Primary Care,East,Medicare,6,0,5.37,0,8,0,5,66.4,0.03,0
82,Primary Care,South,Private,12,1,7.6,3,11,1,2,89.5,0.21,1
25,Telehealth,South,Medicare,14,1,3.63,0,10,1,4,93.7,0.3,0
24,Primary Care,South,Medicare,21,0,4.56,0,13,0,2,68.9,0.06,1
78,Lab,East,Medicare,0,0,10.7,3,10,0,2,83.2,0.04,1
25,Primary Care,East,Medicare,6,1,6.66,4,15,1,3,79.3,0.04,1
21,Telehealth,East,Private,17,0,5.83,0,13,1,0,64.1,0.01,0
47,Specialty,West,Medicare,13,0,5.61,2,16,1,5,75.6,0.08,0
84,Imaging,West,Self-pay,20,0,2.61,6,16,1,3,59.7,0.18,1
67,Imaging,South,Medicare,2,1,7.39,5,10,0,4,51.3,0.07,0
25,Imaging,Central,Medicaid,18,0,3.63,5,13,1,2,76.1,0.01,0
78,Imaging,East,Medicare,25,1,1.34,4,14,1,3,76.8,0.03,1
78,Primary Care,Central,Medicare,19,0,2.28,1,12,0,4,55.8,0.03,0
75,Primary Care,East,Private,15,1,5.7,2,17,0,2,68.3,0.03,0
82,Primary Care,South,Self-pay,13,1,10.09,4,8,1,1,55.8,0.23,0
35,Imaging,West,Private,6,0,12.03,4,17,1,1,64.5,0.01,1
88,Imaging,North,Private,13,0,1.78,0,17,1,2,64.8,0.03,0
41,Primary Care,Central,Private,27,0,9.38,6,11,1,3,78.9,0.6,1
75,Imaging,East,Medicare,13,0,20.44,6,10,1,2,64.0,0.22,0
59,Primary Care,North,Medicare,5,2,12.45,0,8,1,2,54.9,0.03,0
74,Primary Care,East,Medicare,9,0,7.18,4,9,1,4,90.6,0.36,0
63,Primary Care,West,Private,16,1,7.63,1,10,0,2,75.9,0.13,0
64,Imaging,North,Medicare,10,0,7.02,2,16,1,2,80.8,0.07,0
62,Primary Care,South,Private,19,0,4.29,6,15,1,4,77.3,0.14,0
74,Telehealth,Central,Medicaid,19,1,12.87,4,16,1,3,81.3,0.46,0
71,Imaging,South,Private,23,0,2.83,2,11,1,1,75.2,0.07,0
27,Specialty,North,Private,28,0,7.46,0,10,1,1,75.6,0.46,0
77,Primary Care,North,Private,24,1,1.32,5,16,1,1,71.5,0.02,1
56,Imaging,West,Private,5,1,13.69,2,13,0,2,64.7,0.03,1
41,Lab,East,Medicaid,5,2,7.24,4,8,1,4,80.6,0.16,0
55,Specialty,West,Self-pay,13,0,1.65,1,15,1,5,66.8,0.06,0
87,Primary Care,Central,Medicare,9,1,16.9,5,8,1,4,71.4,0.04,0
79,Primary Care,North,Private,3,0,6.04,2,8,1,5,74.4,0.08,0
78,Primary Care,South,Private,10,0,2.05,5,17,1,3,75.5,0.18,0
51,Primary Care,South,Medicare,9,1,21.66,0,17,1,4,57.8,0.01,0
74,Imaging,East,Private,7,1,5.28,4,15,1,2,72.4,0.06,0
45,Primary Care,North,Medicaid,11,0,3.31,6,11,0,0,57.8,0.0,1
67,Lab,East,Medicare,26,0,7.74,3,9,1,2,72.1,0.03,0
64,Specialty,Central,Private,16,1,2.29,3,12,1,2,79.4,0.02,0
35,Specialty,North,Self-pay,39,0,4.29,4,13,1,6,91.6,0.23,1
37,Telehealth,Central,Private,16,0,15.58,5,8,1,2,76.9,0.12,0
22,Specialty,Central,Medicare,11,0,5.39,5,14,1,1,80.4,0.2,0
28,Primary Care,East,Private,14,0,8.99,0,8,1,4,56.9,0.23,1
49,Specialty,Central,Private,17,0,16.06,2,12,1,1,76.5,0.2,0
52,Specialty,West,Private,18,0,5.25,5,9,1,3,56.6,0.21,0
29,Imaging,South,Medicare,35,1,3.19,6,8,1,4,84.4,0.12,0
48,Lab,East,Private,6,0,10.23,4,11,0,1,57.2,0.33,0
61,Imaging,North,Medicaid,23,0,1.97,0,13,1,5,58.3,0.18,0
34,Telehealth,East,Private,16,0,2.88,4,17,1,4,79.1,0.03,0
42,Primary Care,Central,Private,0,1,1.6,6,8,1,3,90.2,0.17,0
44,Primary Care,West,Medicare,22,0,15.28,5,13,0,5,82.7,0.15,1
54,Primary Care,East,Private,27,1,6.83,5,15,1,2,65.8,0.04,0
44,Imaging,West,Private,5,2,10.5,3,11,0,4,58.1,0.02,0
71,Primary Care,Central,Private,14,0,3.05,6,16,1,3,64.9,0.19,1
41,Primary Care,North,Medicare,0,0,8.73,4,12,1,2,71.5,0.19,0
49,Telehealth,South,Private,1,0,8.95,3,8,1,2,69.1,0.14,0
45,Primary Care,North,Private,24,0,21.59,6,10,1,6,57.7,0.28,0
31,Primary Care,Central,Medicare,9,1,9.87,0,12,1,4,85.4,0.0,1
67,Primary Care,East,Medicaid,3,0,12.01,0,14,1,4,85.7,0.21,0
34,Primary Care,North,Private,16,0,7.25,5,9,0,2,92.6,0.1,1
39,Primary Care,West,Medicaid,9,2,0.29,0,13,1,4,50.1,0.13,1
75,Primary Care,East,Private,9,1,8.17,6,15,1,2,60.3,0.01,0
86,Primary Care,North,Medicare,21,1,5.67,6,11,1,5,73.0,0.05,0
66,Lab,Central,Private,2,1,5.45,1,9,1,4,70.1,0.26,1
83,Specialty,West,Private,5,0,4.45,6,14,0,4,64.6,0.05,0
79,Imaging,North,Private,16,1,5.45,3,14,1,4,59.7,0.03,0
52,Imaging,Central,Private,24,0,3.77,3,11,1,2,58.0,0.19,0
73,Imaging,North,Private,26,2,11.22,6,16,0,3,94.3,0.1,0
41,Telehealth,North,Private,7,1,2.64,5,16,0,5,52.9,0.0,0
51,Specialty,East,Private,23,0,19.72,6,9,1,3,51.3,0.04,0
56,Primary Care,North,Private,6,1,10.55,6,13,1,1,55.7,0.13,0
87,Primary Care,East,Private,32,1,13.35,5,14,1,4,72.3,0.08,0
79,Primary Care,South,Medicare,3,0,2.83,3,10,0,1,66.7,0.04,0
53,Lab,South,Private,27,1,4.2,1,9,1,2,75.0,0.22,0
64,Specialty,Central,Private,7,0,7.03,0,9,0,2,61.5,0.15,0
32,Primary Care,South,Private,34,1,6.52,1,11,0,0,71.1,0.18,0
75,Primary Care,East,Medicare,20,0,10.57,3,10,0,3,71.0,0.13,0
57,Lab,South,Medicare,4,0,6.54,0,15,1,6,88.9,0.05,0
56,Specialty,Central,Medicaid,9,0,20.43,2,17,1,3,91.3,0.17,0
73,Primary Care,South,Private,22,1,2.88,5,12,0,7,68.2,0.04,1
63,Lab,North,Medicare,25,0,2.36,0,16,1,2,80.3,0.34,0
23,Imaging,Central,Private,13,0,4.03,2,13,0,3,71.9,0.29,0
38,Specialty,South,Medicaid,14,0,5.46,6,17,1,2,79.2,0.02,1
30,Specialty,Central,Medicaid,22,0,14.16,2,11,0,3,74.6,0.04,0
70,Imaging,East,Private,15,0,8.56,5,15,0,3,78.8,0.08,1
20,Primary Care,Central,Self-pay,1,1,0.4,4,16,1,5,80.2,0.15,0
32,Telehealth,North,Private,6,0,0.46,5,17,0,1,75.1,0.05,0
61,Imaging,Central,Self-pay,16,0,5.87,5,11,0,3,71.6,0.08,0
68,Imaging,South,Private,26,0,4.6,4,11,1,3,82.5,0.03,1
54,Imaging,North,Private,30,0,6.0,6,8,1,4,68.4,0.03,0
79,Telehealth,Central,Medicare,22,0,5.46,1,14,1,0,63.1,0.21,1
84,Primary Care,North,Private,17,0,18.45,1,13,1,0,51.3,0.03,0
27,Primary Care,South,Medicare,21,0,12.72,4,11,0,3,75.1,0.02,0
86,Imaging,West,Private,7,1,4.21,5,10,1,4,78.3,0.07,0
62,Primary Care,North,Private,12,2,6.45,4,16,1,2,49.3,0.07,1
63,Imaging,South,Private,6,0,5.11,6,17,1,4,62.6,0.14,1
24,Specialty,East,Self-pay,2,0,0.77,4,17,1,5,79.0,0.01,0
62,Primary Care,East,Self-pay,17,0,4.38,5,12,1,3,68.3,0.18,0
70,Primary Care,East,Medicare,16,0,4.43,0,15,1,2,70.7,0.15,1
59,Imaging,West,Medicare,21,0,3.64,0,16,1,3,81.0,0.09,0
24,Primary Care,South,Private,19,1,4.27,5,15,1,3,68.7,0.07,0
55,Primary Care,East,Private,16,1,5.19,3,11,1,3,74.6,0.17,0
85,Specialty,South,Self-pay,20,0,9.07,2,16,1,2,57.0,0.05,0
70,Primary Care,South,Medicaid,14,2,3.9,5,14,1,2,74.2,0.4,0
27,Imaging,North,Medicare,18,0,15.63,2,8,1,1,53.9,0.14,1
87,Telehealth,West,Private,7,0,2.85,0,9,1,3,54.4,0.16,0
87,Imaging,North,Medicaid,18,0,13.84,3,12,1,1,64.0,0.05,1
30,Specialty,West,Self-pay,21,0,8.05,0,17,0,1,76.6,0.0,1
75,Primary Care,North,Self-pay,7,0,2.17,6,15,1,1,70.6,0.32,0
47,Telehealth,North,Medicare,15,0,5.08,2,14,1,2,60.5,0.07,0
60,Lab,South,Private,8,1,18.93,2,14,1,3,80.5,0.04,0
50,Lab,East,Self-pay,9,0,2.9,5,17,1,1,73.8,0.15,0
74,Primary Care,West,Medicare,3,0,19.29,0,13,1,2,82.5,0.0,0
89,Primary Care,West,Private,27,1,9.26,4,12,0,3,59.3,0.23,0
75,Primary Care,Central,Private,25,0,8.15,6,11,1,0,87.2,0.2,0
85,Primary Care,South,Medicare,19,1,8.87,0,13,0,1,89.0,0.29,0
86,Primary Care,North,Medicaid,34,1,4.98,6,10,1,5,80.9,0.02,0
24,Lab,Central,Self-pay,12,0,3.02,4,17,1,1,75.9,0.04,0
36,Primary Care,West,Self-pay,44,2,6.68,1,17,1,4,76.0,0.03,0
69,Primary Care,North,Medicare,12,0,8.37,5,11,1,2,74.0,0.04,0
60,Lab,North,Self-pay,17,1,9.57,5,15,1,3,53.5,0.13,0
21,Telehealth,East,Private,10,2,9.3,6,15,1,1,62.8,0.09,0
24,Primary Care,South,Private,18,0,11.06,6,14,0,0,68.8,0.03,0
55,Primary Care,West,Private,22,0,24.32,4,9,1,2,57.6,0.08,0
62,Lab,South,Medicaid,13,0,7.85,0,8,1,3,87.2,0.3,0
30,Telehealth,Central,Medicaid,32,0,15.07,5,15,0,4,76.0,0.02,0
30,Imaging,East,Medicaid,16,0,9.82,5,9,1,3,91.4,0.02,0
27,Specialty,Central,Self-pay,17,1,26.04,5,16,1,1,79.5,0.29,1
58,Imaging,North,Medicare,5,0,7.03,1,12,1,4,53.2,0.18,0
18,Imaging,West,Medicaid,18,1,6.46,5,16,1,1,85.7,0.04,1
59,Primary Care,Central,Private,13,0,14.43,5,9,0,2,64.6,0.25,0
52,Specialty,North,Medicaid,8,2,14.44,0,11,1,1,86.4,0.26,1
51,Lab,East,Medicaid,6,0,5.31,0,9,1,2,88.1,0.02,0
66,Imaging,South,Private,41,0,9.57,0,12,1,2,86.2,0.0,0
55,Primary Care,East,Private,11,2,11.13,4,8,1,3,82.9,0.36,1
70,Imaging,Central,Private,0,1,10.7,2,10,1,0,75.2,0.17,1
73,Imaging,West,Medicaid,7,0,8.88,5,10,0,2,69.9,0.08,0
84,Primary Care,Central,Medicare,13,2,1.21,6,13,0,1,92.6,0.13,1
75,Primary Care,South,Private,19,1,10.81,0,8,1,3,73.3,0.05,0
55,Primary Care,Central,Self-pay,20,1,11.16,5,11,0,3,65.4,0.58,0
53,Telehealth,West,Private,21,1,9.14,5,15,0,1,75.3,0.12,0
34,Primary Care,North,Private,8,1,4.86,0,12,1,3,83.8,0.02,0
61,Lab,Central,Medicaid,17,0,17.67,0,13,1,2,83.3,0.0,0
28,Specialty,North,Private,5,3,2.97,5,16,1,4,57.0,0.01,0
85,Lab,North,Private,8,1,14.62,0,13,1,2,83.0,0.05,0
78,Telehealth,Central,Medicaid,5,1,2.93,1,16,1,3,78.3,0.15,0
26,Telehealth,North,Private,2,1,13.41,6,17,1,4,65.9,0.08,0
74,Lab,North,Private,25,0,3.06,5,13,1,3,60.1,0.03,0
26,Primary Care,North,Private,21,0,12.88,6,12,1,6,87.2,0.07,1
69,Primary Care,Central,Medicaid,24,0,20.34,1,11,1,3,88.3,0.39,0
24,Primary Care,North,Medicare,14,0,20.4,5,16,0,5,88.8,0.28,0
53,Imaging,South,Medicaid,22,0,17.47,4,15,0,6,54.3,0.04,0
65,Primary Care,South,Medicare,0,1,7.0,6,9,1,0,67.5,0.02,1
70,Specialty,South,Private,23,0,4.21,1,14,0,4,70.7,0.44,0
48,Primary Care,South,Private,16,3,6.17,0,10,1,3,88.0,0.02,1
84,Imaging,Central,Private,20,3,13.88,2,17,1,3,79.7,0.09,0
73,Primary Care,Central,Medicaid,18,0,10.69,3,11,1,2,67.3,0.44,0
32,Primary Care,Central,Medicare,4,2,27.6,4,8,1,1,71.9,0.03,1
66,Specialty,West,Medicare,0,1,4.56,6,17,1,1,78.6,0.01,0
70,Specialty,South,Medicaid,7,0,21.28,4,14,1,6,79.0,0.14,0
42,Lab,South,Private,20,1,6.55,6,17,1,3,90.2,0.11,1
71,Imaging,East,Medicaid,21,3,2.92,5,16,1,0,87.5,0.05,1
82,Imaging,South,Private,0,0,8.67,2,12,1,1,85.0,0.42,0
76,Primary Care,West,Medicare,4,1,10.5,5,12,1,0,60.8,0.02,0
72,Primary Care,North,Private,7,1,16.39,2,16,1,4,61.6,0.08,1
63,Imaging,West,Private,10,1,4.55,5,11,1,3,58.1,0.04,0
37,Primary Care,South,Medicaid,0,0,8.66,4,10,1,3,75.1,0.04,0
75,Lab,East,Private,0,1,7.09,1,13,1,3,64.4,0.01,0
44,Telehealth,Central,Medicaid,6,0,5.3,0,13,1,4,77.1,0.14,0
56,Primary Care,South,Medicare,15,1,19.84,6,16,1,2,78.9,0.0,0
40,Imaging,North,Medicare,2,0,10.6,5,9,0,3,73.0,0.03,1
40,Specialty,South,Private,13,0,0.68,0,12,0,3,80.9,0.21,0
29,Primary Care,South,Medicaid,25,1,8.77,1,13,0,1,62.6,0.13,1
87,Specialty,East,Self-pay,1,1,1.54,3,17,0,1,52.6,0.14,0
28,Imaging,Central,Private,12,1,8.14,3,10,1,2,61.9,0.0,0
24,Telehealth,Central,Medicare,24,1,1.84,2,14,1,3,80.4,0.09,0
85,Primary Care,West,Medicaid,10,0,10.64,1,13,1,5,92.4,0.12,0
57,Imaging,West,Private,8,0,1.52,4,17,1,3,88.1,0.26,0
49,Primary Care,South,Private,26,1,3.07,5,12,1,2,68.0,0.09,0
71,Primary Care,Central,Self-pay,11,0,12.38,4,9,1,3,81.9,0.35,0
45,Specialty,East,Medicare,25,2,7.0,6,13,1,2,53.8,0.13,0
27,Imaging,North,Self-pay,18,0,2.01,2,16,1,2,89.0,0.1,0
70,Imaging,Central,Private,11,0,19.01,3,9,1,5,76.8,0.0,0
30,Telehealth,East,Medicare,19,0,5.05,2,15,0,2,80.0,0.21,1
57,Primary Care,North,Private,17,1,5.75,6,13,1,3,47.5,0.01,0
86,Specialty,West,Private,24,0,6.17,2,15,1,2,76.1,0.01,1
85,Primary Care,South,Medicaid,9,0,11.27,2,11,0,4,92.7,0.04,0
43,Lab,South,Medicare,14,0,5.37,5,16,0,1,74.1,0.11,0
74,Primary Care,South,Self-pay,13,0,6.36,2,9,1,2,69.5,0.09,0
62,Primary Care,East,Private,21,0,15.32,2,13,1,4,67.5,0.05,0
52,Imaging,South,Self-pay,4,1,14.04,5,13,1,1,61.9,0.04,0
28,Primary Care,North,Medicare,24,1,6.06,0,10,1,4,71.7,0.08,0
45,Imaging,East,Private,19,1,6.23,0,9,0,0,56.0,0.04,1
64,Telehealth,South,Private,1,0,0.38,6,17,1,1,76.0,0.11,0
89,Specialty,East,Private,26,2,8.03,1,12,1,2,83.9,0.13,1
18,Specialty,East,Private,36,0,12.7,5,17,1,6,65.4,0.12,1
69,Telehealth,North,Self-pay,24,2,5.14,4,11,1,3,75.2,0.17,0
78,Imaging,South,Self-pay,28,0,17.14,1,14,0,3,69.8,0.08,1
86,Primary Care,South,Private,15,0,1.34,1,13,1,4,75.3,0.18,0
48,Lab,East,Private,0,0,3.27,6,12,1,1,81.5,0.25,0
26,Specialty,Central,Private,0,0,16.23,6,12,0,0,75.6,0.06,0
37,Imaging,South,Medicaid,17,1,12.36,1,10,0,5,80.9,0.0,0
79,Specialty,North,Medicare,8,0,1.24,3,9,1,3,76.9,0.03,1
81,Primary Care,North,Medicare,5,2,1.53,6,14,1,2,81.0,0.03,0
63,Lab,West,Medicare,13,0,10.76,1,10,1,3,74.4,0.15,0
26,Primary Care,South,Self-pay,20,0,9.22,4,13,1,4,74.6,0.08,1
26,Lab,West,Private,0,0,5.68,2,13,1,2,78.9,0.14,0
52,Lab,West,Private,10,0,16.74,6,17,1,3,69.7,0.01,0
60,Telehealth,North,Medicare,29,0,4.02,1,16,1,6,76.0,0.08,0
20,Primary Care,East,Self-pay,3,0,0.73,3,9,1,1,59.9,0.02,1
67,Specialty,Central,Medicare,23,0,11.26,4,8,0,3,48.8,0.09,0
57,Primary Care,South,Medicaid,9,0,13.07,4,17,1,1,71.7,0.19,0
18,Primary Care,East,Medicaid,19,2,4.23,0,8,0,5,61.0,0.04,0
24,Primary Care,East,Private,25,1,2.48,0,15,0,3,93.8,0.02,0
50,Specialty,South,Medicare,21,0,0.78,5,15,0,1,61.0,0.07,0
70,Specialty,Central,Medicaid,23,1,6.9,5,16,0,0,79.7,0.15,1
77,Telehealth,North,Private,2,0,8.89,1,11,1,2,62.0,0.14,0
49,Primary Care,South,Medicare,25,0,13.73,4,11,1,3,70.3,0.03,1
39,Primary Care,West,Private,5,0,9.29,1,10,0,4,57.1,0.06,1
87,Imaging,Central,Medicaid,17,1,4.51,2,9,0,1,56.0,0.04,1
51,Primary Care,North,Private,17,0,8.03,4,10,1,1,74.0,0.07,1
40,Imaging,West,Private,19,0,14.21,4,10,1,2,65.8,0.33,0
49,Imaging,North,Medicare,17,0,8.8,2,17,1,1,79.4,0.13,0
18,Imaging,West,Medicare,6,0,12.82,5,12,1,2,85.5,0.01,0
39,Imaging,East,Private,1,2,2.6,3,13,0,1,51.4,0.03,0
55,Lab,East,Private,23,1,10.96,5,14,1,3,83.1,0.03,0
84,Telehealth,Central,Medicaid,16,0,9.3,3,9,1,2,58.5,0.04,1
71,Primary Care,West,Self-pay,25,0,5.32,2,17,0,3,66.0,0.23,1
74,Specialty,South,Medicare,14,0,14.39,1,12,1,3,53.2,0.05,1
57,Lab,Central,Private,0,2,24.12,0,13,1,0,53.5,0.07,0
25,Primary Care,South,Medicaid,24,0,1.2,3,10,1,3,46.7,0.01,0
46,Specialty,West,Medicare,10,1,5.54,3,10,0,3,65.1,0.05,0
89,Imaging,West,Private,17,0,6.52,6,9,1,3,70.7,0.05,0
21,Primary Care,Central,Private,8,3,6.9,1,13,1,2,65.5,0.02,1
81,Primary Care,East,Private,30,0,4.11,0,17,0,2,48.5,0.27,0
67,Imaging,West,Private,5,0,1.47,6,8,0,3,46.5,0.03,0
38,Primary Care,West,Medicare,11,1,5.77,4,12,1,3,70.1,0.13,0
74,Primary Care,East,Private,15,0,6.56,0,11,0,1,79.5,0.16,0
78,Lab,Central,Medicare,3,0,5.38,2,14,0,5,73.0,0.05,0
21,Lab,South,Medicare,17,2,6.68,6,15,0,1,92.4,0.06,1
25,Specialty,South,Medicare,30,0,8.17,6,16,0,3,69.5,0.03,0
65,Primary Care,West,Medicare,9,1,5.94,3,10,1,4,73.8,0.04,0
89,Primary Care,South,Medicare,18,0,4.07,0,10,1,2,69.7,0.01,0
19,Lab,Central,Private,0,0,6.71,4,12,1,3,60.6,0.19,0
65,Primary Care,South,Private,14,0,8.64,0,9,0,0,68.0,0.21,1
27,Telehealth,East,Medicare,11,0,7.17,2,12,1,0,80.1,0.02,0
64,Imaging,West,Private,6,1,25.19,2,10,0,2,80.5,0.18,0
62,Primary Care,Central,Private,25,0,9.1,5,11,0,3,74.3,0.2,0
24,Specialty,West,Private,11,1,6.93,4,15,1,4,89.0,0.57,0
67,Telehealth,North,Private,12,0,3.58,3,9,1,4,75.5,0.01,0
82,Lab,South,Private,10,1,3.65,0,11,1,0,73.9,0.01,1
80,Specialty,Central,Medicare,0,0,5.39,0,14,1,4,88.0,0.06,0
20,Primary Care,Central,Medicare,3,1,5.53,5,12,1,1,61.4,0.16,1
35,Imaging,West,Medicare,24,0,5.36,4,16,1,4,87.1,0.23,1
35,Imaging,West,Private,0,0,9.38,2,8,1,2,58.3,0.15,0
50,Specialty,South,Medicaid,6,0,14.07,5,12,1,7,66.8,0.03,0
28,Primary Care,East,Private,10,0,11.29,6,8,1,2,48.0,0.1,0
79,Telehealth,East,Medicare,31,1,10.38,0,8,1,2,73.0,0.0,0
73,Specialty,North,Private,22,1,3.24,6,12,1,3,85.9,0.39,0
76,Primary Care,North,Private,8,1,15.52,1,10,1,2,58.7,0.1,0
32,Primary Care,West,Medicaid,27,0,3.51,5,9,1,1,66.6,0.07,1
19,Primary Care,East,Private,7,0,8.49,4,17,1,6,67.3,0.28,1
83,Specialty,South,Private,24,0,9.94,5,15,1,2,67.4,0.28,0
38,Primary Care,Central,Private,0,2,15.82,0,12,1,2,57.4,0.06,1
65,Specialty,South,Self-pay,25,0,22.23,4,17,1,2,70.5,0.22,1
83,Primary Care,West,Self-pay,10,1,5.21,6,8,1,3,88.8,0.02,1
20,Primary Care,Central,Medicare,4,1,7.98,5,17,1,1,64.0,0.13,0
18,Primary Care,Central,Private,12,1,14.86,5,16,0,4,72.8,0.15,0
18,Primary Care,Central,Private,17,1,23.5,1,12,1,3,72.7,0.27,1
29,Primary Care,Central,Medicaid,9,0,5.67,1,15,0,3,65.3,0.19,0
21,Primary Care,East,Private,20,1,3.39,5,10,0,3,73.3,0.03,0
77,Imaging,West,Private,8,0,2.01,2,17,1,1,65.4,0.05,0
61,Specialty,Central,Medicaid,20,0,1.27,3,12,1,2,75.0,0.04,1
88,Imaging,East,Private,18,0,3.9,1,10,0,2,69.2,0.01,0
75,Primary Care,West,Medicaid,13,2,12.91,5,9,1,4,53.1,0.03,0
87,Specialty,North,Medicaid,10,2,13.43,3,14,0,2,48.4,0.0,1
35,Primary Care,East,Medicaid,16,0,9.09,3,17,1,2,44.3,0.2,0
38,Specialty,North,Medicare,20,0,5.47,6,14,1,0,65.1,0.16,1
79,Specialty,West,Private,35,0,9.4,4,14,1,1,80.0,0.1,0
35,Imaging,South,Medicare,23,0,7.25,3,15,1,0,61.2,0.04,0
22,Specialty,South,Medicaid,24,1,5.68,2,10,1,0,67.0,0.06,1
66,Primary Care,South,Medicaid,45,0,8.79,4,11,1,3,62.2,0.08,1
75,Primary Care,West,Medicaid,19,1,5.29,2,15,1,7,60.0,0.1,1
87,Telehealth,Central,Self-pay,19,0,8.76,1,14,1,3,96.4,0.07,1
84,Primary Care,North,Medicare,21,2,9.78,2,10,1,3,60.4,0.11,0
26,Primary Care,North,Self-pay,4,2,11.52,2,8,1,1,53.8,0.09,0
73,Primary Care,West,Private,10,0,1.54,5,15,1,1,59.3,0.33,0
78,Telehealth,East,Self-pay,9,2,15.66,3,16,1,6,70.9,0.19,0
68,Telehealth,South,Medicaid,20,2,6.56,1,12,1,1,63.1,0.06,0
77,Primary Care,West,Private,12,1,22.39,1,16,1,0,73.4,0.69,0
78,Primary Care,Central,Medicare,15,2,12.97,6,16,0,3,61.2,0.08,1
50,Imaging,South,Medicare,25,0,3.47,6,15,1,2,62.9,0.03,1
20,Primary Care,East,Medicaid,23,0,10.5,5,17,1,3,61.5,0.01,0
50,Primary Care,North,Private,12,1,14.89,5,17,1,5,68.9,0.02,0
32,Specialty,Central,Medicare,7,1,5.9,6,11,1,3,78.6,0.04,0
26,Specialty,Central,Medicare,25,0,3.25,4,16,1,3,79.8,0.14,0
26,Primary Care,East,Private,22,1,2.78,6,13,1,3,86.9,0.2,0
68,Imaging,Central,Self-pay,0,0,1.95,6,11,1,7,54.2,0.07,0
54,Imaging,South,Medicare,11,0,0.83,3,10,1,6,57.5,0.12,0
56,Specialty,West,Private,16,0,6.65,1,14,1,2,59.0,0.08,0
71,Primary Care,Central,Medicaid,22,0,2.92,6,16,1,4,70.0,0.12,0
57,Primary Care,Central,Private,23,0,4.23,5,10,1,5,57.1,0.12,0
63,Lab,West,Private,17,1,22.74,3,12,1,4,61.7,0.01,1
24,Primary Care,South,Private,20,0,9.81,6,16,1,2,78.2,0.05,0
79,Primary Care,North,Self-pay,15,0,3.38,0,17,1,2,82.8,0.11,1
50,Primary Care,South,Medicaid,7,0,29.76,5,12,0,3,78.3,0.07,0
29,Primary Care,Central,Medicare,11,1,8.71,0,16,1,1,73.8,0.12,0
76,Specialty,East,Private,14,0,28.07,0,16,0,4,62.0,0.14,1
70,Primary Care,East,Private,14,1,19.24,0,10,0,5,70.3,0.45,1
21,Imaging,North,Medicare,0,3,8.93,0,12,0,2,83.7,0.19,1
31,Primary Care,East,Medicare,10,1,6.61,1,9,0,2,77.9,0.02,0
19,Imaging,East,Private,15,3,12.79,2,8,1,1,80.6,0.03,1
37,Specialty,East,Private,11,1,8.39,2,14,1,3,81.4,0.01,0
25,Primary Care,South,Medicaid,12,1,4.94,2,8,1,2,66.1,0.05,0
69,Lab,North,Medicare,19,1,4.69,6,11,1,0,77.6,0.04,1
55,Telehealth,North,Private,3,0,14.22,3,9,1,7,65.4,0.46,1
88,Primary Care,Central,Self-pay,0,0,3.37,1,10,1,0,77.1,0.14,0
71,Imaging,West,Private,11,0,14.08,0,10,1,0,84.7,0.2,0
62,Specialty,West,Medicaid,22,1,7.4,6,13,0,4,88.6,0.38,1
54,Imaging,Central,Private,31,1,1.6,1,15,1,3,77.1,0.09,0
21,Primary Care,East,Self-pay,22,2,14.86,5,13,1,1,74.7,0.07,1
23,Primary Care,West,Private,0,0,3.45,5,15,1,1,86.7,0.29,0
62,Primary Care,East,Self-pay,12,0,3.87,6,13,1,3,59.6,0.22,0
18,Primary Care,North,Medicaid,17,0,6.12,1,14,1,3,87.4,0.08,1
21,Primary Care,South,Private,16,0,6.9,5,10,1,1,71.6,0.2,0
33,Lab,Central,Private,19,0,8.98,5,11,0,4,71.7,0.05,1
81,Primary Care,East,Medicaid,5,0,14.34,6,9,1,3,64.6,0.07,0
51,Primary Care,South,Private,15,0,14.01,4,13,1,5,55.9,0.04,0
69,Primary Care,Central,Private,18,0,4.58,0,9,1,2,87.7,0.2,0
47,Specialty,North,Medicare,22,1,4.7,3,14,1,4,74.8,0.01,1
30,Imaging,West,Private,6,0,13.3,3,15,0,2,65.6,0.05,1
44,Lab,West,Medicare,11,1,2.94,3,16,0,3,74.2,0.07,0
24,Specialty,South,Medicare,0,0,7.4,2,12,1,3,66.0,0.62,0
73,Primary Care,North,Private,8,0,18.3,5,17,1,4,49.5,0.21,0
31,Primary Care,East,Private,9,0,5.15,1,12,1,3,67.9,0.19,0
45,Telehealth,Central,Private,4,1,1.92,3,15,1,0,53.1,0.13,0
88,Primary Care,Central,Self-pay,16,0,3.45,3,17,1,2,72.9,0.05,0
60,Primary Care,Central,Private,13,1,3.65,4,13,0,3,89.0,0.3,0
51,Specialty,North,Medicare,0,0,3.21,3,17,0,3,62.3,0.01,0
57,Primary Care,South,Medicare,16,0,5.9,6,13,1,4,79.5,0.02,0
74,Primary Care,West,Medicaid,5,0,27.71,6,8,1,3,62.3,0.01,0
36,Telehealth,West,Private,19,1,10.3,3,12,1,1,69.8,0.04,1
63,Primary Care,North,Private,1,1,6.35,1,15,1,4,59.5,0.14,0
80,Primary Care,North,Medicare,14,0,6.77,5,14,0,1,77.4,0.05,0
59,Primary Care,North,Medicare,11,1,4.07,6,10,1,4,86.2,0.28,0
50,Primary Care,South,Medicaid,17,1,6.75,6,10,1,4,72.3,0.36,1
28,Telehealth,West,Private,15,0,17.76,1,15,0,2,76.4,0.2,0
35,Imaging,Central,Medicaid,11,0,7.59,0,15,0,2,76.4,0.02,1
86,Telehealth,North,Private,0,0,13.95,4,9,1,1,67.0,0.17,0
56,Lab,East,Medicare,0,1,12.7,2,12,1,1,85.7,0.03,0
39,Specialty,South,Medicare,8,1,26.87,2,9,1,1,63.8,0.03,1
48,Specialty,East,Private,14,1,12.54,0,10,1,2,51.1,0.18,0
59,Specialty,North,Self-pay,8,2,25.66,6,17,1,2,58.9,0.24,0
56,Imaging,South,Medicare,20,2,14.67,0,8,1,0,77.4,0.05,1
68,Imaging,South,Private,11,1,8.98,4,13,1,2,65.4,0.01,1
36,Specialty,West,Private,4,1,3.78,6,12,1,3,71.1,0.07,0
64,Specialty,West,Medicaid,11,1,13.9,0,11,1,2,67.1,0.22,0
49,Imaging,West,Medicaid,16,1,14.71,4,16,1,1,72.2,0.06,0
85,Primary Care,East,Private,17,1,14.98,6,16,1,0,83.1,0.07,0
29,Specialty,South,Private,33,1,0.32,2,8,1,4,88.3,0.1,0
28,Specialty,South,Medicare,7,0,5.04,2,10,1,2,58.4,0.0,0
51,Specialty,North,Private,13,0,10.21,4,10,0,3,81.2,0.2,0
54,Specialty,North,Private,18,1,5.36,6,8,1,3,72.4,0.43,1
67,Imaging,South,Private,14,1,4.67,3,13,1,3,55.3,0.08,0
47,Imaging,Central,Medicare,9,1,4.06,0,11,0,3,75.9,0.07,1
83,Primary Care,Central,Private,0,0,1.66,4,11,1,3,92.2,0.04,0
52,Primary Care,Central,Private,9,0,9.82,1,15,1,4,61.1,0.02,0
27,Primary Care,West,Private,3,0,4.41,6,17,1,4,67.3,0.4,0
26,Primary Care,West,Private,0,0,5.16,1,14,1,5,50.7,0.0,0
88,Primary Care,West,Self-pay,6,0,6.35,4,14,1,1,68.6,0.05,0
27,Imaging,West,Private,4,0,10.98,4,12,1,3,71.9,0.07,0
86,Imaging,South,Private,20,1,8.8,3,12,1,0,93.7,0.08,1
38,Primary Care,Central,Medicaid,20,1,8.51,5,13,1,2,58.8,0.08,0
24,Lab,Central,Self-pay,5,0,0.68,6,10,0,2,81.6,0.12,0
39,Primary Care,South,Medicaid,11,0,14.14,4,13,1,4,73.6,0.11,0
62,Imaging,East,Private,0,0,21.49,5,11,0,2,96.8,0.18,1
48,Specialty,Central,Medicare,9,0,8.34,0,11,0,4,72.1,0.12,0
74,Imaging,Central,Medicare,18,2,2.84,1,16,1,2,69.4,0.07,0
61,Primary Care,East,Medicaid,22,0,4.77,3,8,1,2,80.2,0.06,0
46,Primary Care,East,Private,7,0,2.96,0,16,0,1,75.9,0.04,1
63,Primary Care,South,Private,25,1,19.83,3,9,1,4,81.2,0.05,0
87,Imaging,South,Private,0,0,5.14,0,11,1,2,76.7,0.08,0
47,Telehealth,South,Medicare,2,0,8.62,2,15,1,0,52.3,0.02,0
29,Specialty,North,Private,21,0,6.15,0,17,1,3,76.3,0.17,0
47,Imaging,East,Medicare,31,1,10.63,2,16,1,1,76.0,0.18,0
78,Primary Care,East,Medicare,19,0,3.57,2,15,1,3,61.1,0.19,0
33,Imaging,Central,Medicaid,14,2,8.37,3,11,1,1,73.5,0.09,0
86,Lab,East,Self-pay,0,0,5.18,6,11,1,3,48.0,0.07,1
60,Primary Care,South,Medicare,0,1,15.44,3,11,1,0,73.1,0.08,0
61,Specialty,East,Private,15,0,0.77,1,16,1,2,78.2,0.02,0
40,Primary Care,Central,Medicaid,10,0,5.64,4,14,1,1,81.5,0.07,0
84,Primary Care,East,Private,3,0,14.44,6,8,1,1,78.4,0.01,1
20,Primary Care,East,Private,15,3,13.3,1,8,0,4,59.4,0.0,0
39,Imaging,North,Private,15,1,1.79,0,9,0,2,52.4,0.06,1
48,Imaging,North,Medicare,23,1,12.31,6,13,1,2,81.3,0.11,1
52,Primary Care,Central,Private,15,0,3.28,1,17,1,1,74.9,0.08,0
52,Telehealth,South,Private,26,0,4.18,5,12,1,4,75.9,0.52,0
28,Lab,South,Private,14,0,13.9,2,10,1,2,90.2,0.34,0
34,Specialty,North,Medicare,13,0,5.55,5,12,1,5,50.7,0.1,0
24,Telehealth,East,Medicare,25,0,1.66,4,15,1,4,91.6,0.0,0
59,Lab,West,Medicare,4,1,2.58,5,8,0,5,63.3,0.02,0
43,Primary Care,West,Private,42,0,7.46,5,14,0,4,79.9,0.04,0
58,Telehealth,Central,Medicaid,18,0,5.41,3,17,1,2,69.8,0.02,0
60,Specialty,South,Private,18,0,5.33,1,17,1,3,65.9,0.19,1
68,Primary Care,South,Private,19,1,10.49,6,9,1,2,51.9,0.03,1
57,Primary Care,Central,Medicare,33,0,9.18,1,17,1,4,61.9,0.04,0
64,Imaging,East,Medicare,22,0,5.72,2,9,1,2,75.6,0.02,1
60,Telehealth,Central,Medicaid,0,1,13.46,1,12,1,2,74.3,0.01,0
64,Specialty,West,Private,28,0,10.56,2,11,1,5,81.4,0.02,0
62,Specialty,South,Medicaid,11,0,8.78,1,14,0,2,61.7,0.0,0
40,Primary Care,Central,Private,15,2,4.74,5,15,1,2,79.0,0.01,0
35,Lab,South,Medicaid,1,0,14.94,3,14,1,2,70.8,0.17,0
74,Primary Care,West,Medicare,19,0,5.28,6,15,1,4,77.6,0.3,0
42,Specialty,South,Private,7,0,5.67,0,17,1,3,76.2,0.11,0
57,Specialty,East,Private,15,4,20.13,3,13,1,3,64.3,0.01,0
32,Primary Care,East,Private,11,1,3.44,4,13,1,3,73.0,0.22,1
49,Telehealth,South,Medicare,33,0,3.4,5,13,1,0,75.5,0.49,1
56,Telehealth,Central,Medicaid,34,1,5.84,5,10,1,1,79.4,0.35,1
63,Specialty,North,Medicaid,14,3,2.82,4,12,1,2,88.1,0.04,1
55,Imaging,East,Medicare,15,0,2.89,5,13,1,3,62.4,0.07,0
43,Lab,North,Medicaid,10,0,19.74,2,8,0,1,56.0,0.06,0
87,Primary Care,West,Medicaid,25,1,5.77,6,11,1,1,85.4,0.31,1
54,Primary Care,East,Self-pay,11,1,8.99,6,10,1,2,54.6,0.13,0
76,Imaging,East,Private,10,0,1.96,6,14,1,4,82.4,0.14,0
71,Specialty,West,Private,24,0,3.19,3,11,1,0,59.1,0.06,1
58,Imaging,Central,Self-pay,9,1,21.57,0,9,0,0,62.4,0.02,1
81,Specialty,Central,Medicare,14,1,2.84,5,13,0,5,69.1,0.12,0
27,Imaging,Central,Private,0,0,9.2,2,12,0,0,52.6,0.28,1
84,Primary Care,South,Private,21,0,0.28,5,14,1,2,58.4,0.17,0
79,Primary Care,West,Private,33,0,1.82,0,15,1,0,49.9,0.5,1
54,Primary Care,North,Private,21,0,5.7,0,17,1,2,78.0,0.1,1
70,Primary Care,North,Private,29,1,13.18,2,14,0,2,69.9,0.13,0
55,Imaging,East,Medicare,6,0,7.15,6,13,0,5,70.2,0.06,0
37,Lab,East,Medicare,16,1,6.1,0,10,1,4,69.3,0.11,0
75,Primary Care,East,Medicare,5,0,11.17,1,14,1,1,69.8,0.06,1
35,Specialty,East,Private,12,0,8.28,3,12,1,0,64.2,0.07,0
40,Primary Care,West,Private,22,1,1.35,5,17,1,3,81.5,0.05,1
55,Specialty,Central,Private,15,1,6.8,1,14,1,2,48.8,0.44,0
78,Telehealth,North,Private,0,0,4.82,5,10,1,1,52.7,0.0,0
45,Primary Care,South,Medicaid,1,1,5.93,3,17,1,4,86.3,0.0,0
53,Imaging,North,Private,0,0,4.71,5,12,1,0,73.2,0.0,0
20,Primary Care,South,Private,19,1,6.87,5,14,1,2,45.7,0.22,0
26,Primary Care,Central,Medicare,35,2,9.43,6,15,1,3,73.8,0.04,0
22,Imaging,North,Medicare,28,1,2.21,0,14,0,1,50.9,0.07,1
23,Imaging,South,Private,0,3,3.94,4,13,1,4,85.6,0.08,1
80,Specialty,East,Medicaid,28,2,10.91,3,15,0,1,81.0,0.03,1
78,Lab,South,Private,23,1,11.89,2,16,0,2,95.2,0.38,1
77,Lab,East,Private,0,1,17.88,5,9,1,1,66.4,0.05,1
22,Specialty,Central,Private,11,0,7.26,4,13,1,0,55.4,0.09,0
23,Primary Care,West,Medicare,25,3,3.75,3,14,1,2,63.5,0.07,1
38,Primary Care,East,Medicare,20,0,4.0,4,17,1,4,63.8,0.05,1
58,Specialty,West,Medicaid,1,0,7.09,4,13,1,1,74.6,0.14,0
42,Imaging,Central,Medicare,20,0,3.18,2,9,1,2,48.0,0.1,0
53,Primary Care,South,Private,0,1,17.06,2,15,1,2,69.9,0.16,0
30,Primary Care,West,Medicare,12,0,4.69,1,16,1,3,57.8,0.1,0
70,Primary Care,West,Private,25,0,15.47,2,16,1,2,63.8,0.01,0
40,Primary Care,West,Medicare,14,0,2.82,3,10,1,3,86.6,0.13,0
22,Specialty,North,Private,9,2,5.95,1,9,1,3,82.0,0.08,0
71,Lab,West,Private,23,0,5.26,6,8,1,2,78.8,0.0,0
83,Imaging,Central,Medicare,24,0,1.91,4,12,1,5,77.6,0.11,1
19,Telehealth,West,Medicare,27,0,5.59,4,9,0,1,66.8,0.03,0
49,Imaging,South,Medicaid,23,2,8.26,4,15,1,4,69.4,0.01,1
77,Primary Care,North,Medicaid,25,1,0.7,6,13,1,4,51.1,0.15,1
68,Imaging,West,Private,21,0,10.06,5,11,0,2,55.2,0.09,1
79,Lab,West,Private,17,1,8.78,3,10,1,3,71.5,0.2,0
47,Imaging,Central,Private,15,0,6.75,2,12,1,3,56.6,0.04,0
44,Specialty,East,Private,12,2,11.52,6,9,0,2,78.3,0.09,1
69,Specialty,South,Private,2,1,12.08,4,12,1,0,69.4,0.21,0
29,Primary Care,Central,Private,4,1,34.05,5,14,1,2,66.4,0.1,0
35,Primary Care,West,Medicare,11,1,1.81,0,12,0,5,62.7,0.11,1
61,Primary Care,East,Private,16,2,18.77,2,12,1,3,75.4,0.12,0
66,Primary Care,West,Private,28,1,13.63,1,16,0,3,78.1,0.06,1
26,Lab,South,Private,14,1,8.78,3,11,0,4,59.4,0.05,0
54,Primary Care,South,Medicaid,24,0,2.86,3,9,1,2,63.7,0.12,0
44,Primary Care,North,Private,25,1,4.96,6,13,1,3,67.7,0.24,0
54,Imaging,South,Medicaid,12,0,4.41,0,9,1,2,73.9,0.01,1
87,Lab,West,Medicaid,20,0,6.23,6,16,1,3,73.7,0.08,0
23,Specialty,South,Medicaid,12,0,11.21,5,9,1,2,68.8,0.21,0
89,Primary Care,Central,Medicare,27,0,16.44,2,15,0,2,78.5,0.33,0
50,Specialty,South,Medicaid,20,1,22.4,1,12,1,4,68.4,0.28,1
73,Imaging,West,Private,2,0,4.99,5,12,1,2,53.2,0.0,0
48,Lab,East,Medicare,16,0,7.79,0,16,0,3,86.0,0.36,1
40,Primary Care,South,Private,30,1,3.37,6,16,0,3,81.8,0.13,0
73,Telehealth,East,Private,12,1,14.07,6,9,1,2,53.5,0.38,1
67,Imaging,Central,Self-pay,18,0,9.19,1,16,1,2,72.1,0.14,1
28,Imaging,Central,Medicare,19,1,5.79,3,11,1,1,85.6,0.38,1
68,Primary Care,South,Private,4,0,1.7,3,11,1,1,66.3,0.36,0
72,Telehealth,East,Private,19,0,7.87,5,16,1,3,79.3,0.13,0
45,Specialty,North,Private,0,1,8.49,5,9,0,3,83.3,0.03,1
84,Primary Care,East,Medicaid,8,1,1.21,6,12,1,1,73.2,0.02,0
64,Primary Care,South,Medicaid,25,0,2.24,0,9,0,3,95.7,0.06,0
42,Primary Care,Central,Private,18,2,7.73,5,13,1,3,77.8,0.03,0
18,Primary Care,West,Private,11,1,21.11,5,14,1,4,71.2,0.03,0
66,Primary Care,South,Private,18,0,15.08,5,13,0,6,68.0,0.01,1
33,Primary Care,Central,Medicare,13,1,5.92,1,17,0,3,69.4,0.05,0
72,Specialty,West,Medicare,14,0,5.24,5,15,1,1,63.2,0.22,0
55,Imaging,North,Medicaid,21,2,3.84,3,8,1,4,56.6,0.08,1
51,Imaging,Central,Medicare,7,0,3.51,1,10,1,1,59.2,0.08,0
29,Specialty,East,Private,14,0,5.55,2,12,1,6,68.3,0.08,0
69,Primary Care,East,Private,11,0,25.35,2,12,0,1,79.6,0.04,0
29,Specialty,South,Private,0,1,5.21,5,9,1,3,73.9,0.0,0
48,Imaging,South,Medicare,5,1,6.88,1,13,0,3,72.0,0.06,1
78,Imaging,North,Medicare,30,2,2.4,1,13,1,2,95.4,0.0,0
84,Primary Care,Central,Self-pay,18,2,10.34,2,12,1,2,90.2,0.04,0
89,Telehealth,South,Private,1,2,6.79,3,16,1,5,59.0,0.41,1
86,Imaging,East,Self-pay,0,0,4.97,6,11,1,3,78.5,0.11,0
58,Lab,Central,Private,13,1,2.96,1,15,1,2,55.8,0.19,0
32,Imaging,Central,Private,30,0,3.66,6,14,1,5,73.2,0.03,0
78,Primary Care,Central,Private,12,0,4.71,0,17,1,2,53.5,0.02,0
75,Telehealth,Central,Private,27,0,4.95,3,14,1,4,62.7,0.12,0
89,Telehealth,Central,Private,18,0,2.93,5,12,1,0,77.5,0.02,0
64,Lab,Central,Private,19,0,6.32,2,8,1,1,64.5,0.22,0
28,Lab,East,Medicare,1,1,8.01,1,14,1,4,57.1,0.17,0
54,Telehealth,North,Medicaid,23,0,11.66,4,13,0,3,61.7,0.0,0
50,Imaging,South,Medicaid,11,2,20.34,1,16,0,6,58.7,0.15,0
78,Primary Care,East,Medicaid,23,0,1.17,0,13,1,1,74.9,0.16,0
46,Specialty,South,Medicaid,6,1,8.9,0,14,0,4,84.4,0.12,1
41,Specialty,South,Self-pay,16,1,5.41,3,17,1,2,67.6,0.05,0
23,Imaging,North,Private,18,1,0.82,3,17,0,4,82.4,0.41,1
78,Specialty,East,Self-pay,12,1,4.08,0,10,0,4,63.1,0.16,0
72,Specialty,South,Private,18,1,10.82,1,10,1,2,68.8,0.02,0
20,Telehealth,South,Private,11,1,9.85,5,15,0,1,91.4,0.08,0
49,Specialty,West,Medicare,8,0,7.46,3,9,0,2,67.9,0.06,1
52,Primary Care,South,Private,30,0,3.74,4,16,1,1,82.8,0.2,0
51,Imaging,East,Private,24,1,16.85,5,9,1,3,61.4,0.18,1
84,Primary Care,South,Private,6,0,2.61,6,11,1,0,69.8,0.06,0
28,Primary Care,West,Medicaid,20,0,5.03,0,16,1,2,59.7,0.12,1
40,Specialty,Central,Medicaid,7,1,5.77,3,9,0,4,70.8,0.03,0
31,Telehealth,North,Private,2,0,6.42,1,8,1,4,72.9,0.12,0
35,Primary Care,Central,Private,24,0,28.5,4,15,1,0,79.1,0.03,0
83,Primary Care,Central,Medicare,0,0,19.23,2,16,1,3,63.1,0.19,0
85,Specialty,Central,Private,23,2,9.62,1,15,1,1,68.0,0.38,1
21,Imaging,Central,Private,11,0,6.83,6,12,1,2,84.3,0.03,0
63,Primary Care,East,Private,12,1,6.77,3,15,0,4,55.5,0.02,0
34,Specialty,North,Medicare,18,1,11.38,0,14,1,1,40.3,0.13,0
31,Imaging,North,Private,20,0,14.72,1,11,1,5,62.2,0.0,0
39,Telehealth,South,Private,6,1,2.56,5,15,1,3,77.3,0.19,0
31,Primary Care,East,Private,21,1,20.47,3,9,1,3,71.0,0.41,1
53,Specialty,Central,Medicare,15,0,9.29,6,12,0,4,58.5,0.1,0
89,Imaging,North,Private,1,0,4.39,0,16,0,4,70.9,0.51,1
60,Primary Care,East,Medicare,12,2,6.13,0,9,1,4,65.6,0.03,0
70,Lab,Central,Medicaid,28,0,9.65,4,12,1,2,51.2,0.11,1
53,Primary Care,North,Private,31,1,9.98,2,14,0,1,65.9,0.09,0
19,Primary Care,North,Private,21,1,2.97,6,13,1,2,78.9,0.2,1
24,Primary Care,South,Private,2,0,6.57,5,17,1,3,66.7,0.04,1
37,Primary Care,South,Self-pay,19,1,7.99,0,14,0,1,51.8,0.07,0
35,Imaging,East,Medicare,23,0,14.87,6,8,0,3,90.7,0.03,1
78,Imaging,East,Medicaid,21,1,15.97,6,17,1,3,58.1,0.03,0
78,Imaging,West,Medicaid,22,1,2.28,1,10,1,2,74.5,0.09,1
79,Imaging,North,Self-pay,18,1,7.09,4,13,1,3,80.0,0.17,1
63,Primary Care,West,Medicaid,13,0,4.2,4,16,1,3,75.1,0.07,0
58,Telehealth,South,Private,8,0,9.49,0,14,1,3,67.2,0.03,0
64,Lab,East,Medicare,0,0,27.57,5,8,0,4,48.2,0.05,1
47,Primary Care,North,Self-pay,17,0,13.7,6,11,0,7,84.1,0.01,0
66,Imaging,Central,Medicare,16,1,10.09,2,8,0,3,56.0,0.04,0
75,Lab,West,Medicaid,20,1,12.14,6,12,1,2,81.7,0.21,1
72,Specialty,South,Medicaid,1,0,18.32,4,16,0,0,83.3,0.25,0
62,Primary Care,West,Medicare,20,0,12.87,5,10,1,0,55.3,0.01,0
22,Primary Care,East,Medicare,35,0,2.67,3,15,0,1,55.2,0.01,1
70,Telehealth,Central,Medicare,15,0,21.5,4,8,1,4,65.3,0.02,0
44,Imaging,Central,Private,13,2,7.62,6,10,1,2,81.0,0.08,0
71,Imaging,North,Private,17,0,9.22,4,13,1,3,62.8,0.03,1
56,Telehealth,East,Medicare,34,0,15.96,3,17,1,1,71.1,0.05,0
81,Primary Care,South,Self-pay,4,0,26.69,1,14,0,3,64.0,0.14,0
42,Telehealth,West,Medicaid,16,1,5.01,3,15,0,4,79.4,0.23,1
85,Specialty,North,Private,6,0,15.37,6,15,1,2,62.4,0.69,1
78,Imaging,East,Medicaid,9,1,4.77,4,9,1,3,61.4,0.01,0
41,Primary Care,Central,Private,14,0,8.68,5,17,1,2,57.6,0.06,0
52,Primary Care,East,Medicare,27,1,1.92,1,12,1,1,57.2,0.15,0
56,Primary Care,Central,Self-pay,32,0,4.79,5,11,0,3,82.8,0.03,0
73,Primary Care,North,Self-pay,18,0,8.36,3,16,0,3,65.7,0.23,1
67,Primary Care,Central,Medicare,10,0,10.48,3,12,0,3,58.6,0.23,1
79,Primary Care,Central,Medicare,39,1,10.07,0,14,1,4,49.9,0.14,0
44,Imaging,East,Private,10,1,14.06,6,11,0,2,66.8,0.02,1
54,Telehealth,North,Medicaid,8,2,5.37,4,13,1,2,60.1,0.01,0
49,Primary Care,East,Private,0,2,6.64,2,9,1,2,57.9,0.05,0
83,Primary Care,West,Private,28,0,6.89,3,12,1,3,60.7,0.17,1
39,Specialty,North,Medicaid,24,1,5.69,6,12,1,2,71.5,0.03,1
60,Imaging,Central,Private,38,2,3.44,5,10,1,3,56.1,0.09,0
26,Specialty,Central,Medicare,0,2,7.66,2,17,1,1,66.3,0.13,1
79,Telehealth,Central,Private,29,0,12.52,5,14,0,1,80.6,0.15,1
45,Primary Care,South,Private,15,0,9.08,0,16,1,1,63.4,0.04,0
42,Specialty,East,Private,22,0,5.15,3,9,1,3,57.2,0.27,0
59,Telehealth,South,Private,0,0,7.77,3,12,0,2,82.7,0.0,0
53,Specialty,South,Private,29,1,4.9,4,16,1,2,68.9,0.11,1
79,Specialty,North,Medicare,22,1,10.67,0,9,1,3,67.9,0.05,0
56,Telehealth,North,Medicare,14,1,12.81,2,10,0,5,76.3,0.05,0
55,Primary Care,West,Private,20,1,13.02,1,17,1,2,69.0,0.28,0
25,Primary Care,North,Medicaid,6,1,6.13,2,9,1,1,70.8,0.0,0
19,Primary Care,North,Medicaid,8,1,4.98,4,12,1,4,51.1,0.24,0
46,Lab,East,Medicare,9,1,14.06,0,8,1,3,59.9,0.09,0
89,Lab,West,Medicare,0,0,5.77,5,11,1,2,92.3,0.17,0
84,Primary Care,Central,Medicare,23,1,7.68,0,16,1,4,57.5,0.22,1
63,Specialty,West,Private,26,2,9.02,3,11,1,2,70.8,0.03,1
63,Specialty,South,Private,7,0,7.22,5,12,0,3,90.9,0.15,0
46,Primary Care,East,Private,17,0,11.74,6,17,0,3,78.2,0.04,0
30,Lab,West,Medicaid,11,2,2.14,6,11,0,7,73.5,0.48,1
18,Primary Care,South,Private,17,0,9.99,3,14,1,2,60.4,0.15,0
42,Lab,North,Self-pay,8,0,3.86,3,13,1,4,62.5,0.12,0
40,Imaging,Central,Private,5,1,5.3,6,15,0,2,66.3,0.1,1
31,Primary Care,North,Private,25,0,8.23,0,13,1,3,74.0,0.03,0
36,Imaging,South,Private,13,1,1.65,6,16,1,2,85.3,0.06,0
19,Imaging,South,Medicaid,34,0,6.38,0,16,1,4,71.4,0.13,0
61,Primary Care,Central,Private,14,2,5.59,0,17,1,2,63.1,0.21,0
84,Primary Care,East,Medicare,5,1,6.64,0,11,1,3,68.8,0.21,0
67,Lab,Central,Medicare,26,1,5.35,1,9,1,1,76.2,0.15,1
50,Imaging,Central,Private,20,1,7.72,6,9,1,1,74.0,0.05,0
48,Imaging,Central,Medicaid,21,2,4.76,1,15,1,0,67.0,0.16,1
40,Primary Care,North,Medicaid,26,0,7.02,3,16,1,3,56.6,0.01,0
28,Imaging,South,Medicare,7,1,8.21,5,10,0,2,82.9,0.13,0
61,Imaging,Central,Private,13,1,14.4,6,12,1,6,66.9,0.11,0
58,Primary Care,Central,Medicaid,12,0,16.53,3,8,0,2,72.9,0.05,1
18,Primary Care,Central,Medicare,1,0,2.31,2,13,1,4,61.9,0.01,0
47,Specialty,Central,Medicaid,11,1,15.14,3,15,1,4,61.6,0.03,0
38,Imaging,West,Private,27,1,3.43,4,9,1,2,76.0,0.14,1
30,Primary Care,East,Medicaid,16,0,7.06,2,17,0,1,54.8,0.01,0
68,Lab,East,Medicaid,1,0,1.76,4,16,1,2,56.0,0.33,0
55,Primary Care,East,Private,0,0,1.01,5,17,1,4,88.1,0.16,0
63,Lab,North,Medicare,31,1,26.52,0,17,1,6,79.9,0.45,1
69,Primary Care,South,Private,13,1,7.2,5,8,1,1,75.0,0.12,1
88,Imaging,North,Private,8,0,6.08,4,12,1,3,57.1,0.17,1
75,Specialty,North,Medicare,11,0,8.9,0,12,1,2,72.6,0.03,1
62,Imaging,South,Private,0,1,6.19,5,8,1,2,69.1,0.04,0
81,Telehealth,West,Private,28,1,12.7,3,17,1,5,64.7,0.01,1
52,Primary Care,West,Medicare,10,1,8.55,0,8,1,1,68.9,0.01,0
88,Primary Care,East,Self-pay,28,1,11.34,0,14,0,0,52.8,0.03,1
72,Primary Care,West,Private,15,1,3.89,0,11,1,3,45.2,0.01,0
64,Specialty,East,Private,28,1,2.01,2,13,0,3,73.6,0.15,0
83,Lab,East,Private,17,1,13.68,3,12,1,2,71.9,0.01,0
55,Primary Care,East,Private,23,1,9.18,1,10,1,1,73.0,0.03,0
69,Imaging,North,Self-pay,21,0,2.67,6,12,1,3,79.2,0.09,1
38,Specialty,West,Private,20,1,2.71,0,15,1,0,76.1,0.02,0
87,Telehealth,Central,Medicare,17,0,7.84,6,13,1,3,87.8,0.12,0
62,Primary Care,South,Private,12,3,10.74,1,10,1,2,84.2,0.04,1
74,Telehealth,Central,Self-pay,33,0,3.4,0,10,1,5,70.7,0.29,0
51,Specialty,South,Private,5,1,18.9,3,14,0,3,71.9,0.03,0
80,Telehealth,East,Self-pay,14,1,11.71,5,10,0,2,72.7,0.09,0
23,Specialty,Central,Medicare,14,2,14.33,4,13,1,2,51.6,0.18,1
26,Primary Care,West,Self-pay,18,0,7.69,5,17,0,0,81.0,0.11,0
54,Lab,East,Medicare,10,0,7.23,3,13,1,2,77.0,0.02,0
70,Specialty,West,Medicaid,17,0,2.46,6,10,1,2,50.1,0.15,0
76,Primary Care,North,Private,12,1,3.92,5,14,1,3,88.6,0.04,0
49,Specialty,West,Medicare,0,0,6.59,0,17,0,2,64.9,0.08,1
64,Lab,West,Medicare,14,0,9.34,3,14,1,5,68.5,0.14,0
57,Imaging,North,Medicare,3,1,8.2,6,13,1,2,68.3,0.08,0
87,Primary Care,North,Medicare,0,0,1.21,5,14,1,1,67.9,0.11,0
65,Lab,Central,Private,15,1,3.24,5,8,0,0,98.7,0.08,1
48,Specialty,North,Medicaid,19,0,8.58,5,8,0,2,66.9,0.18,0
87,Primary Care,Central,Private,19,1,9.51,4,13,0,1,66.1,0.17,1
25,Primary Care,South,Private,20,2,5.28,2,12,1,1,70.2,0.05,1
88,Primary Care,East,Medicare,0,0,11.03,0,17,0,2,59.8,0.04,1
29,Imaging,East,Medicaid,0,0,10.92,2,12,0,4,73.5,0.05,0
38,Primary Care,West,Private,34,0,25.38,1,16,1,4,60.1,0.24,1
77,Primary Care,East,Private,4,0,7.27,5,14,1,1,76.0,0.35,1
70,Primary Care,South,Medicare,20,0,5.13,2,11,1,3,57.5,0.11,0
87,Lab,East,Medicaid,7,1,3.42,2,16,1,3,63.0,0.01,0
71,Specialty,West,Private,15,0,2.18,6,8,1,3,57.9,0.41,0
63,Specialty,East,Private,8,2,10.61,1,14,0,5,63.6,0.61,1
42,Imaging,East,Medicaid,20,2,9.81,5,12,1,1,48.6,0.02,1
18,Primary Care,South,Private,15,0,2.44,2,15,1,1,40.7,0.03,1
26,Lab,South,Medicaid,10,2,10.66,6,8,1,2,66.1,0.04,0
39,Primary Care,South,Medicaid,3,1,8.0,6,10,1,3,51.6,0.01,1
20,Primary Care,South,Medicaid,17,0,5.73,2,10,1,0,90.8,0.04,0
54,Primary Care,Central,Private,2,1,1.1,5,13,1,2,65.7,0.08,0
73,Primary Care,Central,Private,18,1,9.74,6,17,1,0,78.5,0.03,1
87,Primary Care,North,Medicare,40,1,20.61,4,17,1,2,73.7,0.05,1
53,Imaging,South,Private,28,1,3.8,6,14,1,6,57.2,0.08,0
81,Primary Care,Central,Private,21,1,8.01,4,9,1,4,65.0,0.17,1
88,Primary Care,South,Private,13,1,10.29,0,15,1,1,78.9,0.06,1
79,Imaging,East,Private,0,0,0.62,4,16,1,2,78.1,0.01,0
51,Imaging,West,Private,1,0,3.3,1,13,1,1,80.4,0.04,0
41,Telehealth,South,Private,27,0,1.87,4,8,1,4,62.1,0.02,0
88,Primary Care,East,Private,6,0,20.53,5,9,1,0,77.0,0.21,0
35,Lab,Central,Medicare,7,2,0.58,1,16,1,2,62.7,0.11,0
47,Imaging,East,Private,12,2,5.71,4,9,1,1,82.1,0.06,0
23,Specialty,West,Medicare,3,0,8.66,3,11,1,1,81.8,0.13,0
75,Primary Care,South,Medicaid,2,0,3.78,1,15,1,5,53.5,0.45,0
64,Specialty,South,Medicare,13,1,0.74,5,9,0,0,73.3,0.03,0
24,Primary Care,Central,Medicaid,5,0,5.9,5,12,1,1,56.9,0.02,0
33,Imaging,Central,Self-pay,7,1,3.72,0,14,1,5,79.9,0.05,1
57,Imaging,Central,Private,6,1,9.35,2,12,1,2,56.5,0.11,0
56,Primary Care,North,Private,19,5,11.83,0,16,1,2,73.9,0.58,1
75,Primary Care,Central,Medicaid,12,2,2.46,4,9,0,2,78.9,0.67,1
37,Telehealth,North,Medicaid,12,0,4.06,6,13,1,2,70.8,0.05,0
84,Specialty,West,Private,20,0,4.23,6,11,1,2,80.3,0.16,0
50,Specialty,West,Self-pay,13,1,11.72,2,13,1,1,73.5,0.04,1
77,Telehealth,East,Medicaid,11,0,7.37,1,9,1,0,88.8,0.0,0
35,Primary Care,East,Medicaid,19,0,2.55,2,14,0,3,56.8,0.03,1
20,Specialty,West,Private,21,1,14.32,0,10,1,2,65.4,0.2,0
21,Imaging,Central,Medicare,13,1,3.77,2,16,1,2,47.0,0.08,0
44,Primary Care,South,Private,15,0,4.65,4,16,1,3,66.4,0.03,0
86,Primary Care,North,Private,6,0,3.12,0,11,1,2,55.8,0.06,0
21,Lab,West,Private,5,2,7.79,5,15,1,2,53.4,0.28,0
44,Primary Care,South,Private,22,0,5.28,5,13,0,5,51.3,0.14,1
25,Primary Care,South,Medicaid,18,0,17.21,2,16,0,3,64.3,0.07,0
85,Primary Care,South,Medicare,19,0,7.44,5,17,0,2,73.0,0.06,0
66,Imaging,South,Medicare,17,1,3.29,3,16,0,1,75.7,0.04,0
72,Specialty,East,Private,14,1,6.86,6,10,1,2,82.0,0.14,0
69,Primary Care,Central,Self-pay,21,0,18.84,3,13,0,4,81.3,0.14,0
65,Specialty,Central,Self-pay,23,0,2.29,4,8,1,2,56.5,0.12,0
73,Specialty,East,Medicare,23,0,9.74,5,11,1,2,61.1,0.0,0
18,Imaging,North,Private,13,0,1.12,1,11,1,2,72.3,0.39,1
80,Lab,West,Private,28,0,16.41,4,12,1,2,72.5,0.09,0
71,Primary Care,East,Medicare,16,0,4.75,5,16,1,1,86.6,0.31,0
71,Imaging,Central,Medicaid,20,1,3.21,1,8,1,3,66.5,0.34,0
46,Imaging,East,Self-pay,17,0,18.08,5,12,1,3,79.2,0.27,0
75,Imaging,West,Private,16,0,6.52,1,16,0,5,68.3,0.21,0
45,Specialty,South,Private,7,3,6.71,4,10,1,3,74.3,0.08,1
21,Primary Care,Central,Private,21,1,4.8,2,16,1,1,74.7,0.0,0
83,Imaging,Central,Private,42,2,4.98,4,8,1,5,69.7,0.06,1
34,Specialty,South,Medicare,10,0,0.99,1,13,1,3,58.3,0.08,0
25,Specialty,Central,Medicare,15,0,9.64,5,17,0,3,73.3,0.02,0
62,Primary Care,North,Medicaid,10,0,1.88,0,11,0,2,77.7,0.06,1
34,Primary Care,North,Private,9,1,13.01,2,14,1,3,71.3,0.01,0
79,Primary Care,Central,Private,29,2,2.7,5,9,1,1,36.8,0.15,1
49,Primary Care,West,Medicare,7,0,7.18,0,12,1,2,67.9,0.17,0
18,Primary Care,North,Medicaid,9,1,4.17,5,8,1,2,78.1,0.21,0
86,Primary Care,North,Medicaid,0,0,4.8,2,9,0,3,58.2,0.01,1
55,Primary Care,North,Medicaid,6,0,5.58,1,11,1,4,82.8,0.08,0
36,Primary Care,North,Medicare,0,2,8.59,5,17,0,4,62.6,0.1,0
66,Telehealth,East,Private,20,0,17.74,5,17,0,3,66.2,0.02,1
56,Specialty,North,Medicaid,42,1,4.71,6,8,1,0,72.5,0.36,1
20,Primary Care,East,Self-pay,10,0,0.79,3,8,0,2,58.9,0.09,1
72,Imaging,West,Private,0,1,15.24,1,14,0,0,80.9,0.07,1
46,Specialty,West,Private,23,0,10.69,4,17,0,4,85.2,0.13,0
68,Primary Care,Central,Private,7,1,2.61,4,13,0,2,56.8,0.13,0
82,Specialty,North,Medicare,27,0,2.19,6,13,1,2,67.8,0.13,0
61,Primary Care,North,Medicare,11,0,8.88,5,14,1,1,92.7,0.08,0
66,Specialty,North,Private,8,1,7.79,2,12,1,4,83.2,0.01,0
36,Primary Care,South,Private,12,2,20.71,3,15,1,3,50.6,0.03,0
35,Specialty,East,Medicare,22,2,9.7,4,9,1,2,84.0,0.21,1
47,Primary Care,North,Private,12,2,3.96,5,8,0,3,28.9,0.04,0
79,Primary Care,West,Private,9,0,3.23,2,8,1,3,77.4,0.06,0
55,Imaging,Central,Medicare,12,1,7.01,1,10,1,2,59.7,0.13,0
43,Primary Care,South,Private,1,1,1.05,6,13,1,4,75.5,0.1,0
74,Primary Care,North,Private,18,0,1.53,6,10,1,4,73.0,0.54,1
79,Primary Care,Central,Private,0,0,2.32,2,13,1,3,71.6,0.12,0
82,Imaging,Central,Private,10,1,3.87,0,8,1,1,77.0,0.01,1
39,Specialty,North,Private,22,1,6.44,4,12,1,3,64.0,0.21,0
69,Lab,West,Private,17,0,10.16,0,9,1,2,62.8,0.08,1
60,Specialty,South,Private,20,0,15.85,1,10,1,5,81.2,0.23,0
50,Telehealth,West,Medicaid,13,0,13.85,3,14,1,5,70.1,0.36,0
46,Primary Care,West,Medicaid,26,1,12.4,2,8,1,3,63.2,0.09,0
26,Imaging,South,Private,23,0,4.65,0,15,1,1,67.9,0.0,1
37,Specialty,South,Medicare,18,0,3.31,2,10,0,2,66.8,0.04,0
57,Primary Care,West,Private,23,1,8.75,4,16,1,2,65.8,0.0,0
81,Imaging,West,Medicaid,22,0,9.15,5,15,1,1,75.3,0.08,0
80,Telehealth,Central,Private,10,1,2.55,5,17,1,2,59.6,0.22,0
31,Imaging,East,Private,1,0,5.55,2,14,0,3,88.2,0.07,0
66,Primary Care,Central,Private,18,1,3.08,4,12,1,3,72.7,0.2,0
24,Specialty,West,Private,19,1,1.47,2,9,1,4,48.0,0.08,0
66,Primary Care,West,Private,25,0,8.27,4,8,1,2,73.3,0.07,0
42,Specialty,South,Private,5,1,12.23,0,15,0,2,58.8,0.05,1
50,Primary Care,South,Medicare,5,0,19.46,2,14,1,0,69.7,0.33,0
69,Primary Care,East,Private,19,1,5.89,2,9,1,3,68.2,0.14,0
48,Primary Care,North,Private,13,0,1.18,4,8,1,2,78.1,0.21,1
76,Telehealth,North,Medicaid,0,0,21.77,1,15,1,2,78.0,0.12,0
56,Primary Care,North,Private,18,1,23.05,2,8,1,2,72.7,0.11,1
89,Primary Care,Central,Private,0,0,37.18,3,13,0,2,92.9,0.06,0
63,Primary Care,West,Medicare,5,0,27.76,4,11,1,3,61.3,0.06,1
39,Specialty,Central,Private,28,0,7.92,2,15,1,2,86.4,0.06,1
73,Primary Care,Central,Medicaid,32,0,6.67,6,8,1,5,86.7,0.07,0
47,Imaging,West,Private,2,1,11.35,6,8,1,1,74.0,0.04,0
56,Primary Care,East,Private,11,0,1.78,4,9,1,4,75.5,0.01,0
27,Primary Care,East,Medicaid,14,0,3.69,3,15,0,2,81.4,0.07,1
26,Primary Care,West,Medicaid,32,0,5.96,3,15,1,2,66.2,0.09,0
59,Primary Care,Central,Medicaid,9,0,14.2,0,15,0,3,63.9,0.0,1
31,Imaging,Central,Private,9,1,14.63,2,13,1,4,64.6,0.01,1
89,Primary Care,East,Medicare,29,1,6.22,5,9,1,4,73.5,0.18,0
79,Imaging,Central,Self-pay,10,2,1.97,4,10,0,4,64.4,0.33,1
68,Specialty,East,Private,21,0,12.08,0,9,1,2,61.3,0.01,0
70,Primary Care,East,Self-pay,0,1,1.84,0,9,1,5,57.6,0.07,1
60,Primary Care,South,Medicare,12,0,4.26,5,15,1,3,58.2,0.03,0
22,Specialty,North,Medicaid,0,1,7.87,5,12,1,0,62.3,0.09,0
46,Primary Care,South,Private,3,1,1.63,2,12,0,2,62.6,0.02,1
53,Specialty,West,Self-pay,22,0,3.49,6,9,1,2,71.3,0.61,1
83,Lab,North,Medicaid,14,0,13.38,0,14,1,2,60.7,0.0,0
33,Primary Care,Central,Medicaid,11,0,11.36,5,16,0,3,75.9,0.21,0
53,Primary Care,North,Self-pay,7,3,2.24,6,8,1,3,93.6,0.18,1
42,Primary Care,North,Medicaid,12,0,8.59,3,17,1,1,85.0,0.07,1
27,Primary Care,East,Medicare,17,0,1.16,3,9,0,5,57.3,0.02,0
25,Specialty,South,Medicare,24,0,10.52,1,17,1,1,66.4,0.44,1
44,Specialty,North,Medicaid,0,1,3.78,5,15,1,0,54.8,0.05,0
23,Specialty,North,Medicaid,6,0,5.65,5,16,1,1,72.3,0.08,0
22,Imaging,East,Medicare,16,0,7.18,2,9,1,3,73.0,0.04,1
43,Primary Care,South,Medicare,13,1,2.38,1,13,1,3,72.1,0.12,0
32,Specialty,East,Medicaid,18,1,3.52,3,8,1,1,57.4,0.04,1
57,Imaging,North,Private,17,1,19.95,3,12,1,2,62.2,0.29,0
19,Specialty,North,Medicare,11,0,5.33,2,9,1,2,81.5,0.12,0
39,Imaging,North,Medicare,9,0,7.49,5,8,1,1,74.8,0.52,0
50,Specialty,North,Medicaid,12,2,7.58,2,16,1,4,59.6,0.08,0
87,Specialty,Central,Private,25,0,16.15,0,15,0,5,54.6,0.13,0
63,Primary Care,East,Medicare,7,0,11.86,5,11,1,2,69.1,0.22,0
81,Specialty,West,Private,13,1,2.51,5,12,1,3,68.5,0.4,0
42,Specialty,Central,Medicare,16,1,17.55,0,13,1,3,54.6,0.12,0
50,Primary Care,South,Medicaid,30,0,21.99,4,14,1,4,66.3,0.05,0
48,Primary Care,Central,Medicare,11,0,2.49,3,13,1,5,64.2,0.18,0
81,Primary Care,West,Medicare,24,0,5.05,4,11,1,2,63.0,0.11,0
87,Specialty,West,Private,26,0,6.1,1,11,1,2,64.9,0.01,1
87,Primary Care,Central,Medicare,13,1,5.22,1,17,1,4,73.3,0.15,0
72,Lab,North,Medicaid,12,0,10.56,3,8,0,3,71.1,0.02,0
54,Telehealth,East,Medicaid,11,0,5.67,0,12,1,1,85.1,0.11,0
56,Telehealth,East,Private,11,0,4.32,1,10,1,0,72.4,0.23,0
88,Primary Care,West,Medicare,23,1,10.9,0,10,1,2,79.7,0.02,1
38,Specialty,South,Medicaid,16,0,0.82,2,9,0,3,54.1,0.05,1
42,Lab,North,Medicare,16,0,7.93,6,8,0,2,71.8,0.03,0
82,Imaging,Central,Medicare,3,0,9.69,3,17,1,1,65.5,0.08,0
45,Primary Care,East,Medicaid,4,0,16.8,5,16,1,2,78.7,0.01,0
34,Lab,South,Medicaid,35,0,7.08,5,15,1,5,73.0,0.17,0
58,Specialty,North,Private,12,1,1.26,0,17,1,1,88.9,0.01,0
41,Imaging,West,Medicare,6,0,7.4,6,16,1,2,58.8,0.16,0
82,Telehealth,North,Medicare,28,0,1.15,1,9,1,2,61.5,0.04,0
83,Telehealth,South,Medicaid,17,1,8.96,1,16,0,5,74.1,0.18,1
40,Specialty,Central,Private,20,1,14.86,4,16,1,0,68.4,0.02,0
56,Primary Care,North,Private,13,1,6.36,3,8,1,1,58.7,0.22,0
88,Specialty,South,Medicare,11,0,5.68,1,16,1,3,74.5,0.29,0
71,Imaging,West,Private,12,0,11.67,2,15,1,3,64.1,0.02,0
33,Specialty,South,Private,0,0,8.72,2,17,1,4,75.4,0.02,1
60,Specialty,South,Self-pay,13,2,11.06,4,12,1,4,49.6,0.4,1
62,Specialty,East,Private,17,0,27.37,5,15,1,1,66.5,0.09,0
65,Specialty,West,Private,33,0,4.56,2,15,1,3,71.9,0.01,0
19,Telehealth,East,Private,15,0,9.39,2,14,1,2,72.0,0.1,0
39,Lab,Central,Private,0,1,17.75,0,17,0,2,78.4,0.14,0
79,Primary Care,Central,Private,13,0,17.94,6,9,1,4,67.1,0.02,0
35,Specialty,West,Private,41,2,10.05,4,11,1,3,75.4,0.08,1
39,Specialty,East,Private,23,0,5.5,1,8,1,5,69.2,0.16,0
41,Specialty,Central,Medicare,6,1,10.96,0,14,1,3,78.8,0.24,0
30,Primary Care,North,Private,20,0,11.12,6,8,0,4,51.5,0.03,0
29,Imaging,East,Medicare,7,0,12.47,0,11,0,0,38.7,0.01,1
42,Imaging,North,Self-pay,0,1,2.65,1,15,1,3,85.0,0.05,0
80,Specialty,South,Self-pay,11,1,21.61,6,16,1,3,63.2,0.01,0
18,Telehealth,Central,Private,15,2,17.79,2,10,0,3,49.6,0.12,0
38,Telehealth,North,Private,0,0,6.51,6,10,1,5,68.1,0.25,0
22,Lab,South,Medicare,3,0,16.63,3,8,1,3,63.8,0.14,0
58,Telehealth,North,Private,14,1,6.17,3,11,1,1,74.4,0.12,0
36,Specialty,East,Medicaid,10,1,19.34,6,15,1,3,75.9,0.14,0
75,Telehealth,Central,Medicare,18,0,7.36,0,16,1,4,65.0,0.15,0
60,Telehealth,East,Private,2,1,3.19,2,12,1,2,81.1,0.27,0
74,Specialty,Central,Private,21,1,24.98,2,9,0,2,55.5,0.12,1
63,Primary Care,East,Medicaid,2,2,12.12,5,11,1,4,41.8,0.2,0
49,Primary Care,Central,Medicare,30,0,5.86,2,12,1,2,71.8,0.14,0
79,Specialty,Central,Medicare,0,0,20.43,6,14,1,4,66.9,0.19,0
52,Imaging,North,Medicare,3,1,11.04,5,13,0,3,47.3,0.02,0
86,Specialty,Central,Medicare,18,0,5.28,6,16,1,0,77.3,0.14,0
89,Imaging,South,Private,31,1,20.6,5,13,0,3,49.6,0.47,1
60,Imaging,East,Medicare,17,0,12.43,5,12,1,2,68.7,0.38,0
66,Primary Care,South,Private,20,1,8.88,2,9,1,3,79.2,0.03,0
36,Primary Care,East,Medicare,14,0,7.0,5,17,1,3,73.1,0.06,0
76,Imaging,Central,Private,4,2,3.08,2,8,0,1,72.4,0.12,1
66,Primary Care,Central,Medicaid,9,1,0.45,2,11,0,3,64.3,0.06,0
82,Telehealth,East,Medicaid,2,0,11.58,1,12,1,3,72.0,0.03,0
37,Lab,Central,Private,1,1,2.52,6,16,1,3,76.1,0.01,0
74,Specialty,South,Medicaid,18,0,3.08,5,12,1,4,62.3,0.15,0
51,Specialty,North,Medicaid,3,1,6.09,0,12,1,1,56.4,0.05,0
31,Lab,Central,Medicaid,17,0,6.21,2,17,0,2,79.5,0.07,0
30,Lab,North,Private,1,0,3.47,4,11,1,0,92.2,0.01,0
58,Specialty,Central,Medicare,17,1,11.57,4,15,1,4,87.9,0.04,0
41,Telehealth,North,Medicare,9,1,1.36,2,8,1,3,38.5,0.0,1
25,Specialty,South,Private,28,1,11.41,4,13,1,2,85.0,0.1,1
48,Primary Care,South,Medicare,17,0,5.54,1,15,1,2,62.4,0.15,0
65,Specialty,South,Private,26,0,3.31,1,10,1,3,91.6,0.23,1
40,Imaging,South,Medicaid,6,1,1.51,0,15,0,4,57.5,0.01,1
86,Telehealth,North,Self-pay,15,1,7.92,6,17,0,2,56.5,0.0,0
74,Primary Care,North,Private,4,0,2.33,4,8,0,3,69.4,0.02,0
54,Specialty,Central,Private,10,2,2.0,5,9,1,3,65.2,0.49,1
85,Specialty,East,Private,11,1,17.62,3,9,1,0,65.8,0.09,0
49,Lab,North,Medicaid,7,1,1.81,4,17,1,1,81.3,0.05,1
28,Imaging,North,Private,2,0,1.33,2,10,1,3,84.8,0.16,0
20,Primary Care,South,Medicaid,0,0,10.77,0,17,1,4,58.7,0.05,0
85,Lab,South,Medicaid,0,0,8.41,5,11,1,5,89.7,0.03,0
87,Imaging,East,Private,3,0,4.28,1,17,1,1,55.2,0.29,1
71,Lab,North,Medicaid,20,0,2.9,6,13,1,4,62.7,0.29,1
25,Lab,Central,Private,0,1,3.67,0,10,0,4,100.4,0.12,0
39,Primary Care,South,Private,0,0,4.38,6,13,0,3,74.4,0.03,0
20,Telehealth,East,Medicaid,32,0,9.89,3,9,1,0,62.1,0.08,1
21,Specialty,West,Private,8,1,8.07,1,9,1,2,73.2,0.1,0
35,Telehealth,South,Private,17,0,5.05,1,14,1,3,78.5,0.01,0
59,Primary Care,North,Medicare,20,1,5.01,4,15,1,2,74.0,0.0,0
22,Imaging,South,Medicare,21,1,11.12,5,12,0,0,85.4,0.2,0
88,Primary Care,East,Medicare,0,1,3.3,3,16,1,2,59.6,0.01,0
50,Primary Care,Central,Private,12,2,1.45,3,11,0,1,62.2,0.08,1
36,Telehealth,South,Medicare,0,0,16.33,6,11,1,3,59.3,0.03,0
55,Primary Care,Central,Private,38,0,5.06,3,13,1,3,60.0,0.04,1
74,Primary Care,East,Private,0,0,23.31,2,11,1,3,70.5,0.06,1
40,Lab,West,Private,4,2,4.48,6,14,1,2,57.2,0.36,0
21,Specialty,North,Medicare,4,3,6.71,5,17,1,3,73.5,0.13,1
21,Specialty,Central,Medicaid,0,0,3.06,4,11,1,2,77.6,0.31,0
79,Telehealth,South,Private,28,0,8.17,0,12,1,4,55.3,0.06,0
26,Specialty,South,Private,38,0,5.11,2,11,1,2,62.4,0.11,0
63,Primary Care,East,Medicaid,9,0,5.63,6,13,1,1,63.9,0.01,1
45,Imaging,Central,Private,1,0,7.29,6,14,1,4,67.4,0.1,0
73,Imaging,South,Private,0,0,4.57,4,12,1,4,68.0,0.27,0
22,Primary Care,South,Medicare,12,0,7.97,3,8,1,3,80.9,0.01,0
82,Specialty,Central,Medicare,11,0,3.72,6,17,0,5,81.8,0.02,0
68,Primary Care,Central,Private,7,0,7.66,4,14,1,6,60.3,0.02,0
50,Primary Care,West,Medicaid,16,0,1.17,0,15,0,4,78.3,0.06,0
32,Primary Care,East,Private,18,0,1.81,2,15,1,1,86.5,0.06,1
88,Telehealth,East,Medicaid,17,1,3.01,2,8,1,4,84.5,0.09,0
39,Primary Care,Central,Medicaid,11,0,2.21,4,16,0,3,72.5,0.11,1
53,Primary Care,North,Private,3,0,2.38,1,8,1,2,69.3,0.43,1
46,Telehealth,Central,Medicaid,21,0,9.46,5,15,0,1,53.2,0.1,0
34,Primary Care,West,Medicare,14,0,5.23,1,17,1,3,65.0,0.0,0
47,Telehealth,Central,Self-pay,23,0,4.57,4,13,0,4,52.1,0.0,0
28,Lab,East,Medicare,22,1,8.03,2,15,1,5,83.7,0.08,0
18,Specialty,South,Private,0,0,8.49,1,16,1,4,66.8,0.92,0
38,Primary Care,Central,Medicare,0,1,4.14,4,13,1,3,69.0,0.04,0
26,Primary Care,Central,Medicare,6,0,13.59,6,12,1,2,62.6,0.04,0
47,Primary Care,Central,Medicaid,3,0,5.47,5,16,1,3,53.1,0.01,0
80,Primary Care,South,Private,22,1,10.12,3,15,1,0,78.6,0.04,0
29,Specialty,South,Medicaid,18,1,3.71,6,8,1,3,76.0,0.02,0
18,Primary Care,Central,Private,25,0,7.79,5,8,1,3,81.2,0.19,0
25,Lab,West,Self-pay,18,1,10.8,6,15,1,5,49.0,0.13,1
54,Primary Care,North,Private,16,0,9.93,0,15,1,2,85.8,0.02,0
37,Specialty,North,Private,26,0,9.28,5,16,1,4,68.5,0.01,0
53,Primary Care,North,Private,19,1,3.56,3,8,1,2,79.3,0.01,0
20,Primary Care,North,Self-pay,15,0,2.11,4,9,0,5,38.4,0.01,1
41,Imaging,South,Medicaid,29,1,1.87,6,8,0,5,74.9,0.39,0
47,Imaging,Central,Private,15,2,4.39,3,10,1,4,69.1,0.02,0
49,Primary Care,West,Medicaid,11,1,4.13,4,13,1,3,67.4,0.02,0
57,Specialty,North,Private,6,0,8.59,6,11,0,2,68.8,0.01,0
74,Specialty,West,Private,21,3,6.52,0,9,1,2,62.8,0.02,0
51,Lab,East,Private,26,0,1.93,5,13,1,1,53.1,0.04,0
78,Primary Care,Central,Private,13,0,12.17,4,11,1,3,54.8,0.07,0
56,Imaging,Central,Medicare,27,0,7.48,1,10,1,2,70.3,0.01,0
36,Primary Care,North,Private,0,0,3.35,0,15,0,3,85.7,0.08,1
34,Specialty,Central,Private,13,1,3.87,4,11,0,3,83.3,0.1,1
41,Specialty,North,Private,14,0,16.25,2,13,1,1,72.8,0.21,1
61,Primary Care,West,Private,7,0,2.21,2,8,0,4,64.1,0.14,0
35,Specialty,Central,Medicare,38,1,16.84,1,15,1,3,94.8,0.05,1
83,Specialty,Central,Medicare,13,2,5.12,3,13,0,4,78.2,0.24,0
52,Primary Care,North,Private,10,0,5.4,1,15,1,1,77.1,0.1,0
80,Telehealth,South,Private,14,1,8.06,0,11,1,1,54.0,0.19,0
67,Primary Care,North,Medicare,0,1,1.41,0,12,1,2,73.1,0.03,0
42,Lab,North,Medicaid,6,0,7.45,1,12,1,3,55.1,0.0,0
34,Specialty,North,Medicare,24,0,10.65,4,17,0,2,95.0,0.09,0
71,Primary Care,North,Medicare,8,3,4.29,3,9,1,5,59.9,0.03,1
41,Primary Care,East,Self-pay,6,1,6.12,5,10,1,4,62.7,0.1,0
35,Imaging,North,Medicaid,27,1,23.65,4,17,1,1,62.2,0.18,1
84,Imaging,East,Private,27,0,11.48,2,8,1,7,65.6,0.11,0
52,Imaging,West,Medicaid,19,1,2.81,6,10,1,2,78.0,0.03,0
21,Primary Care,North,Medicare,9,0,4.07,4,11,1,4,70.0,0.29,0
53,Primary Care,West,Medicare,12,0,4.99,4,15,1,2,70.5,0.04,0
51,Imaging,Central,Medicare,6,1,12.0,3,15,1,3,78.6,0.04,1
80,Lab,East,Private,4,1,2.8,2,16,0,4,51.8,0.08,0
69,Primary Care,East,Medicaid,4,1,9.95,6,8,0,0,79.0,0.12,1
31,Lab,West,Private,8,0,9.99,2,10,0,5,71.6,0.01,0
28,Specialty,East,Private,4,1,6.42,5,12,0,1,61.6,0.07,0
61,Specialty,East,Private,0,0,12.28,0,15,1,2,71.6,0.07,1
21,Specialty,Central,Medicare,16,0,3.06,6,13,1,2,71.4,0.12,0
40,Primary Care,Central,Private,16,0,14.03,5,13,0,2,38.5,0.48,0
27,Primary Care,South,Private,31,2,1.1,5,16,0,2,86.5,0.28,1
19,Imaging,East,Medicaid,7,2,2.78,2,9,1,1,84.5,0.18,1
84,Telehealth,Central,Private,17,0,1.13,4,16,1,4,54.3,0.2,0
24,Specialty,East,Private,17,1,3.22,5,14,1,3,60.9,0.29,0
18,Primary Care,West,Medicare,11,0,10.13,0,10,1,2,86.2,0.03,0
85,Primary Care,North,Private,21,2,8.32,4,12,1,4,78.0,0.04,1
31,Specialty,North,Private,22,0,7.41,6,10,0,5,74.7,0.1,0
76,Imaging,East,Private,17,1,3.17,5,11,1,0,75.2,0.06,1
20,Primary Care,Central,Private,11,0,6.04,5,14,1,5,74.5,0.01,0
29,Primary Care,South,Private,10,4,14.13,6,11,1,2,57.2,0.04,1
25,Imaging,Central,Medicaid,0,0,3.29,1,16,1,0,63.2,0.0,0
68,Primary Care,Central,Private,6,0,3.43,4,8,1,3,82.0,0.04,1
62,Specialty,Central,Medicare,8,2,3.56,1,9,0,2,77.9,0.12,1
52,Imaging,Central,Private,3,0,7.11,6,17,1,4,73.4,0.16,0
35,Primary Care,South,Self-pay,18,0,9.49,3,15,0,3,62.2,0.12,0
24,Specialty,South,Medicaid,26,0,11.08,5,12,0,3,81.9,0.09,0
58,Primary Care,North,Private,5,1,4.98,1,10,1,2,58.4,0.01,1
34,Primary Care,East,Medicaid,17,0,4.61,2,10,0,1,87.8,0.12,0
60,Telehealth,North,Private,4,1,3.92,6,9,1,4,61.3,0.23,0
67,Imaging,Central,Private,11,0,9.06,6,16,1,2,59.5,0.29,0
79,Primary Care,Central,Private,7,0,1.47,1,11,1,3,70.4,0.03,1
53,Primary Care,South,Medicare,20,0,5.53,2,17,0,5,72.6,0.08,1
18,Primary Care,East,Private,7,0,5.56,1,15,1,2,71.2,0.13,0
38,Lab,West,Private,24,0,10.09,4,11,0,4,54.1,0.24,0
79,Imaging,West,Medicare,12,0,1.95,0,15,1,2,75.1,0.05,0
56,Specialty,Central,Medicaid,8,0,10.66,0,12,0,2,81.8,0.15,0
62,Primary Care,South,Medicaid,1,0,8.66,3,12,1,0,69.0,0.09,0
50,Telehealth,South,Medicare,17,0,20.18,6,15,0,2,51.4,0.28,0
29,Lab,Central,Medicare,23,1,17.67,5,15,1,2,67.5,0.31,0
82,Primary Care,North,Medicare,17,0,13.44,4,10,1,1,56.4,0.01,1
73,Primary Care,Central,Private,36,1,0.78,4,12,1,0,46.8,0.16,1
89,Specialty,North,Medicaid,28,0,2.14,1,17,1,0,63.4,0.02,0
79,Specialty,East,Private,11,1,12.32,1,10,1,5,89.5,0.41,0
38,Primary Care,West,Medicaid,11,0,5.42,4,15,0,3,69.0,0.05,0
36,Primary Care,Central,Private,19,1,17.65,6,16,1,0,66.7,0.14,0
35,Imaging,North,Private,6,0,6.54,0,14,1,2,78.5,0.13,0
84,Imaging,Central,Private,26,0,9.85,2,8,0,3,77.3,0.37,1
58,Specialty,Central,Medicaid,18,0,9.35,1,16,1,3,52.4,0.09,0
50,Specialty,Central,Private,17,1,6.41,0,17,1,2,92.4,0.09,1
87,Primary Care,Central,Medicare,21,0,12.46,2,14,1,6,72.4,0.14,0
61,Specialty,Central,Private,31,0,10.4,1,15,0,6,80.9,0.03,1
83,Lab,Central,Medicare,16,1,2.34,1,8,1,3,62.9,0.21,1
88,Specialty,East,Medicare,13,0,24.72,3,15,1,2,46.5,0.01,0
23,Telehealth,Central,Self-pay,29,0,2.14,5,16,1,3,68.6,0.04,1
44,Imaging,Central,Private,24,1,3.42,3,13,1,1,56.8,0.38,1
70,Imaging,West,Private,11,1,9.73,3,13,1,4,84.1,0.05,0
76,Specialty,South,Private,14,0,8.47,4,16,1,3,53.0,0.01,1
28,Primary Care,South,Private,16,0,11.03,1,14,0,1,70.3,0.05,0
40,Telehealth,Central,Medicaid,18,0,5.28,0,8,0,2,77.2,0.55,0
57,Imaging,Central,Private,0,0,8.92,0,9,1,3,75.1,0.02,0
75,Telehealth,South,Self-pay,0,1,3.63,6,13,0,0,64.0,0.05,0
26,Specialty,Central,Private,5,1,6.54,6,14,1,1,48.6,0.26,0
61,Specialty,South,Medicaid,4,1,16.24,2,10,1,2,51.9,0.05,0
39,Primary Care,East,Medicare,8,0,2.13,5,9,1,4,60.9,0.46,0
33,Primary Care,Central,Medicaid,20,0,13.0,1,14,1,5,53.1,0.21,0
55,Specialty,Central,Medicare,12,4,5.59,2,11,1,3,69.1,0.03,0
47,Telehealth,East,Medicare,16,0,2.97,4,14,1,0,60.8,0.26,1
63,Lab,Central,Private,2,0,3.16,6,14,1,1,54.5,0.15,0
40,Specialty,Central,Private,9,1,5.46,4,10,0,7,52.9,0.04,1
77,Specialty,Central,Medicaid,20,0,13.41,6,15,1,3,50.9,0.04,0
23,Primary Care,Central,Private,20,1,8.88,6,9,1,0,69.3,0.14,0
80,Primary Care,East,Medicaid,7,1,1.96,0,11,1,6,61.2,0.01,0
20,Telehealth,North,Private,16,2,12.54,2,13,1,0,70.3,0.01,0
70,Imaging,North,Private,36,0,11.13,3,16,1,3,69.1,0.1,1
42,Specialty,North,Medicare,14,0,1.12,1,17,1,1,67.6,0.09,0
45,Lab,South,Private,7,0,2.85,1,14,1,6,77.8,0.17,1
19,Primary Care,North,Medicare,12,0,14.37,6,14,1,0,52.3,0.09,0
68,Telehealth,South,Medicaid,15,1,6.43,1,13,1,2,77.8,0.16,1
29,Imaging,West,Private,12,0,12.48,3,12,1,4,74.7,0.02,0
65,Primary Care,North,Private,14,0,0.53,3,13,0,2,67.6,0.04,1
70,Imaging,South,Private,0,1,0.28,4,17,0,3,60.3,0.05,0
78,Primary Care,South,Medicare,4,0,10.22,3,14,1,4,70.5,0.04,0
68,Specialty,North,Medicaid,13,0,3.94,0,16,1,3,75.4,0.2,0
39,Primary Care,West,Self-pay,12,0,10.63,3,13,1,1,53.2,0.21,1
71,Primary Care,Central,Private,8,1,12.6,2,15,1,1,77.3,0.12,0
77,Specialty,West,Private,12,1,4.0,0,16,1,2,90.9,0.04,0
40,Specialty,West,Private,15,1,5.97,6,12,1,3,69.2,0.37,0
26,Primary Care,Central,Private,23,1,4.97,3,14,0,4,85.6,0.02,0
82,Lab,West,Medicare,13,0,3.95,6,12,0,3,75.7,0.06,0
28,Primary Care,North,Medicaid,18,1,7.59,6,13,1,4,73.2,0.06,0
60,Specialty,South,Private,9,0,11.71,6,10,1,0,61.6,0.0,0
35,Specialty,West,Medicaid,20,0,3.44,1,16,1,3,65.9,0.27,0
27,Primary Care,West,Medicare,18,0,3.43,5,16,0,2,58.2,0.01,0
73,Telehealth,Central,Medicaid,23,0,4.03,0,17,1,3,81.3,0.02,0
28,Specialty,North,Medicaid,21,0,9.74,3,10,0,4,61.1,0.32,1
66,Primary Care,Central,Medicaid,20,0,12.54,6,17,1,1,91.1,0.18,0
67,Specialty,East,Private,13,0,4.9,4,15,0,2,75.3,0.28,0
22,Specialty,Central,Private,16,1,0.84,1,11,0,5,74.7,0.09,0
30,Primary Care,East,Private,25,1,2.52,0,16,1,3,54.1,0.36,1
75,Primary Care,South,Private,7,0,4.67,3,13,0,2,78.0,0.13,0
54,Specialty,South,Medicare,8,0,3.06,5,13,1,1,67.4,0.07,0
26,Imaging,South,Self-pay,16,2,1.94,6,15,1,3,63.2,0.05,1
89,Primary Care,South,Medicare,18,1,6.67,5,9,1,0,62.1,0.22,0
37,Primary Care,Central,Private,6,1,28.78,3,12,0,2,55.1,0.03,0
18,Primary Care,South,Private,13,1,2.69,4,8,1,2,70.1,0.24,0
84,Primary Care,South,Medicare,13,0,7.65,5,12,0,3,68.0,0.03,0
19,Imaging,South,Private,0,0,9.4,2,14,1,2,54.2,0.21,0
57,Primary Care,West,Private,12,0,9.95,1,17,1,2,76.2,0.43,1
89,Primary Care,South,Private,12,1,6.12,1,10,1,1,95.5,0.06,0
59,Primary Care,North,Medicaid,12,0,2.04,5,16,1,2,52.9,0.08,0
60,Specialty,Central,Private,28,1,11.66,5,8,1,3,68.6,0.01,1
45,Specialty,South,Self-pay,2,1,1.32,1,8,1,2,89.9,0.15,0
27,Primary Care,Central,Medicare,6,0,5.63,6,11,1,2,60.7,0.03,0
59,Specialty,North,Medicare,0,0,5.19,0,10,1,3,75.3,0.01,0
82,Imaging,West,Medicaid,9,0,2.22,2,13,1,4,74.7,0.11,1
24,Primary Care,West,Medicaid,10,0,4.03,3,9,1,4,77.9,0.07,1
81,Primary Care,North,Private,9,0,9.71,0,13,1,1,92.0,0.19,0
47,Primary Care,West,Private,25,0,5.63,5,17,0,4,48.5,0.19,1
56,Lab,East,Private,23,0,1.59,6,9,1,5,72.3,0.15,0
29,Primary Care,East,Private,15,1,10.7,1,12,1,4,64.0,0.04,0
62,Primary Care,Central,Private,10,0,19.79,4,14,0,0,69.5,0.19,0
31,Specialty,Central,Medicare,24,0,1.84,6,12,1,3,70.5,0.03,0
37,Specialty,North,Private,14,4,6.01,4,12,1,5,66.5,0.05,1
69,Lab,West,Self-pay,6,1,6.18,3,8,1,2,57.0,0.09,1
21,Primary Care,North,Medicaid,0,1,1.79,6,12,1,7,57.8,0.16,0
50,Primary Care,North,Medicaid,10,0,14.7,2,17,1,0,95.5,0.02,0
60,Specialty,North,Medicare,22,3,6.28,4,16,0,3,53.4,0.03,0
27,Imaging,West,Private,37,0,11.94,5,15,0,4,84.7,0.08,1
39,Telehealth,West,Private,15,0,8.0,4,8,0,3,57.6,0.11,0
42,Specialty,East,Private,6,0,14.33,2,9,1,3,71.1,0.01,0
65,Specialty,Central,Medicaid,2,0,7.92,4,13,1,1,93.6,0.03,0
88,Primary Care,Central,Private,20,0,4.41,2,10,1,2,79.5,0.06,0
78,Telehealth,North,Private,0,1,9.19,3,9,1,3,52.7,0.01,0
31,Imaging,South,Medicaid,20,2,3.13,3,9,1,0,66.0,0.14,0
19,Primary Care,West,Private,22,0,9.84,2,9,0,4,69.7,0.03,1
21,Specialty,South,Self-pay,18,0,2.68,5,8,0,2,82.4,0.22,0
60,Specialty,North,Self-pay,12,0,5.85,1,14,1,3,70.6,0.05,0
29,Primary Care,North,Private,20,1,4.98,1,12,1,4,68.1,0.06,0
34,Imaging,East,Medicare,16,0,7.51,5,14,1,7,90.6,0.32,1
79,Imaging,East,Private,6,3,15.94,6,10,1,5,89.0,0.1,1
80,Primary Care,West,Private,33,1,3.92,1,14,1,1,78.4,0.05,0
78,Telehealth,Central,Medicaid,10,0,11.42,3,9,1,6,62.5,0.08,0
36,Telehealth,Central,Private,22,2,14.65,6,17,1,0,38.2,0.11,1
62,Primary Care,Central,Self-pay,0,0,11.18,2,9,1,2,54.7,0.39,0
61,Specialty,South,Self-pay,27,0,7.47,2,15,1,3,51.5,0.08,0
31,Lab,East,Medicare,29,2,7.19,4,14,1,2,69.3,0.02,0
57,Primary Care,South,Private,14,0,3.71,4,9,1,3,81.3,0.14,0
55,Telehealth,Central,Private,20,1,1.35,0,8,0,2,93.7,0.03,0
46,Primary Care,East,Private,20,0,6.46,0,14,1,4,85.3,0.19,0
72,Imaging,South,Private,8,2,15.53,2,8,1,2,61.5,0.0,0
66,Specialty,West,Private,19,1,17.0,3,14,1,2,73.0,0.04,0
56,Primary Care,East,Private,6,1,1.67,4,14,1,5,74.8,0.06,0
70,Imaging,Central,Medicare,8,1,16.65,2,14,1,4,51.3,0.09,0
72,Primary Care,North,Private,25,0,9.5,0,17,1,2,59.5,0.11,0
58,Primary Care,South,Private,24,1,8.74,5,12,1,3,64.8,0.15,1
37,Primary Care,Central,Medicare,7,0,15.45,3,13,0,5,95.6,0.37,1
72,Primary Care,East,Private,7,0,12.55,0,17,1,0,74.6,0.11,0
69,Primary Care,South,Private,8,2,2.64,4,16,0,1,54.2,0.0,1
88,Primary Care,West,Private,21,1,3.35,2,12,1,2,64.9,0.04,0
28,Primary Care,West,Private,4,0,1.17,3,12,1,3,75.4,0.25,0
48,Primary Care,North,Private,18,1,8.46,6,15,0,4,67.0,0.15,0
84,Primary Care,South,Private,21,1,2.94,1,13,1,1,65.7,0.04,0
55,Lab,South,Private,13,0,4.28,4,12,0,1,78.8,0.16,0
85,Primary Care,South,Private,24,1,14.21,0,16,1,1,86.8,0.2,0
18,Imaging,East,Private,11,0,9.29,5,15,0,1,84.6,0.04,0
20,Primary Care,South,Medicaid,12,0,9.47,2,12,1,2,66.4,0.27,0
75,Primary Care,West,Medicare,4,0,24.4,5,11,1,0,68.0,0.04,0
43,Specialty,West,Private,24,0,0.14,0,14,1,2,66.3,0.1,1
55,Primary Care,East,Self-pay,6,1,3.09,4,8,1,1,82.7,0.08,0
48,Specialty,South,Medicaid,17,1,4.96,1,15,1,2,65.3,0.06,1
47,Imaging,East,Medicare,13,0,3.28,2,12,1,5,46.9,0.28,0
85,Primary Care,South,Private,3,0,11.87,1,16,1,0,75.8,0.37,0
24,Primary Care,Central,Private,8,2,5.44,2,13,1,4,76.4,0.12,0
73,Lab,North,Private,28,0,2.38,5,11,1,5,65.1,0.32,0
82,Primary Care,Central,Medicare,16,2,7.93,0,9,0,4,92.2,0.13,1
65,Imaging,West,Self-pay,4,0,8.93,4,8,1,3,63.5,0.24,0
46,Specialty,Central,Self-pay,17,1,2.57,1,14,1,4,87.0,0.02,1
29,Primary Care,Central,Private,13,1,5.65,2,9,1,3,53.9,0.08,0
67,Primary Care,Central,Self-pay,49,1,9.08,3,16,1,4,73.3,0.17,0
51,Primary Care,West,Medicaid,17,1,14.76,0,12,1,3,60.3,0.16,1
28,Specialty,South,Medicare,10,0,3.59,6,16,1,1,69.1,0.01,0
43,Telehealth,West,Medicaid,28,1,9.82,4,12,1,4,79.1,0.02,0
87,Primary Care,North,Private,0,0,4.06,4,11,1,6,63.2,0.14,0
37,Telehealth,South,Private,15,1,6.87,6,9,1,2,61.6,0.02,0
30,Primary Care,Central,Medicaid,34,1,2.79,2,12,1,3,67.3,0.02,0
67,Primary Care,West,Private,13,2,9.6,0,16,1,3,105.0,0.05,1
32,Specialty,South,Medicare,0,0,13.1,5,16,1,0,72.4,0.02,0
84,Telehealth,Central,Medicaid,10,1,5.85,4,12,0,1,71.7,0.04,1
79,Specialty,North,Medicaid,29,0,5.28,3,17,0,3,75.2,0.03,0
88,Imaging,Central,Private,18,1,4.88,0,8,1,2,49.4,0.12,0
83,Specialty,Central,Medicare,6,0,2.13,1,8,1,3,81.1,0.05,0
35,Lab,North,Private,7,1,10.98,4,8,0,3,78.5,0.28,1
33,Lab,North,Medicaid,8,0,14.51,0,8,0,2,48.6,0.11,0
42,Imaging,Central,Medicare,18,0,3.41,3,8,1,1,98.9,0.04,1
51,Specialty,North,Medicare,27,0,7.58,5,8,1,3,70.0,0.31,1
81,Specialty,Central,Medicaid,25,2,9.42,3,15,0,3,56.6,0.17,1
70,Telehealth,East,Medicare,19,0,4.01,4,12,1,1,73.8,0.01,0
64,Specialty,South,Medicare,1,0,16.95,1,15,0,3,59.1,0.3,0
81,Primary Care,West,Private,1,0,7.69,4,15,0,2,50.7,0.01,0
64,Lab,East,Medicare,19,1,1.67,1,14,1,3,66.7,0.03,0
45,Imaging,East,Medicare,1,0,13.58,5,8,1,2,67.3,0.35,0
47,Specialty,West,Medicaid,12,2,6.03,3,9,1,3,51.1,0.02,1
55,Imaging,South,Private,17,1,4.6,4,14,0,3,60.6,0.18,0
24,Primary Care,North,Private,3,0,10.4,2,17,1,2,57.6,0.02,1
71,Specialty,Central,Private,4,0,4.12,2,9,0,3,65.7,0.03,0
64,Primary Care,East,Private,13,2,16.24,4,14,1,4,77.8,0.11,1
70,Lab,West,Medicaid,19,1,13.9,4,8,1,3,71.7,0.06,0
56,Imaging,East,Medicare,25,0,17.75,4,9,1,3,69.6,0.23,0
74,Lab,West,Private,20,0,23.51,0,13,1,2,48.1,0.04,0
86,Primary Care,South,Medicare,15,0,9.31,1,14,0,0,69.7,0.0,0
59,Telehealth,Central,Private,7,3,6.47,2,13,1,3,56.9,0.08,1
49,Primary Care,East,Medicaid,3,0,3.98,2,12,1,1,49.4,0.09,1
25,Primary Care,Central,Private,9,1,9.97,3,10,1,2,80.5,0.15,0
74,Telehealth,Central,Private,18,0,23.09,3,15,0,1,54.0,0.06,0
83,Imaging,West,Private,17,1,2.14,0,11,0,1,71.1,0.04,0
68,Telehealth,East,Private,0,1,8.17,0,15,1,2,64.2,0.02,0
80,Specialty,North,Medicaid,6,0,1.64,5,11,1,3,58.6,0.11,0
80,Primary Care,South,Medicare,26,0,1.57,4,13,1,3,84.6,0.64,0
75,Primary Care,West,Private,15,0,14.83,0,17,1,3,62.8,0.13,0
54,Lab,South,Medicare,0,0,13.24,5,11,1,4,63.6,0.0,0
25,Specialty,North,Medicare,38,0,3.81,2,16,0,7,61.2,0.07,1
18,Imaging,East,Medicaid,14,1,2.52,4,8,1,3,72.1,0.01,0
32,Primary Care,North,Private,18,0,18.22,3,13,0,4,68.1,0.03,1
49,Primary Care,South,Medicare,18,0,2.7,1,13,1,3,61.6,0.09,0
71,Lab,East,Medicare,10,1,1.97,4,17,1,3,58.9,0.1,0
50,Telehealth,North,Medicare,7,0,2.79,2,10,0,0,69.5,0.09,1
19,Primary Care,North,Private,35,0,8.8,1,13,1,0,62.2,0.17,1
33,Primary Care,South,Private,24,0,25.67,1,13,1,0,90.7,0.1,1
88,Primary Care,West,Private,22,1,4.04,5,9,0,2,63.7,0.15,0
89,Primary Care,Central,Medicaid,20,0,14.71,3,17,1,5,74.0,0.25,0
45,Lab,South,Medicare,4,1,7.13,2,12,1,3,68.9,0.04,0
75,Specialty,West,Medicare,27,1,0.85,5,12,1,2,66.5,0.05,0
69,Primary Care,South,Medicare,6,1,4.14,1,16,0,3,80.8,0.18,0
85,Imaging,West,Private,17,0,13.35,1,8,1,3,77.0,0.23,0
81,Imaging,North,Private,0,0,12.85,0,14,1,0,76.7,0.11,0
63,Primary Care,Central,Medicare,0,1,3.65,0,8,0,3,76.6,0.05,0
46,Telehealth,West,Private,17,2,10.94,6,17,0,4,50.6,0.05,0
63,Specialty,West,Self-pay,6,0,5.93,6,16,0,6,75.3,0.14,0
40,Primary Care,North,Private,0,0,8.55,2,13,1,2,67.0,0.14,1
43,Lab,Central,Medicare,19,2,15.27,3,11,1,5,63.8,0.29,0
61,Primary Care,North,Private,35,0,3.78,2,17,1,2,105.0,0.01,0
59,Telehealth,East,Medicaid,28,1,4.78,3,10,0,6,52.3,0.05,1
59,Specialty,Central,Medicaid,11,0,15.47,1,15,1,2,68.9,0.08,0
45,Telehealth,West,Private,14,0,23.92,4,12,1,3,67.9,0.06,0
47,Primary Care,Central,Private,23,0,12.22,3,16,0,3,69.0,0.13,0
18,Primary Care,West,Self-pay,25,2,8.17,6,15,1,5,57.8,0.33,1
61,Lab,Central,Medicare,11,0,12.14,2,17,1,5,72.7,0.12,0
59,Lab,South,Private,14,1,4.12,5,14,1,1,56.5,0.1,0
85,Lab,South,Medicaid,17,0,6.82,1,11,0,2,73.4,0.13,1
54,Primary Care,East,Private,20,0,1.55,0,16,0,6,71.9,0.09,1
51,Specialty,West,Private,13,2,4.2,5,14,1,3,67.1,0.01,1
22,Primary Care,West,Medicaid,13,0,8.95,6,15,1,4,69.1,0.06,0
32,Primary Care,East,Self-pay,28,1,7.58,6,10,1,1,89.0,0.08,1
42,Specialty,West,Private,26,1,0.54,0,13,0,2,76.9,0.13,1
45,Imaging,North,Private,19,0,5.39,2,16,1,1,72.1,0.71,1
44,Specialty,East,Private,31,0,7.47,3,11,1,4,75.1,0.01,0
46,Primary Care,Central,Medicaid,10,0,7.69,2,13,0,4,70.5,0.06,0
73,Lab,South,Medicaid,30,0,1.92,2,10,1,4,76.6,0.21,0
27,Telehealth,North,Medicaid,19,1,11.09,2,9,1,1,62.7,0.09,1
41,Primary Care,West,Private,47,1,21.71,0,15,1,3,96.5,0.02,1
29,Lab,South,Private,2,0,12.04,6,12,0,3,72.3,0.12,1
40,Lab,East,Medicare,7,0,6.82,2,10,0,0,103.9,0.16,0
67,Primary Care,West,Private,18,0,18.51,4,9,1,3,96.6,0.1,1
21,Imaging,East,Private,18,0,4.13,5,9,1,4,64.0,0.0,0
42,Telehealth,Central,Private,34,2,10.09,1,12,1,5,72.9,0.1,1
19,Imaging,Central,Medicare,7,1,6.27,1,11,1,2,74.4,0.08,0
86,Primary Care,East,Medicare,23,0,18.65,4,8,1,4,81.2,0.35,1
70,Specialty,Central,Medicaid,26,1,2.89,6,12,1,3,71.6,0.08,1
35,Imaging,South,Private,21,0,2.88,2,17,0,1,84.5,0.02,1
32,Specialty,South,Medicaid,4,2,15.71,6,17,1,1,48.9,0.08,0
25,Primary Care,West,Medicare,28,0,9.57,0,13,1,2,62.7,0.01,0
52,Primary Care,East,Private,26,1,16.58,5,13,1,2,67.7,0.1,0
72,Lab,South,Medicare,20,2,3.15,6,17,1,3,62.0,0.11,0
60,Specialty,South,Medicaid,16,1,3.69,5,15,1,2,49.2,0.02,1
81,Telehealth,South,Private,16,1,8.4,0,9,0,3,80.6,0.02,1
42,Primary Care,South,Medicaid,13,0,1.62,0,13,1,1,56.7,0.07,1
38,Lab,South,Medicare,20,0,7.97,2,11,1,5,61.9,0.11,0
52,Primary Care,Central,Medicare,14,1,4.71,3,9,1,0,79.1,0.07,0
32,Lab,Central,Medicaid,6,1,6.25,4,17,0,2,84.7,0.11,1
88,Lab,East,Medicare,4,0,11.04,6,13,1,2,63.2,0.06,0
31,Primary Care,East,Medicare,6,0,11.45,4,14,0,2,57.6,0.22,1
52,Primary Care,North,Private,16,1,20.99,1,15,1,1,60.2,0.01,1
55,Telehealth,East,Medicare,14,1,14.11,0,8,1,0,83.4,0.87,0
22,Imaging,West,Medicaid,16,0,0.88,6,11,1,3,84.1,0.07,0
51,Specialty,Central,Self-pay,19,1,3.11,4,16,1,2,74.0,0.18,1
50,Specialty,South,Medicaid,8,0,3.36,4,10,0,3,73.0,0.0,0
36,Telehealth,Central,Medicaid,29,1,13.12,5,9,1,0,54.2,0.01,1
27,Imaging,Central,Medicare,11,3,19.01,5,14,1,5,75.6,0.34,1
21,Primary Care,North,Medicaid,10,0,2.19,5,10,0,2,79.4,0.01,0
18,Specialty,Central,Private,19,1,13.36,6,16,0,0,72.0,0.03,0
52,Primary Care,South,Private,0,2,6.83,1,15,1,3,72.4,0.09,1
24,Lab,Central,Medicare,6,0,6.11,2,15,1,2,57.6,0.12,0
87,Lab,West,Medicare,24,1,4.08,0,15,1,1,84.0,0.1,0
35,Primary Care,East,Medicare,0,0,5.45,0,9,1,4,53.7,0.08,1
64,Primary Care,East,Self-pay,25,1,8.0,6,14,1,4,69.8,0.2,1
66,Primary Care,East,Medicaid,29,0,4.49,2,9,1,3,75.5,0.29,1
53,Primary Care,Central,Medicaid,10,1,9.23,4,8,0,3,83.7,0.24,1
81,Telehealth,Central,Medicaid,17,0,6.13,3,17,1,3,82.6,0.12,0
25,Imaging,East,Medicaid,25,2,5.6,3,10,1,0,83.7,0.4,1
34,Specialty,Central,Medicare,9,0,10.51,1,14,1,3,66.4,0.18,0
36,Primary Care,East,Private,23,1,8.57,5,11,0,4,97.9,0.05,0
27,Primary Care,East,Medicaid,7,1,0.59,5,15,1,4,83.1,0.04,0
39,Imaging,South,Private,9,0,9.52,1,12,0,1,65.8,0.02,0
40,Primary Care,Central,Medicaid,6,1,8.22,2,12,0,3,66.5,0.12,0
73,Primary Care,West,Private,17,1,14.73,6,8,1,1,79.1,0.03,1
39,Telehealth,East,Medicare,26,1,8.47,5,12,1,3,64.4,0.24,0
81,Specialty,West,Private,12,2,5.21,4,14,1,1,54.7,0.13,1
73,Lab,Central,Medicare,1,0,3.95,6,15,1,1,71.0,0.17,0
82,Primary Care,South,Medicaid,3,2,1.33,6,16,1,3,42.7,0.03,0
25,Primary Care,East,Private,18,0,6.76,4,13,1,1,74.3,0.15,1
88,Lab,East,Private,32,1,3.39,3,17,1,1,77.7,0.02,0
62,Lab,North,Self-pay,18,1,16.26,4,14,1,3,66.8,0.07,1
88,Imaging,South,Private,10,0,6.98,5,15,1,0,83.8,0.01,0
43,Specialty,Central,Medicaid,22,1,2.59,6,9,1,2,80.2,0.13,0
86,Primary Care,South,Medicaid,12,1,0.96,2,10,0,0,57.8,0.01,0
60,Specialty,Central,Medicaid,10,0,1.41,2,13,0,0,70.5,0.07,0
23,Primary Care,Central,Private,4,0,8.95,0,13,1,4,63.8,0.05,0
47,Primary Care,South,Medicaid,28,0,17.53,0,12,1,2,66.1,0.3,1
27,Specialty,East,Self-pay,0,2,10.34,2,17,1,1,83.8,0.07,0
85,Primary Care,North,Private,22,0,6.23,1,12,0,4,77.5,0.22,0
39,Primary Care,West,Medicare,9,0,24.23,6,8,1,5,61.4,0.3,0
34,Primary Care,East,Private,10,0,11.97,3,13,0,3,72.7,0.05,0
57,Primary Care,West,Self-pay,31,1,8.53,4,10,1,4,60.9,0.01,0
48,Lab,Central,Private,7,0,5.09,1,8,0,2,64.2,0.03,0
24,Telehealth,Central,Private,7,0,18.15,3,10,0,3,88.5,0.08,0
76,Primary Care,East,Private,13,0,5.5,5,8,1,3,100.6,0.02,0
78,Primary Care,Central,Self-pay,18,1,3.38,1,14,1,3,91.3,0.07,0
71,Lab,Central,Medicare,10,1,6.44,2,12,1,4,73.3,0.07,0
62,Primary Care,West,Private,0,1,7.47,4,17,1,0,72.2,0.1,0
46,Imaging,North,Private,5,1,12.7,1,8,1,1,82.2,0.07,1
57,Primary Care,Central,Medicaid,27,0,3.31,4,12,1,2,71.2,0.14,0
55,Imaging,Central,Private,15,1,3.88,4,17,0,1,52.9,0.11,0
29,Primary Care,East,Medicare,19,0,4.06,3,13,0,3,91.8,0.09,0
23,Imaging,West,Medicare,11,0,6.18,1,11,1,3,55.7,0.35,0
36,Specialty,South,Medicaid,7,0,2.64,5,14,1,3,84.5,0.07,0
50,Primary Care,East,Medicare,31,2,16.13,5,10,1,2,79.1,0.2,0
29,Primary Care,Central,Medicaid,12,2,1.43,1,16,0,5,92.3,0.18,1
25,Specialty,Central,Private,10,0,18.5,0,14,0,3,80.4,0.2,0
79,Telehealth,North,Private,25,0,11.83,3,10,0,2,62.9,0.01,0
44,Specialty,North,Private,7,3,3.13,1,8,1,3,83.0,0.01,0
60,Primary Care,South,Private,8,0,5.79,2,14,1,4,65.6,0.27,0
55,Specialty,East,Medicare,14,1,3.6,4,16,0,3,58.3,0.11,0
70,Primary Care,Central,Medicare,14,1,11.97,1,17,1,1,48.0,0.06,0
71,Lab,North,Self-pay,17,0,17.22,2,14,1,5,68.5,0.04,0
39,Lab,Central,Self-pay,35,2,39.05,2,17,0,3,49.7,0.01,1
79,Primary Care,East,Private,17,0,9.87,5,16,0,1,87.2,0.28,0
44,Specialty,West,Medicare,0,0,1.48,5,11,1,0,51.1,0.33,0
78,Imaging,East,Medicare,17,1,2.91,6,16,0,4,65.4,0.01,1
47,Primary Care,Central,Self-pay,14,0,9.51,0,9,0,4,66.0,0.01,0
25,Specialty,East,Private,14,1,5.99,5,16,1,3,72.1,0.38,1
72,Specialty,South,Medicare,16,0,11.71,1,17,1,3,59.6,0.32,1
20,Specialty,West,Private,14,1,8.64,6,13,1,3,83.6,0.18,0
73,Specialty,East,Private,13,0,3.17,3,17,1,3,72.0,0.03,0
21,Specialty,South,Medicare,20,0,5.25,6,9,0,0,69.8,0.06,0
32,Imaging,Central,Private,9,2,12.11,2,8,1,1,62.2,0.11,1
61,Specialty,West,Private,5,0,9.01,2,11,1,4,76.6,0.09,0
85,Imaging,South,Medicaid,44,2,11.8,5,8,1,3,86.8,0.25,0
47,Specialty,West,Private,7,0,2.04,2,10,1,2,102.3,0.09,1
26,Imaging,South,Private,15,2,3.38,5,9,1,2,58.7,0.15,1
34,Primary Care,East,Medicare,0,2,15.34,0,12,1,3,68.4,0.02,0
82,Specialty,South,Medicare,15,0,2.12,4,14,1,2,47.1,0.15,0
70,Specialty,North,Medicare,5,1,11.31,6,9,1,2,78.2,0.26,0
25,Primary Care,East,Self-pay,10,0,1.88,1,11,1,3,53.6,0.02,0
45,Primary Care,East,Private,24,1,7.38,6,15,1,1,73.3,0.09,1
37,Specialty,South,Private,19,1,4.64,0,10,0,4,84.8,0.13,0
30,Primary Care,North,Private,20,0,3.13,0,11,0,2,65.1,0.05,1
78,Primary Care,South,Medicare,0,0,7.83,2,15,0,3,58.8,0.27,0
62,Primary Care,South,Private,32,1,14.82,2,11,1,3,85.8,0.28,1
30,Specialty,West,Medicaid,2,0,3.8,4,10,0,5,78.5,0.18,0
64,Telehealth,South,Medicare,29,0,0.73,6,16,0,3,56.4,0.04,0
47,Lab,East,Private,24,0,6.13,0,17,1,3,71.7,0.09,1
22,Telehealth,East,Medicaid,20,2,3.1,5,17,1,3,59.8,0.2,0
50,Telehealth,South,Medicaid,5,0,12.29,5,12,1,6,82.7,0.3,0
31,Primary Care,West,Medicare,16,1,4.63,4,8,0,2,71.5,0.11,0
35,Primary Care,West,Medicare,9,0,3.93,6,12,1,3,88.3,0.03,0
81,Primary Care,West,Private,14,0,5.07,0,15,1,3,58.8,0.3,0
69,Primary Care,East,Medicare,12,0,14.82,5,17,1,0,72.7,0.0,0
27,Lab,South,Private,0,0,9.34,2,8,1,3,69.9,0.25,0
79,Lab,West,Medicare,25,1,2.7,2,9,1,4,73.1,0.22,0
59,Specialty,Central,Medicaid,13,2,2.04,4,10,0,3,63.2,0.07,1
80,Lab,East,Medicare,9,0,18.33,5,9,1,5,43.0,0.19,1
71,Imaging,West,Private,8,1,3.85,3,9,1,4,78.1,0.25,0
42,Specialty,East,Private,18,0,15.13,1,12,1,3,70.6,0.18,0
56,Primary Care,Central,Medicaid,5,0,5.93,1,10,0,4,60.0,0.05,1
56,Telehealth,South,Private,0,3,3.43,6,13,0,3,64.0,0.36,1
69,Imaging,East,Medicare,18,0,3.67,2,17,1,2,56.0,0.22,0
35,Primary Care,East,Medicaid,19,2,6.16,2,13,0,2,47.7,0.04,1
41,Primary Care,West,Private,12,2,0.69,3,13,1,0,82.5,0.03,1
35,Imaging,West,Medicaid,3,0,3.53,4,17,0,5,76.9,0.0,0
39,Lab,West,Private,15,0,22.91,0,14,0,2,53.8,0.06,0
29,Specialty,West,Medicaid,0,1,27.51,0,17,1,1,100.3,0.16,0
20,Telehealth,East,Private,4,0,3.86,4,17,0,2,56.5,0.0,0
85,Primary Care,North,Private,6,1,10.89,4,8,1,5,78.6,0.01,0
23,Telehealth,Central,Private,22,2,9.15,3,17,0,3,70.0,0.08,0
81,Specialty,South,Medicaid,10,0,2.33,2,9,1,3,54.8,0.0,0
18,Imaging,North,Medicare,10,1,11.02,5,10,1,6,74.2,0.17,0
73,Telehealth,North,Medicaid,34,2,4.97,0,13,1,4,67.8,0.05,0
41,Lab,East,Medicare,18,1,7.15,4,15,1,2,62.4,0.18,0
55,Primary Care,East,Medicaid,17,1,12.62,3,17,1,0,85.8,0.1,0
38,Lab,West,Medicare,10,0,5.25,2,12,0,3,77.5,0.06,0
53,Specialty,West,Private,8,0,5.21,0,10,1,1,78.6,0.03,0
50,Primary Care,North,Medicare,0,1,10.17,4,11,1,3,67.4,0.06,1
56,Imaging,South,Private,24,0,15.44,1,11,0,2,74.2,0.25,1
46,Specialty,Central,Medicaid,18,1,9.76,3,10,1,3,69.7,0.12,0
56,Specialty,Central,Medicaid,12,1,5.41,6,10,1,4,76.0,0.05,0
77,Primary Care,Central,Private,13,0,14.32,5,15,0,0,58.3,0.15,0
49,Primary Care,North,Medicaid,21,0,8.88,0,17,0,3,41.5,0.16,0
44,Primary Care,Central,Private,0,0,17.74,6,13,0,2,86.3,0.72,1
27,Imaging,Central,Medicare,8,3,21.01,4,9,0,3,69.8,0.57,1
43,Primary Care,East,Medicaid,3,2,9.64,5,14,1,3,76.9,0.17,1
27,Specialty,West,Private,32,0,16.89,0,13,0,3,61.8,0.05,0
31,Specialty,South,Private,23,2,17.24,6,12,1,2,67.3,0.14,0
86,Primary Care,West,Medicaid,0,0,6.43,5,8,0,1,88.2,0.05,0
24,Primary Care,Central,Private,0,0,17.23,6,15,1,0,74.4,0.2,0
52,Primary Care,East,Medicare,13,0,7.41,6,14,1,3,96.5,0.49,1
78,Lab,North,Medicaid,9,1,11.79,5,10,1,3,80.7,0.01,0
86,Telehealth,East,Private,1,2,6.85,3,11,1,2,62.0,0.14,0
28,Primary Care,West,Private,33,2,1.7,5,13,0,4,75.3,0.07,1
29,Primary Care,West,Self-pay,17,0,25.13,6,13,1,2,90.2,0.08,1
44,Specialty,East,Medicare,19,1,11.46,6,14,1,2,72.6,0.0,0
57,Primary Care,Central,Medicare,7,0,12.19,4,8,1,0,77.7,0.14,0
87,Specialty,North,Private,21,0,7.97,6,13,1,2,87.0,0.03,0
32,Specialty,North,Self-pay,10,0,17.15,4,8,0,4,41.9,0.07,0
29,Imaging,South,Private,11,1,6.31,3,9,0,5,78.4,0.02,0
36,Primary Care,Central,Private,20,1,6.65,1,8,1,2,86.2,0.22,0
80,Lab,Central,Private,0,1,2.73,3,14,0,4,60.8,0.03,0
20,Specialty,Central,Medicaid,30,2,8.6,6,16,1,5,82.5,0.02,1
45,Primary Care,Central,Private,16,1,16.56,0,17,1,1,69.9,0.28,0
26,Telehealth,East,Private,27,1,6.37,6,15,1,3,49.7,0.03,0
29,Primary Care,South,Medicare,3,0,2.38,4,15,0,3,79.5,0.14,0
84,Primary Care,West,Medicare,5,0,14.23,0,9,0,4,69.9,0.14,1
18,Primary Care,East,Private,2,0,10.24,1,8,1,1,69.1,0.11,0
41,Imaging,East,Medicare,17,2,23.17,0,11,1,3,77.8,0.19,0
83,Specialty,North,Private,15,0,3.67,5,11,1,2,58.6,0.01,0
61,Specialty,East,Private,9,0,11.49,2,12,1,3,79.3,0.38,0
23,Primary Care,East,Private,4,1,2.28,1,14,1,4,59.1,0.11,0
51,Primary Care,North,Self-pay,1,0,7.0,1,8,0,5,88.2,0.22,0
87,Primary Care,Central,Medicare,14,1,8.07,3,9,1,4,83.7,0.11,0
46,Specialty,North,Private,9,1,1.5,2,16,1,1,88.5,0.0,0
56,Primary Care,Central,Private,7,0,15.73,6,13,1,2,75.6,0.09,0
56,Specialty,North,Private,29,1,12.85,6,11,1,4,64.9,0.52,0
65,Imaging,Central,Medicare,13,0,10.24,1,16,1,3,61.3,0.14,0
31,Specialty,East,Medicare,27,3,2.43,6,14,1,2,60.6,0.15,1
78,Specialty,South,Private,9,0,4.0,0,16,0,1,67.9,0.05,0
89,Specialty,South,Self-pay,16,0,13.92,3,14,0,0,61.8,0.03,0
28,Primary Care,South,Private,13,2,6.95,4,13,1,0,73.9,0.22,1
76,Specialty,Central,Private,0,1,5.9,1,17,1,2,60.3,0.08,1
76,Primary Care,North,Private,28,1,16.88,4,17,1,2,62.5,0.03,0
71,Imaging,South,Private,13,0,7.85,4,15,1,3,65.4,0.03,0
44,Specialty,West,Medicaid,21,2,2.64,6,14,1,3,60.7,0.01,0
51,Specialty,West,Medicare,6,0,13.79,6,8,1,6,65.9,0.16,0
78,Lab,East,Medicaid,12,1,2.32,5,16,1,1,77.0,0.3,0
29,Primary Care,North,Private,5,1,6.99,5,9,0,0,59.4,0.02,1
77,Primary Care,East,Private,26,0,8.7,2,8,1,1,55.6,0.04,0
84,Lab,South,Private,17,0,11.8,6,12,1,5,67.9,0.0,0
67,Primary Care,West,Private,18,0,1.82,2,8,1,3,56.3,0.13,1
42,Primary Care,South,Private,28,1,0.54,5,8,1,4,86.0,0.33,0
58,Primary Care,Central,Private,26,1,0.57,3,12,1,2,61.6,0.08,0
21,Specialty,West,Self-pay,22,1,18.35,3,11,1,2,70.6,0.05,0
85,Specialty,East,Medicare,0,0,1.51,5,9,0,0,75.4,0.03,1
42,Lab,Central,Private,7,1,21.61,0,17,1,2,54.9,0.13,1
22,Imaging,Central,Medicaid,4,0,14.85,5,10,1,3,59.9,0.0,0
75,Specialty,Central,Private,21,0,3.1,5,10,1,4,62.4,0.06,0
65,Imaging,West,Medicaid,16,1,0.85,3,16,1,3,79.4,0.0,0
62,Lab,Central,Self-pay,0,0,7.41,4,15,1,5,92.0,0.05,0
21,Primary Care,South,Private,12,0,4.56,1,11,1,2,92.3,0.12,0
72,Specialty,Central,Self-pay,0,0,17.07,5,10,1,3,85.3,0.14,0
63,Primary Care,West,Private,13,1,8.64,0,17,1,2,55.1,0.01,0
75,Primary Care,East,Private,0,0,7.06,5,8,1,1,59.5,0.44,0
77,Imaging,Central,Medicare,19,1,5.92,4,14,1,3,86.6,0.01,0
33,Imaging,West,Medicare,18,1,11.78,1,8,0,2,88.3,0.04,0
33,Lab,West,Private,33,0,6.56,5,8,1,5,79.5,0.0,0
84,Specialty,Central,Private,22,1,24.54,1,9,1,1,79.7,0.03,1
56,Primary Care,West,Private,10,0,1.45,3,13,1,2,64.9,0.24,0
49,Primary Care,South,Private,22,0,5.42,5,10,1,1,90.6,0.31,1
38,Primary Care,South,Private,0,1,10.59,0,14,1,3,61.2,0.03,0
64,Primary Care,East,Private,4,2,9.6,2,17,1,1,50.7,0.39,1
72,Specialty,South,Self-pay,17,0,24.5,4,8,1,2,79.6,0.05,1
18,Imaging,West,Medicaid,0,1,3.73,1,14,1,1,63.0,0.33,1
57,Primary Care,Central,Self-pay,14,2,0.23,3,17,1,1,54.4,0.0,1
89,Primary Care,South,Private,4,1,14.05,4,9,1,1,80.5,0.05,1
38,Primary Care,Central,Private,15,0,8.33,6,12,1,4,48.1,0.18,0
38,Imaging,West,Medicare,3,0,14.14,2,8,0,2,75.5,0.02,0
81,Primary Care,Central,Medicare,18,1,9.25,5,9,1,2,64.6,0.01,0
22,Primary Care,South,Medicare,14,1,0.44,4,17,0,3,89.2,0.27,0
46,Specialty,East,Private,28,1,9.7,3,10,1,2,75.5,0.02,1
50,Primary Care,West,Medicaid,14,1,3.71,4,9,1,0,82.9,0.13,1
75,Primary Care,Central,Medicare,6,0,5.42,6,16,1,1,57.0,0.16,0
27,Lab,Central,Private,12,1,6.38,4,10,0,2,49.7,0.19,0
49,Primary Care,Central,Medicare,1,0,2.32,3,10,0,2,65.7,0.16,0
28,Primary Care,South,Private,18,0,3.59,6,16,0,3,77.3,0.04,1
74,Primary Care,East,Private,20,0,12.36,4,15,1,2,70.9,0.52,0
63,Primary Care,West,Self-pay,39,0,12.35,1,13,1,4,83.8,0.11,0
53,Telehealth,North,Medicare,8,0,1.26,4,16,0,3,76.6,0.01,1
46,Imaging,Central,Private,11,2,8.4,6,10,1,0,57.4,0.04,0
29,Specialty,West,Private,8,0,13.34,4,15,1,0,75.6,0.15,0
84,Specialty,Central,Private,16,1,7.76,5,14,1,1,72.1,0.03,0
64,Primary Care,Central,Self-pay,18,2,8.77,4,13,1,3,85.2,0.16,1
40,Primary Care,North,Medicaid,13,0,1.38,5,11,1,3,58.9,0.1,0
47,Primary Care,East,Medicare,25,0,16.62,0,9,1,2,62.0,0.12,0
70,Lab,West,Self-pay,8,1,2.53,5,13,0,3,74.8,0.03,1
69,Imaging,Central,Private,24,3,5.19,6,16,1,4,87.0,0.0,0
51,Primary Care,West,Medicaid,19,0,13.43,0,8,1,3,67.6,0.19,1
39,Imaging,North,Private,14,0,20.74,5,9,1,3,77.2,0.0,0
65,Primary Care,West,Medicaid,11,1,5.56,3,16,0,5,70.4,0.01,0
65,Primary Care,South,Medicaid,38,0,28.65,2,16,1,0,69.5,0.01,0
61,Primary Care,East,Private,6,0,7.97,0,13,1,5,83.8,0.13,0
23,Primary Care,Central,Private,17,0,7.29,2,12,1,0,71.3,0.16,0
52,Primary Care,North,Private,6,1,2.91,4,8,1,1,64.7,0.22,1
62,Telehealth,North,Private,32,2,5.29,3,17,1,2,64.0,0.13,0
86,Primary Care,East,Private,23,1,8.52,0,13,0,0,66.3,0.73,1
55,Primary Care,Central,Private,7,0,10.69,2,8,1,2,61.7,0.01,0
42,Primary Care,North,Medicare,19,0,10.33,0,11,1,2,67.1,0.06,0
58,Primary Care,North,Private,17,0,4.83,2,16,1,4,70.7,0.03,1
30,Primary Care,East,Medicaid,9,0,18.24,6,17,1,4,73.4,0.6,0
24,Primary Care,West,Private,22,0,7.48,5,14,1,3,58.2,0.01,0
66,Primary Care,North,Private,18,0,7.11,6,9,1,4,65.0,0.05,1
89,Primary Care,Central,Private,16,0,2.72,1,9,0,3,65.5,0.29,0
78,Primary Care,Central,Self-pay,14,1,11.5,4,11,1,2,60.8,0.04,0
60,Imaging,East,Private,18,2,6.79,2,15,0,3,63.0,0.09,1
20,Telehealth,North,Private,16,1,5.62,3,15,1,2,80.8,0.08,0
89,Primary Care,East,Private,15,3,1.94,6,15,0,1,86.4,0.04,1
50,Imaging,South,Private,8,1,2.03,5,10,0,3,66.2,0.01,0
38,Imaging,East,Self-pay,31,0,9.2,4,11,1,0,61.5,0.09,0
82,Specialty,Central,Medicare,3,0,20.1,6,11,1,2,69.0,0.15,0
71,Imaging,North,Private,18,1,5.98,3,15,1,0,71.0,0.19,0
71,Specialty,North,Private,11,0,5.95,0,15,0,3,78.3,0.29,0
37,Telehealth,North,Private,32,0,11.6,6,8,1,1,65.2,0.07,0
89,Primary Care,North,Medicare,5,0,16.21,0,15,1,3,63.5,0.05,0
50,Specialty,South,Private,7,1,4.45,1,11,1,2,99.4,0.1,0
56,Imaging,East,Medicaid,4,1,2.76,6,11,1,2,54.5,0.06,0
72,Telehealth,Central,Private,17,0,6.64,6,13,0,3,80.8,0.02,0
65,Specialty,North,Private,0,2,10.22,0,12,1,2,87.9,0.32,1
30,Telehealth,South,Medicare,9,0,0.58,5,17,0,2,67.0,0.04,0
39,Imaging,Central,Medicaid,0,0,4.99,4,13,1,2,75.3,0.16,0
44,Imaging,East,Medicare,16,1,6.12,0,16,1,2,49.9,0.12,1
86,Lab,Central,Medicaid,9,0,5.48,3,16,1,2,70.3,0.05,0
69,Imaging,East,Medicaid,0,3,1.75,1,17,1,3,83.9,0.07,1
44,Specialty,North,Medicaid,25,0,5.01,3,14,1,0,71.4,0.08,0
70,Imaging,South,Private,1,4,6.2,1,17,1,0,70.5,0.33,0
71,Primary Care,Central,Medicaid,22,0,3.2,0,13,0,5,90.8,0.06,1
46,Telehealth,Central,Medicare,7,0,8.56,4,11,1,2,79.8,0.03,0
47,Lab,East,Medicare,30,1,12.85,5,16,1,1,78.5,0.11,1
82,Specialty,East,Medicare,21,4,13.19,1,16,1,2,60.3,0.04,1
58,Primary Care,East,Private,4,0,3.93,4,11,1,4,40.7,0.04,0
28,Primary Care,North,Medicare,5,1,10.08,3,17,0,3,74.5,0.03,1
69,Primary Care,North,Medicaid,20,0,9.47,6,12,1,1,70.1,0.1,0
60,Primary Care,Central,Self-pay,11,2,23.16,3,10,1,2,79.2,0.06,0
54,Imaging,North,Private,12,0,10.12,3,14,1,2,71.5,0.04,0
70,Lab,South,Self-pay,27,0,10.57,0,10,1,3,70.5,0.28,1
83,Imaging,West,Private,7,2,14.71,6,12,1,3,70.4,0.01,1
41,Primary Care,East,Self-pay,15,1,2.23,4,13,1,1,56.7,0.05,0
48,Telehealth,Central,Medicare,24,1,7.33,1,12,1,2,47.9,0.03,1
31,Lab,North,Medicare,22,1,20.96,0,9,0,2,59.4,0.28,0
64,Imaging,Central,Medicare,12,0,21.25,1,9,0,5,56.8,0.17,1
46,Primary Care,North,Self-pay,11,0,5.01,3,8,1,2,69.5,0.18,0
42,Imaging,South,Private,0,0,20.57,6,14,1,7,50.4,0.12,0
68,Primary Care,East,Private,3,1,5.64,4,17,0,2,64.3,0.04,0
47,Primary Care,Central,Medicaid,17,0,8.8,0,14,1,0,93.2,0.08,0
51,Specialty,East,Private,13,0,1.46,1,13,1,3,69.1,0.02,0
49,Imaging,South,Medicare,15,0,17.67,1,16,1,4,70.6,0.09,0
36,Primary Care,East,Medicare,24,1,5.41,0,8,1,3,70.2,0.3,1
27,Telehealth,North,Medicaid,2,0,1.81,0,8,1,3,72.5,0.04,0
77,Lab,Central,Medicaid,12,1,6.32,0,17,1,2,63.7,0.02,0
24,Specialty,Central,Private,16,1,0.38,4,16,1,2,68.0,0.06,0
41,Primary Care,West,Medicare,7,1,11.24,4,13,0,0,63.5,0.17,1
66,Primary Care,East,Medicare,28,0,15.48,5,8,1,4,52.1,0.06,0
27,Specialty,West,Medicare,23,2,2.84,1,9,1,2,84.1,0.05,1
65,Lab,East,Private,17,1,2.74,6,15,1,4,59.4,0.06,0
70,Specialty,North,Private,32,2,10.66,2,10,0,2,89.2,0.14,0
65,Primary Care,East,Medicare,0,3,11.61,1,13,1,2,60.8,0.01,1
39,Primary Care,West,Private,14,1,4.1,1,15,1,4,53.7,0.15,0
19,Primary Care,Central,Medicare,18,0,3.21,2,12,1,5,93.2,0.11,0
81,Specialty,South,Private,5,1,13.62,0,12,1,4,52.2,0.17,1
41,Specialty,Central,Self-pay,17,2,1.62,2,17,1,0,42.8,0.12,1
75,Primary Care,Central,Medicaid,3,2,4.78,4,17,1,1,52.6,0.11,0
32,Specialty,Central,Medicare,21,0,3.14,6,12,1,4,68.3,0.02,0
29,Lab,Central,Medicaid,25,0,10.54,0,10,0,1,53.9,0.29,1
74,Specialty,North,Self-pay,17,1,3.37,4,8,0,3,63.2,0.11,1
85,Primary Care,East,Medicaid,0,3,14.9,1,9,1,3,45.6,0.12,1
79,Specialty,Central,Medicare,4,1,4.63,2,13,0,3,83.0,0.02,0
72,Telehealth,Central,Private,20,1,9.21,4,17,0,1,75.0,0.2,0
35,Primary Care,North,Medicaid,14,1,3.43,2,13,0,4,54.8,0.18,0
83,Primary Care,West,Medicare,0,0,7.96,3,17,0,2,42.2,0.0,0
66,Specialty,Central,Private,26,1,3.83,2,15,1,3,59.2,0.38,1
30,Primary Care,South,Medicare,15,2,2.6,2,8,1,2,77.8,0.08,1
27,Lab,South,Private,6,0,11.56,4,11,1,5,82.9,0.0,0
80,Imaging,East,Medicaid,24,1,3.34,2,13,1,5,67.2,0.11,0
37,Primary Care,East,Medicaid,7,1,3.4,3,8,1,6,64.0,0.02,0
73,Lab,East,Private,7,1,7.44,5,8,0,5,63.1,0.08,0
27,Imaging,North,Private,18,1,8.44,4,11,1,2,73.7,0.22,1
38,Specialty,Central,Self-pay,32,1,2.5,5,16,1,2,80.6,0.06,1
38,Primary Care,North,Private,30,0,9.94,3,14,1,1,68.3,0.14,1
38,Imaging,Central,Medicaid,18,0,3.6,3,13,0,3,65.5,0.1,0
66,Lab,North,Medicare,19,0,1.92,0,13,0,3,79.4,0.14,0
83,Primary Care,Central,Medicare,22,0,5.34,4,13,1,2,87.9,0.04,0
83,Primary Care,South,Private,1,1,5.28,4,16,1,1,66.6,0.25,0
71,Telehealth,West,Private,20,0,9.35,3,11,1,3,71.0,0.06,0
32,Primary Care,North,Medicare,7,1,23.74,5,10,1,2,61.0,0.14,0
87,Primary Care,East,Private,17,0,7.34,4,10,1,2,71.0,0.01,0
57,Primary Care,South,Medicaid,12,1,10.3,1,13,1,3,58.9,0.01,0
57,Imaging,North,Self-pay,19,0,1.41,1,10,1,2,87.1,0.0,0
68,Imaging,West,Medicaid,15,1,15.39,4,17,1,0,80.6,0.06,1
73,Primary Care,North,Private,0,0,6.07,0,14,1,1,90.8,0.02,0
86,Primary Care,Central,Medicare,16,0,2.09,6,11,1,3,63.3,0.03,0
59,Specialty,East,Private,20,0,14.99,2,10,1,2,94.8,0.13,1
61,Imaging,North,Medicare,18,1,6.28,4,12,0,0,72.9,0.03,0
71,Primary Care,Central,Private,13,0,13.32,3,16,1,4,68.4,0.18,0
36,Specialty,North,Medicaid,30,0,25.48,4,17,1,2,85.1,0.18,0
40,Specialty,Central,Medicare,17,1,1.59,2,13,1,1,57.8,0.12,1
63,Primary Care,South,Private,18,1,3.47,4,9,1,1,70.4,0.01,1
22,Primary Care,East,Private,24,1,11.7,1,8,0,3,68.1,0.28,0
41,Telehealth,Central,Medicare,18,0,6.62,2,13,1,0,75.0,0.05,0
69,Lab,North,Medicaid,5,0,0.44,0,14,0,3,64.7,0.18,0
88,Primary Care,West,Private,0,0,4.87,1,11,1,4,63.5,0.0,0
55,Lab,North,Medicare,9,1,5.54,0,16,1,4,65.4,0.48,0
46,Specialty,West,Private,22,1,6.29,3,8,0,4,66.5,0.04,1
49,Telehealth,North,Medicaid,10,1,3.35,0,11,1,1,70.9,0.04,0
67,Telehealth,North,Medicare,22,2,18.12,1,15,0,4,85.5,0.03,1
57,Specialty,North,Medicaid,15,1,1.42,3,10,0,3,44.1,0.2,0
19,Specialty,West,Private,27,1,8.85,4,9,1,1,79.2,0.41,0
56,Primary Care,Central,Self-pay,11,1,4.14,0,15,1,3,64.3,0.01,0
46,Specialty,Central,Medicaid,19,0,3.88,5,16,1,3,67.9,0.01,1
68,Primary Care,West,Private,19,1,16.5,3,9,0,5,57.0,0.13,1
81,Imaging,Central,Medicare,29,1,5.3,0,12,1,4,70.6,0.03,0
87,Primary Care,Central,Private,0,0,8.89,0,17,0,1,65.3,0.01,1
61,Lab,East,Medicaid,9,1,12.26,6,9,1,3,67.3,0.04,0
44,Telehealth,South,Medicaid,22,1,6.86,3,9,1,3,77.0,0.2,1
49,Primary Care,West,Medicare,29,1,16.66,6,10,1,3,77.6,0.01,1
30,Specialty,North,Private,16,1,1.87,3,12,1,2,87.0,0.03,0
85,Lab,Central,Medicaid,11,0,9.3,0,16,1,5,62.9,0.05,0
79,Specialty,East,Medicaid,22,0,23.91,5,12,1,2,78.2,0.02,1
79,Telehealth,South,Medicare,23,0,8.72,3,11,1,5,77.6,0.2,0
41,Specialty,Central,Medicare,10,0,1.07,2,16,1,0,71.1,0.01,0
41,Primary Care,North,Private,17,0,9.54,1,10,1,2,90.2,0.01,0
79,Specialty,Central,Private,26,0,18.63,3,11,1,4,62.3,0.28,1
57,Specialty,Central,Self-pay,33,1,4.92,6,10,1,1,71.8,0.11,1
68,Primary Care,West,Medicaid,21,0,4.87,1,9,1,1,73.7,0.14,0
53,Imaging,West,Private,14,0,11.36,3,13,1,3,55.6,0.06,0
49,Specialty,North,Private,13,0,9.91,0,17,1,0,85.2,0.75,1
63,Primary Care,East,Private,20,2,7.06,4,10,1,4,68.7,0.02,0
76,Specialty,Central,Private,13,1,3.57,6,8,1,5,75.2,0.12,0
42,Primary Care,North,Self-pay,16,1,4.48,6,17,1,5,89.0,0.01,0
76,Specialty,South,Private,3,0,2.68,5,9,1,3,72.6,0.09,0
35,Specialty,South,Private,27,0,0.94,4,8,1,2,70.5,0.01,0
47,Primary Care,West,Medicaid,3,0,15.4,4,15,1,2,70.8,0.08,0
83,Lab,West,Private,10,1,11.81,6,9,1,3,57.9,0.02,1
86,Telehealth,North,Private,15,0,10.97,0,17,1,3,65.4,0.0,0
84,Specialty,South,Medicare,34,0,10.82,1,12,1,2,68.2,0.02,0
40,Imaging,Central,Private,10,5,5.69,0,14,1,5,71.2,0.06,1
78,Telehealth,South,Private,7,0,5.08,1,10,1,2,86.5,0.11,0
85,Primary Care,South,Medicare,8,0,2.11,1,10,1,5,81.1,0.18,0
88,Primary Care,North,Self-pay,31,0,12.52,3,15,1,3,62.9,0.45,0
19,Primary Care,Central,Medicaid,0,1,33.56,4,13,1,3,69.7,0.09,0
71,Specialty,North,Private,4,0,9.24,6,17,1,3,86.8,0.14,1
89,Primary Care,South,Medicare,41,1,13.82,4,17,1,3,49.3,0.05,0
73,Specialty,East,Medicare,20,0,13.86,0,14,0,2,67.3,0.08,0
34,Specialty,North,Private,3,0,19.47,0,15,1,3,54.3,0.25,0
72,Primary Care,Central,Private,14,1,3.16,3,16,1,4,99.3,0.03,1
25,Primary Care,Central,Medicare,15,0,1.44,4,13,1,5,79.3,0.23,0
52,Primary Care,West,Private,22,0,7.89,5,16,1,3,64.0,0.16,0
63,Specialty,East,Medicaid,32,1,6.12,2,8,1,1,69.6,0.07,0
50,Primary Care,North,Private,18,0,31.67,1,9,1,1,60.1,0.07,1
68,Primary Care,East,Private,9,2,2.72,0,12,0,6,93.9,0.02,1
35,Primary Care,South,Medicaid,22,0,23.67,4,8,0,0,42.5,0.14,0
61,Imaging,West,Medicaid,7,0,6.17,6,12,1,1,73.9,0.1,0
64,Primary Care,North,Private,4,1,2.42,0,14,1,3,69.1,0.16,0
63,Imaging,West,Medicaid,0,2,20.75,0,11,1,2,57.7,0.01,1
38,Lab,South,Medicaid,0,0,3.21,0,17,1,4,67.0,0.01,0
39,Specialty,East,Private,5,2,13.88,3,16,0,4,50.6,0.29,0
36,Primary Care,North,Medicare,2,0,8.07,2,16,1,2,88.8,0.06,0
51,Specialty,South,Medicaid,17,2,23.62,5,15,1,5,70.3,0.06,0
60,Primary Care,East,Private,2,1,16.04,5,14,1,1,81.0,0.13,0
44,Lab,East,Self-pay,0,0,6.04,3,14,0,1,64.2,0.02,0
47,Imaging,Central,Self-pay,4,2,20.82,0,9,1,5,86.1,0.0,1
38,Primary Care,South,Medicare,9,0,10.11,3,17,1,1,70.4,0.27,0
33,Primary Care,North,Private,8,0,7.21,2,15,1,3,82.9,0.05,0
65,Imaging,East,Medicaid,29,1,7.94,5,10,1,5,76.8,0.25,0
76,Specialty,South,Medicare,8,0,14.27,5,14,1,0,69.6,0.13,0
38,Primary Care,Central,Private,23,0,5.79,6,12,1,2,82.0,0.35,1
79,Imaging,South,Medicaid,14,1,4.51,2,17,0,4,105.0,0.02,1
59,Primary Care,Central,Medicare,14,0,3.64,2,13,1,2,56.4,0.1,0
30,Lab,West,Private,6,0,9.14,3,15,1,3,68.5,0.1,0
44,Lab,South,Private,13,0,3.88,5,9,1,3,54.5,0.24,1
18,Primary Care,East,Medicaid,6,0,14.42,3,9,1,3,75.0,0.02,0
20,Primary Care,East,Self-pay,16,1,5.67,2,17,0,1,72.7,0.33,0
42,Primary Care,East,Private,12,1,10.7,6,14,1,4,93.3,0.19,0
50,Lab,East,Private,5,0,16.68,2,14,0,3,66.9,0.09,0
75,Primary Care,West,Private,24,0,19.86,6,12,1,1,81.4,0.1,0
27,Primary Care,West,Medicare,18,0,8.44,4,14,0,2,45.0,0.06,0
78,Imaging,East,Private,10,0,0.78,0,12,1,0,71.8,0.05,0
34,Primary Care,West,Medicare,15,1,0.85,3,14,1,3,59.6,0.06,0
27,Primary Care,Central,Private,13,1,14.15,4,14,1,3,77.1,0.0,0
68,Imaging,East,Medicaid,5,0,3.0,6,10,1,3,83.8,0.02,0
73,Specialty,East,Medicaid,15,0,5.46,3,16,1,3,62.8,0.08,0
61,Specialty,South,Medicaid,8,0,15.66,0,17,0,3,76.5,0.35,0
26,Primary Care,North,Private,5,1,4.56,2,15,1,4,65.7,0.04,0
26,Specialty,South,Medicare,0,0,2.11,6,8,1,2,70.6,0.07,0
46,Specialty,East,Private,10,1,5.61,3,8,1,4,74.9,0.3,0
50,Primary Care,Central,Private,20,0,12.26,2,16,0,1,58.0,0.41,1
89,Telehealth,South,Medicare,7,0,4.49,6,9,0,0,58.0,0.1,0
38,Primary Care,West,Medicaid,39,0,11.07,2,17,1,3,80.4,0.19,1
31,Primary Care,North,Medicaid,23,0,2.18,5,11,1,4,61.9,0.06,0
86,Lab,North,Private,27,1,3.55,0,9,0,2,85.4,0.29,1
29,Primary Care,South,Medicare,22,0,5.68,3,14,1,3,48.7,0.01,0
19,Telehealth,East,Private,33,1,17.12,0,14,0,3,81.2,0.17,0
48,Specialty,South,Medicare,6,1,4.99,1,14,1,0,70.1,0.08,0
46,Primary Care,North,Private,0,0,4.39,3,15,0,6,68.9,0.41,0
62,Primary Care,East,Medicaid,10,0,4.41,4,13,1,1,71.8,0.05,0
81,Primary Care,East,Self-pay,20,0,11.06,0,11,1,1,52.6,0.04,1
85,Telehealth,East,Private,16,0,13.13,3,12,1,4,83.5,0.08,1
38,Telehealth,South,Medicaid,17,1,16.59,2,14,1,3,64.8,0.19,0
88,Specialty,South,Medicaid,27,1,26.17,3,15,1,1,60.0,0.06,0
63,Primary Care,South,Medicare,18,1,9.19,5,12,0,2,96.0,0.01,1
23,Specialty,South,Medicare,22,2,3.93,6,8,1,1,65.8,0.05,1
85,Primary Care,East,Private,5,0,6.34,0,12,0,1,59.6,0.25,1
27,Primary Care,East,Private,3,2,3.15,6,13,0,4,79.8,0.45,1
60,Primary Care,Central,Private,30,1,7.96,0,15,1,2,73.2,0.02,0
74,Primary Care,Central,Medicare,15,0,3.66,6,16,0,1,82.1,0.05,0
35,Primary Care,North,Private,8,1,16.52,4,15,1,1,71.0,0.09,1
37,Imaging,South,Medicare,8,0,8.66,5,10,1,2,81.5,0.27,0
52,Primary Care,Central,Medicaid,8,0,20.25,1,8,1,1,94.6,0.2,0
81,Primary Care,South,Medicare,7,0,12.8,4,10,0,2,60.9,0.03,0
34,Primary Care,East,Private,1,0,11.98,4,9,0,3,64.5,0.02,0
65,Imaging,West,Medicaid,0,0,2.1,2,14,1,2,50.8,0.01,0
50,Imaging,East,Private,12,0,11.04,3,10,0,1,74.6,0.02,0
26,Primary Care,North,Medicaid,8,1,25.79,6,9,0,1,71.5,0.03,0
69,Lab,South,Private,25,0,5.11,0,13,0,5,85.2,0.14,1
77,Imaging,North,Private,17,0,14.81,3,12,1,6,69.7,0.02,0
59,Primary Care,North,Self-pay,17,0,1.52,2,15,1,3,69.0,0.01,0
30,Primary Care,North,Private,7,0,2.73,1,17,0,4,72.3,0.1,0
29,Telehealth,West,Private,13,0,6.7,3,8,1,1,67.2,0.03,0
48,Primary Care,East,Private,18,0,4.45,0,8,1,2,74.4,0.11,0
54,Primary Care,North,Private,21,0,3.61,0,16,0,3,72.7,0.08,0
57,Specialty,North,Medicaid,13,1,4.47,5,17,0,0,76.5,0.04,0
35,Primary Care,Central,Private,25,0,10.18,2,11,1,4,67.3,0.13,0
54,Imaging,North,Private,14,0,14.93,2,9,1,2,76.6,0.02,1
39,Imaging,South,Medicaid,22,0,10.81,4,10,1,1,77.4,0.29,0
67,Lab,East,Private,9,0,11.27,5,12,0,3,66.1,0.15,0
75,Specialty,South,Private,0,1,6.93,6,8,0,5,69.0,0.17,1
64,Imaging,South,Private,17,0,2.66,4,9,1,2,67.9,0.24,0
18,Primary Care,North,Medicaid,21,0,6.51,1,8,1,3,55.3,0.2,0
89,Lab,Central,Medicare,20,0,8.12,1,15,1,3,64.2,0.05,0
19,Primary Care,West,Medicare,18,0,15.4,4,12,0,3,79.1,0.11,1
89,Primary Care,East,Medicare,11,1,22.43,5,17,0,1,80.2,0.04,0
20,Telehealth,Central,Medicare,6,0,9.56,6,12,1,3,74.1,0.07,0
55,Telehealth,West,Medicaid,20,0,14.32,5,11,1,3,57.8,0.06,0
25,Specialty,South,Medicaid,18,0,0.59,4,11,1,0,81.7,0.25,0
24,Specialty,East,Medicare,8,0,5.6,1,17,1,4,92.2,0.2,0
67,Primary Care,East,Medicaid,25,0,6.9,2,9,1,0,77.1,0.8,0
70,Imaging,East,Private,5,0,10.61,0,15,1,3,70.0,0.36,0
26,Primary Care,Central,Medicare,8,0,22.79,3,16,0,5,59.6,0.18,0
88,Primary Care,North,Medicare,30,1,9.15,4,17,1,2,69.8,0.12,0
41,Primary Care,North,Private,23,0,1.31,4,8,0,1,64.1,0.34,1
40,Lab,South,Private,10,1,11.36,1,14,1,3,67.6,0.09,0
39,Telehealth,North,Private,17,2,5.26,4,16,0,5,85.5,0.09,0
51,Telehealth,Central,Private,16,0,10.58,2,14,1,1,80.6,0.1,0
30,Imaging,East,Medicaid,0,1,12.04,4,16,1,0,65.9,0.02,0
48,Primary Care,North,Private,5,0,1.2,6,17,0,4,71.1,0.09,0
33,Primary Care,West,Medicare,13,1,6.62,2,16,1,4,69.9,0.06,0
21,Specialty,Central,Private,10,2,6.82,1,15,1,3,64.8,0.04,0
44,Primary Care,East,Medicare,16,1,9.06,6,9,1,0,53.9,0.1,0
66,Imaging,East,Private,25,0,3.86,3,16,0,3,79.9,0.39,0
72,Primary Care,West,Private,11,4,2.95,1,14,0,4,84.2,0.04,0
43,Lab,South,Private,3,0,22.54,2,10,1,6,62.7,0.07,0
41,Primary Care,West,Private,17,1,8.39,3,14,0,2,62.2,0.4,0
74,Primary Care,West,Private,11,0,3.25,2,9,1,3,80.9,0.22,0
67,Imaging,Central,Medicare,12,0,4.56,6,16,1,0,62.0,0.04,0
77,Specialty,Central,Self-pay,11,1,23.24,2,14,1,4,53.4,0.04,0
83,Primary Care,Central,Medicare,36,0,17.47,3,14,1,4,64.7,0.25,0
77,Imaging,North,Medicare,0,0,4.14,1,10,1,3,86.3,0.31,0
85,Specialty,Central,Medicare,10,0,2.7,4,9,1,4,63.7,0.03,0
47,Primary Care,West,Private,14,0,2.89,5,12,1,1,62.2,0.12,0
46,Specialty,South,Medicare,6,0,16.21,3,11,1,2,64.3,0.04,1
41,Telehealth,Central,Medicare,23,1,4.98,5,16,1,2,56.2,0.14,0
34,Primary Care,Central,Medicare,22,0,1.72,1,17,1,4,54.2,0.08,0
71,Primary Care,Central,Medicaid,14,0,4.68,3,14,1,4,66.9,0.22,0
69,Primary Care,North,Private,11,0,8.99,5,15,1,3,53.2,0.07,0
75,Specialty,North,Private,13,1,6.53,6,17,1,3,65.2,0.05,0
30,Telehealth,Central,Medicare,13,0,17.68,2,15,1,3,73.2,0.0,0
53,Primary Care,Central,Medicaid,13,1,9.07,0,11,1,2,74.5,0.82,0
33,Lab,South,Medicaid,12,2,10.02,5,10,1,5,68.3,0.03,1
82,Lab,South,Private,17,1,13.71,3,10,1,2,55.6,0.04,0
37,Primary Care,West,Medicare,22,0,13.21,0,11,1,3,65.1,0.05,0
28,Imaging,North,Self-pay,2,0,4.66,5,10,1,2,74.1,0.1,0
59,Telehealth,West,Private,3,0,2.75,3,14,1,4,77.4,0.06,0
81,Telehealth,Central,Medicare,0,0,8.54,4,17,1,2,66.7,0.14,0
83,Specialty,South,Private,23,0,7.67,2,10,1,6,61.6,0.13,1
24,Primary Care,West,Medicaid,17,0,9.12,6,12,1,2,71.0,0.03,0
41,Primary Care,East,Private,19,0,9.7,3,17,1,4,65.8,0.02,1
29,Primary Care,South,Medicaid,0,1,21.39,4,17,0,2,57.8,0.05,0
40,Specialty,East,Private,32,0,5.77,3,8,1,2,73.7,0.27,0
56,Primary Care,East,Private,8,0,9.99,6,11,1,2,70.2,0.02,0
38,Imaging,Central,Private,16,1,2.73,4,11,1,3,56.7,0.21,1
22,Imaging,East,Private,23,1,3.6,0,10,1,1,62.4,0.08,0
54,Primary Care,Central,Medicaid,4,0,7.3,5,17,1,2,67.7,0.11,0
21,Telehealth,North,Private,9,1,3.14,0,15,1,3,51.7,0.01,1
34,Primary Care,Central,Private,16,0,11.52,3,8,1,3,61.3,0.01,0
18,Primary Care,East,Medicaid,43,0,10.31,2,14,1,2,77.6,0.07,1
24,Lab,East,Private,17,0,4.19,3,13,1,2,64.1,0.03,0
49,Primary Care,North,Medicare,30,0,6.11,5,13,0,1,60.4,0.04,1
79,Primary Care,South,Private,26,0,16.33,0,15,1,3,83.0,0.0,0
73,Telehealth,East,Medicaid,18,0,8.46,0,12,1,4,74.2,0.13,0
25,Telehealth,Central,Medicare,4,1,29.97,6,15,0,4,78.3,0.03,0
20,Lab,Central,Private,25,0,6.11,1,12,1,3,60.6,0.11,0
42,Primary Care,North,Medicare,0,1,6.69,3,17,1,2,66.6,0.18,0
64,Primary Care,South,Private,30,1,7.3,6,16,1,2,69.9,0.05,0
71,Primary Care,East,Private,16,2,1.49,5,8,1,3,72.7,0.01,0
77,Primary Care,Central,Private,0,1,6.45,4,9,1,2,97.4,0.05,0
42,Telehealth,Central,Medicare,11,1,6.27,0,11,1,1,71.0,0.23,0
30,Primary Care,South,Medicare,21,0,12.28,2,8,1,0,83.0,0.06,0
19,Imaging,North,Private,12,0,16.79,3,8,1,2,97.5,0.23,0
28,Primary Care,North,Medicaid,21,1,5.7,0,8,1,2,90.6,0.05,0
22,Specialty,East,Private,5,0,0.78,4,16,0,3,71.9,0.1,0
79,Primary Care,North,Medicare,1,1,8.19,5,12,0,2,83.8,0.02,0
37,Primary Care,South,Private,13,1,3.11,2,15,0,2,71.5,0.08,0
77,Primary Care,Central,Private,14,1,8.74,6,16,1,3,69.5,0.12,1
57,Telehealth,East,Medicare,11,0,8.57,6,9,1,5,80.1,0.02,0
56,Specialty,Central,Medicare,26,0,3.92,5,14,1,2,80.6,0.14,0
50,Imaging,Central,Medicaid,5,0,8.24,2,14,1,0,76.1,0.01,1
76,Primary Care,South,Medicare,17,0,1.78,0,17,1,1,68.0,0.07,1
21,Imaging,North,Medicaid,15,0,9.15,4,16,1,5,64.2,0.07,1
24,Imaging,East,Self-pay,0,1,13.11,3,14,0,5,55.5,0.11,1
48,Specialty,West,Self-pay,1,0,10.64,5,14,1,4,71.9,0.02,0
46,Imaging,East,Private,14,0,4.75,2,13,1,4,72.8,0.04,0
57,Lab,Central,Private,34,0,12.43,1,13,1,4,80.0,0.07,0
71,Telehealth,Central,Medicare,20,1,11.44,6,13,0,2,52.5,0.22,0
60,Telehealth,East,Private,0,2,11.81,6,16,1,4,71.2,0.05,0
36,Specialty,North,Medicaid,0,1,18.18,5,16,1,4,67.6,0.24,0
41,Primary Care,South,Private,21,2,9.8,0,10,1,4,69.3,0.03,0
72,Primary Care,East,Medicaid,13,0,2.82,5,8,1,2,84.9,0.04,1
32,Primary Care,South,Private,25,0,3.29,6,10,1,2,85.4,0.03,0
54,Primary Care,Central,Medicaid,5,1,9.8,2,12,1,2,82.2,0.09,0
56,Primary Care,East,Medicare,18,1,6.37,3,10,1,4,71.1,0.01,0
72,Imaging,South,Private,22,0,5.45,0,12,0,3,67.7,0.04,0
69,Specialty,Central,Medicare,10,0,11.2,4,12,0,3,84.4,0.01,0
51,Imaging,West,Medicare,10,0,2.34,5,17,1,3,90.5,0.02,0
40,Telehealth,South,Medicaid,14,0,11.36,1,12,0,0,89.2,0.08,0
44,Primary Care,East,Medicare,19,1,6.07,4,9,1,4,75.9,0.23,1
47,Primary Care,West,Medicare,14,2,9.33,1,12,0,2,70.5,0.04,0
33,Imaging,East,Private,24,0,2.55,0,8,1,2,78.3,0.01,0
63,Specialty,South,Medicaid,9,3,11.68,0,8,1,1,79.1,0.23,0
33,Specialty,West,Private,1,1,14.75,5,14,1,3,65.2,0.03,0
64,Lab,West,Self-pay,34,0,47.06,1,10,1,2,67.7,0.04,1
72,Primary Care,North,Medicare,8,2,8.88,1,14,0,0,105.0,0.21,1
87,Specialty,South,Medicaid,8,0,14.39,6,8,1,0,65.2,0.09,1
26,Telehealth,West,Medicaid,13,1,3.14,5,11,0,2,80.2,0.2,0
72,Specialty,South,Private,15,0,17.52,1,13,1,4,63.8,0.04,1
24,Specialty,Central,Private,10,2,1.92,4,13,1,4,68.5,0.05,0
42,Primary Care,North,Private,14,0,22.33,3,13,1,4,58.9,0.16,0
30,Primary Care,West,Private,14,0,8.24,0,13,1,2,59.0,0.07,0
29,Primary Care,Central,Private,16,0,2.11,1,11,0,2,77.4,0.04,0
30,Specialty,South,Medicaid,0,2,5.58,5,11,1,2,76.0,0.02,0
21,Specialty,West,Medicare,33,0,14.28,5,12,1,4,92.1,0.23,0
77,Telehealth,North,Medicare,13,0,6.47,2,12,1,5,70.3,0.02,0
22,Specialty,West,Medicare,20,0,6.4,6,15,1,2,71.9,0.06,1
46,Primary Care,Central,Private,0,0,13.38,3,9,1,2,69.5,0.04,0
68,Lab,Central,Private,9,0,6.89,0,13,0,3,58.3,0.49,0
89,Primary Care,East,Private,7,1,16.78,6,15,1,2,77.1,0.05,0
79,Imaging,Central,Medicaid,29,1,4.63,0,11,0,2,68.0,0.0,1
27,Primary Care,Central,Medicare,8,2,1.36,6,11,1,2,52.8,0.01,0
89,Imaging,South,Private,22,0,7.21,0,14,1,1,83.3,0.03,0
65,Telehealth,Central,Medicare,7,1,7.88,2,14,1,4,63.1,0.0,0
30,Primary Care,North,Medicare,9,0,4.48,0,13,1,5,74.0,0.02,1
50,Specialty,Central,Private,12,0,9.14,4,12,1,2,74.4,0.01,0
84,Specialty,Central,Private,27,1,1.62,2,8,1,5,72.5,0.1,0
46,Primary Care,East,Private,0,0,9.34,3,9,1,2,57.9,0.01,1
31,Primary Care,East,Medicaid,1,0,2.69,1,12,0,1,86.8,0.13,0
81,Imaging,Central,Medicaid,0,1,2.11,5,15,1,4,61.3,0.06,0
86,Primary Care,North,Medicare,3,2,7.71,3,10,1,1,40.5,0.08,0
88,Primary Care,East,Private,6,0,1.94,2,12,1,3,80.2,0.17,1
86,Imaging,East,Private,0,2,0.9,0,10,1,3,79.8,0.09,1
80,Specialty,East,Private,7,0,10.25,3,9,1,2,55.7,0.23,0
50,Primary Care,North,Private,0,0,2.99,5,16,1,2,69.9,0.05,0
31,Telehealth,South,Medicare,4,0,11.02,0,17,1,1,83.0,0.02,0
62,Lab,Central,Private,26,0,5.89,3,17,0,4,86.9,0.25,0
33,Telehealth,Central,Private,18,0,7.71,6,16,1,2,77.3,0.03,0
52,Specialty,Central,Medicare,16,0,14.44,6,12,0,3,79.9,0.28,1
65,Primary Care,East,Private,4,3,9.85,6,15,1,2,78.6,0.06,1
86,Primary Care,West,Medicare,0,1,11.19,6,10,1,2,68.4,0.04,0
38,Telehealth,East,Medicaid,3,1,10.9,1,13,0,3,56.9,0.16,0
36,Lab,West,Medicare,14,0,4.14,1,10,1,3,66.9,0.03,0
70,Imaging,Central,Self-pay,23,2,9.53,4,14,1,3,83.5,0.14,0
18,Specialty,South,Medicare,23,1,3.34,5,12,1,2,83.4,0.02,0
58,Primary Care,Central,Medicaid,20,0,9.55,2,11,1,1,72.4,0.03,0
71,Imaging,Central,Medicare,7,0,5.67,1,8,0,2,66.0,0.0,1
57,Primary Care,East,Medicaid,14,0,6.62,1,10,1,2,90.8,0.08,0
45,Specialty,Central,Private,11,1,20.66,3,12,1,3,71.5,0.09,0
77,Imaging,Central,Private,12,0,10.58,0,13,1,0,77.6,0.05,0
44,Imaging,North,Private,34,1,4.41,4,16,1,3,55.5,0.27,0
69,Specialty,North,Medicare,0,0,1.61,5,15,1,3,69.3,0.17,0
51,Imaging,West,Private,12,0,7.89,5,13,1,2,83.0,0.25,0
19,Primary Care,Central,Self-pay,26,0,1.84,2,12,1,1,53.6,0.12,0
56,Primary Care,South,Medicare,0,0,22.43,0,12,1,1,69.5,0.14,0
21,Primary Care,East,Private,8,1,6.77,3,16,0,1,74.9,0.11,1
85,Primary Care,East,Medicare,9,0,13.46,5,16,1,2,87.1,0.28,0
61,Primary Care,East,Medicaid,12,0,2.24,6,11,1,2,81.7,0.12,0
44,Primary Care,North,Medicaid,0,0,10.39,0,13,1,4,90.3,0.07,0
53,Specialty,South,Medicare,20,1,15.43,0,11,1,3,80.0,0.13,1
62,Specialty,Central,Private,21,0,11.0,0,13,0,4,80.7,0.11,1
36,Specialty,North,Medicaid,19,2,12.76,3,12,1,3,58.5,0.17,1
38,Imaging,West,Medicaid,5,0,9.72,1,16,0,1,58.2,0.12,0
48,Primary Care,West,Medicaid,15,0,5.27,6,15,1,5,90.2,0.05,0
36,Primary Care,Central,Medicare,5,1,3.47,2,9,1,2,64.6,0.0,0
72,Primary Care,Central,Private,11,0,3.97,5,8,0,0,63.5,0.01,1
25,Primary Care,Central,Self-pay,36,1,22.79,2,17,1,3,42.3,0.08,0
77,Specialty,East,Private,15,0,8.52,1,11,0,0,82.7,0.01,0
43,Lab,North,Private,2,1,16.42,0,9,0,2,56.6,0.06,0
58,Primary Care,South,Medicare,16,2,4.63,1,15,1,2,60.2,0.12,0
29,Primary Care,East,Private,0,2,12.24,5,12,1,3,83.1,0.21,0
45,Primary Care,North,Medicaid,2,1,3.25,5,13,1,4,43.5,0.01,0
72,Primary Care,North,Medicare,4,0,6.01,4,14,1,2,86.3,0.03,0
37,Lab,South,Private,10,1,5.07,0,11,1,2,60.0,0.04,0
27,Specialty,East,Medicare,23,0,21.08,2,13,0,4,68.2,0.04,0
55,Imaging,West,Medicaid,20,0,3.76,4,14,1,1,60.7,0.11,1
29,Lab,Central,Medicaid,19,0,11.3,6,14,1,3,54.0,0.06,0
40,Specialty,East,Private,3,2,9.9,1,17,0,3,60.9,0.28,1
50,Primary Care,North,Private,9,0,2.45,1,11,1,1,60.1,0.3,0
58,Imaging,East,Private,17,0,16.54,5,13,1,2,55.2,0.18,0
64,Imaging,South,Medicaid,8,1,17.86,3,15,1,3,88.5,0.05,0
66,Primary Care,Central,Medicare,11,1,8.55,2,15,1,4,58.4,0.26,0
78,Specialty,East,Medicare,18,0,7.52,2,17,0,1,47.4,0.14,0
22,Specialty,South,Private,11,0,1.33,2,9,1,2,45.2,0.04,1
44,Primary Care,West,Medicaid,16,1,2.11,3,17,1,5,75.2,0.05,1
18,Imaging,East,Medicaid,30,1,5.89,5,12,0,4,49.2,0.14,0
18,Primary Care,East,Medicare,12,0,3.35,4,10,1,2,67.9,0.28,0
33,Primary Care,North,Private,26,1,13.47,0,10,0,2,93.6,0.06,1
61,Primary Care,South,Private,20,0,2.03,0,11,1,3,72.2,0.05,0
82,Specialty,North,Medicaid,0,2,1.85,4,17,1,3,73.9,0.06,1
73,Lab,Central,Medicare,3,1,10.6,5,9,1,5,63.6,0.04,1
64,Specialty,South,Medicaid,6,0,9.42,6,10,1,4,69.8,0.01,0
74,Imaging,North,Private,5,0,8.1,6,15,0,0,67.4,0.3,0
30,Primary Care,West,Private,13,0,12.27,4,17,0,0,73.7,0.02,1
78,Specialty,East,Private,20,0,4.31,1,8,1,2,89.9,0.02,0
82,Primary Care,South,Private,27,0,5.26,0,12,1,0,64.9,0.08,0
24,Specialty,Central,Private,17,1,9.21,5,12,1,4,60.5,0.02,0
51,Imaging,West,Medicare,10,1,8.51,6,12,1,0,69.1,0.05,1
77,Primary Care,Central,Private,0,1,3.6,2,15,1,2,81.5,0.29,0
52,Telehealth,South,Medicaid,15,2,15.0,0,13,1,1,65.9,0.04,0
78,Primary Care,East,Private,14,0,2.51,5,9,1,0,73.2,0.14,1
85,Imaging,East,Private,16,0,5.61,2,10,1,4,76.1,0.1,1
52,Specialty,East,Private,35,1,2.69,4,15,1,2,95.8,0.02,0
22,Imaging,North,Private,26,0,29.28,1,10,0,5,81.1,0.06,1
42,Specialty,South,Medicare,22,1,7.68,2,12,1,5,59.5,0.13,0
33,Primary Care,Central,Medicare,4,0,3.16,5,11,1,2,43.7,0.08,0
52,Telehealth,Central,Medicare,9,3,5.1,5,12,1,0,71.8,0.0,1
60,Imaging,North,Medicaid,13,0,9.11,1,15,0,2,61.5,0.13,0
51,Specialty,North,Private,6,0,13.4,5,10,1,6,64.2,0.01,0
32,Imaging,North,Private,19,0,3.45,1,15,1,3,58.0,0.02,0
39,Primary Care,West,Private,18,0,18.47,5,15,1,2,63.9,0.09,0
66,Imaging,South,Private,3,2,7.46,2,17,0,2,63.7,0.1,0
19,Primary Care,Central,Private,26,0,10.67,4,12,1,4,68.6,0.13,0
33,Lab,North,Medicare,15,0,4.79,2,8,0,3,61.9,0.25,1
82,Primary Care,West,Medicaid,0,0,9.61,0,14,1,3,61.4,0.09,0
25,Imaging,Central,Private,13,1,4.5,5,15,1,4,76.4,0.14,0
47,Telehealth,North,Private,17,1,5.33,0,8,1,4,70.0,0.33,0
32,Telehealth,Central,Medicaid,24,0,13.76,3,9,1,3,70.1,0.04,0
25,Imaging,Central,Medicaid,11,1,10.25,0,11,1,0,69.4,0.2,0
48,Imaging,East,Medicare,22,0,5.77,3,13,1,1,59.3,0.3,1
55,Specialty,South,Private,16,1,13.24,0,13,1,2,87.2,0.06,0
30,Primary Care,East,Private,1,0,8.89,1,9,1,2,94.4,0.06,1
23,Specialty,South,Medicaid,0,0,1.09,6,9,1,5,84.9,0.48,0
27,Specialty,Central,Private,25,0,6.65,6,17,1,6,48.8,0.0,1
64,Primary Care,East,Medicare,26,0,13.55,3,15,1,3,62.1,0.03,0
79,Imaging,Central,Private,17,0,22.33,2,13,1,3,78.5,0.02,1
30,Primary Care,West,Medicare,29,2,2.89,4,11,1,0,61.0,0.08,1
41,Specialty,South,Medicare,25,0,12.94,2,12,1,2,61.6,0.03,1
42,Specialty,East,Private,21,0,7.42,1,17,1,2,53.5,0.03,0
43,Lab,Central,Private,5,0,2.44,1,11,1,2,65.7,0.15,0
35,Primary Care,East,Private,31,0,2.65,4,11,1,3,60.1,0.17,0
21,Primary Care,South,Medicaid,19,1,2.99,6,12,1,2,41.3,0.09,0
55,Specialty,Central,Medicaid,10,0,1.76,4,9,1,0,83.8,0.05,1
43,Specialty,South,Private,7,2,2.24,4,9,0,4,75.0,0.06,1
42,Primary Care,Central,Private,17,0,7.64,5,16,0,4,54.0,0.1,0
37,Specialty,North,Medicaid,0,1,1.06,0,14,1,3,80.4,0.01,1
84,Telehealth,Central,Medicaid,21,1,3.49,4,11,1,2,71.5,0.24,0
61,Imaging,West,Medicaid,4,0,5.38,1,13,1,1,83.9,0.03,0
48,Primary Care,North,Private,18,0,3.51,2,12,0,1,78.8,0.15,0
32,Primary Care,North,Private,9,0,1.99,3,8,1,4,60.7,0.07,0
75,Specialty,South,Self-pay,11,0,7.24,5,15,1,1,78.0,0.01,0
81,Imaging,West,Medicare,6,0,3.45,1,9,0,6,78.5,0.05,0
20,Telehealth,South,Private,12,2,3.7,6,13,1,4,82.7,0.04,0
84,Primary Care,South,Medicaid,33,2,6.41,4,10,0,3,82.0,0.0,1
68,Specialty,West,Medicare,28,0,11.25,2,12,1,7,94.9,0.01,0
25,Telehealth,Central,Private,18,1,4.21,2,12,1,4,81.4,0.26,0
72,Primary Care,North,Self-pay,14,0,4.4,0,12,1,2,60.6,0.04,0
25,Telehealth,West,Medicare,22,1,2.35,2,10,1,1,72.1,0.04,0
21,Specialty,Central,Private,25,0,13.44,0,8,0,2,57.4,0.15,0
26,Imaging,East,Private,6,1,7.33,5,9,1,2,84.5,0.08,1
51,Specialty,Central,Medicare,13,0,12.86,5,15,0,1,59.7,0.04,0
62,Lab,West,Medicare,0,1,14.32,3,8,1,1,96.8,0.01,0
47,Telehealth,West,Private,25,0,4.17,6,13,1,3,66.5,0.02,0
26,Primary Care,Central,Medicare,35,1,12.19,0,11,1,4,69.5,0.03,0
32,Imaging,South,Private,15,1,7.89,6,14,1,5,64.4,0.02,1
79,Primary Care,East,Private,0,2,4.49,2,14,1,3,61.4,0.27,0
87,Primary Care,West,Self-pay,20,0,3.91,5,9,1,3,63.6,0.14,0
72,Specialty,North,Private,5,0,7.18,6,14,0,0,72.8,0.05,0
25,Specialty,East,Medicaid,7,1,8.52,0,14,1,4,70.2,0.14,0
77,Primary Care,Central,Private,20,2,0.77,5,10,1,1,64.9,0.38,1
67,Primary Care,North,Private,17,1,5.04,6,16,1,3,73.7,0.13,0
55,Primary Care,East,Private,9,1,8.25,5,12,1,2,63.5,0.11,0
28,Primary Care,North,Self-pay,8,1,9.73,1,8,1,2,69.9,0.02,1
89,Primary Care,North,Private,15,0,6.37,5,14,1,0,91.2,0.14,0
49,Primary Care,East,Private,10,0,9.52,1,12,1,1,63.1,0.1,0
21,Lab,North,Private,3,1,3.92,0,11,1,1,66.4,0.01,0
33,Primary Care,East,Medicare,11,0,9.34,4,12,1,2,56.1,0.05,0
46,Telehealth,North,Private,17,0,8.44,0,17,1,4,65.9,0.11,0
22,Primary Care,Central,Private,12,0,14.16,3,11,1,2,74.5,0.05,0
41,Specialty,Central,Medicare,0,4,19.12,0,14,1,1,63.7,0.01,1
51,Primary Care,South,Medicaid,24,0,14.4,5,16,1,3,56.4,0.1,0
86,Primary Care,North,Medicaid,0,1,5.77,0,13,0,3,74.3,0.08,0
24,Specialty,South,Self-pay,10,0,2.49,4,16,1,6,75.6,0.07,0
59,Primary Care,North,Private,8,1,3.49,5,12,1,4,77.4,0.01,0
83,Primary Care,West,Private,15,0,18.77,0,10,1,0,55.1,0.11,0
76,Primary Care,East,Private,20,0,7.47,0,12,1,4,86.4,0.0,0
84,Imaging,East,Medicaid,25,2,8.69,6,9,1,4,64.1,0.05,1
30,Primary Care,Central,Medicaid,7,2,12.85,3,10,1,5,57.9,0.12,0
75,Primary Care,Central,Medicare,20,1,7.13,3,10,1,2,82.3,0.17,0
88,Primary Care,East,Medicare,16,0,15.91,1,8,1,4,86.0,0.06,0
41,Specialty,West,Private,0,0,2.21,3,9,1,2,66.2,0.11,0
53,Telehealth,East,Medicare,33,0,10.06,5,16,1,3,60.0,0.04,0
56,Primary Care,West,Private,0,0,22.74,5,16,1,1,75.3,0.02,0
53,Primary Care,North,Private,18,0,16.78,5,17,1,0,54.0,0.06,0
38,Specialty,South,Private,18,0,17.45,2,8,1,4,100.6,0.05,0
87,Telehealth,South,Private,17,1,2.0,5,17,1,3,57.6,0.14,0
86,Primary Care,North,Private,9,0,8.34,3,11,0,1,74.3,0.08,0
45,Imaging,East,Self-pay,22,0,6.47,2,12,1,4,68.1,0.05,0
75,Imaging,West,Self-pay,0,0,3.47,2,9,1,0,59.0,0.03,0
46,Primary Care,East,Medicaid,13,2,8.44,6,17,0,1,58.8,0.05,1
75,Imaging,Central,Medicaid,8,1,2.51,1,17,1,0,83.5,0.07,1
60,Specialty,South,Private,7,1,9.5,6,15,1,4,74.4,0.05,0
51,Primary Care,Central,Private,18,0,3.25,6,8,1,2,61.6,0.04,0
27,Primary Care,South,Private,25,1,9.16,4,12,1,3,63.3,0.04,0
65,Primary Care,South,Private,11,0,3.62,0,10,1,3,60.2,0.05,0
41,Primary Care,North,Medicaid,22,0,5.51,4,17,0,4,80.6,0.19,0
33,Imaging,South,Private,14,0,5.1,0,14,0,4,81.1,0.17,1
31,Imaging,North,Self-pay,5,1,6.37,2,17,1,4,76.3,0.08,0
88,Lab,West,Medicare,11,0,6.88,0,16,1,2,73.0,0.01,0
25,Specialty,South,Private,11,1,5.12,5,13,1,4,77.5,0.19,0
75,Primary Care,North,Medicaid,7,1,2.95,3,10,1,2,50.2,0.35,1
80,Primary Care,South,Medicaid,18,3,14.82,6,15,0,2,73.3,0.04,1
20,Imaging,West,Medicare,16,0,7.1,4,14,1,0,82.8,0.49,1
60,Primary Care,East,Private,0,1,8.58,2,15,1,5,72.8,0.05,1
59,Primary Care,North,Private,0,0,5.12,5,17,1,1,70.6,0.13,0
43,Imaging,North,Medicare,18,1,29.86,2,14,1,5,62.4,0.07,0
66,Imaging,West,Medicaid,6,0,7.57,1,14,0,3,63.2,0.02,1
47,Primary Care,West,Private,17,1,15.34,1,12,0,3,63.7,0.1,1
49,Specialty,East,Medicaid,22,0,5.58,4,12,1,3,72.7,0.0,0
49,Primary Care,East,Private,1,0,10.35,6,9,1,1,64.2,0.08,0
75,Imaging,South,Self-pay,0,2,6.17,5,9,0,5,48.1,0.03,1
63,Imaging,East,Private,31,1,13.68,3,17,1,2,79.6,0.15,0
45,Imaging,West,Medicaid,18,1,4.69,0,9,1,4,76.3,0.13,0
84,Primary Care,Central,Private,10,1,2.64,6,8,1,2,74.3,0.0,0
75,Specialty,South,Medicaid,5,0,8.56,2,15,1,0,58.8,0.07,1
85,Primary Care,West,Medicaid,9,1,14.32,4,9,1,5,64.1,0.18,1
70,Specialty,East,Private,2,0,6.32,2,12,1,2,76.2,0.09,0
46,Telehealth,West,Private,23,0,4.59,2,11,0,3,70.3,0.15,0
73,Primary Care,West,Self-pay,6,0,2.21,2,12,1,0,61.6,0.18,1
41,Specialty,Central,Self-pay,25,1,14.46,4,11,1,2,85.6,0.16,1
37,Primary Care,North,Medicaid,10,1,3.37,3,8,1,3,59.8,0.0,0
50,Specialty,South,Private,4,0,5.07,1,10,1,3,34.2,0.06,0
87,Specialty,South,Private,10,0,4.98,2,14,1,2,71.0,0.04,0
58,Specialty,East,Private,0,0,6.71,3,8,1,2,71.6,0.12,1
45,Specialty,East,Medicaid,13,0,10.29,4,10,1,4,70.7,0.05,0
51,Telehealth,West,Private,12,0,24.29,3,16,1,1,74.8,0.04,0
38,Lab,East,Private,22,1,8.83,1,14,1,2,63.3,0.12,1
65,Telehealth,East,Medicaid,0,0,2.22,4,13,1,5,82.3,0.15,0
43,Primary Care,West,Medicare,26,0,6.45,5,13,1,0,53.6,0.11,0
57,Telehealth,South,Medicare,22,0,8.93,2,17,1,2,69.7,0.14,0
44,Primary Care,South,Self-pay,27,0,16.08,4,8,1,1,62.5,0.27,0
41,Primary Care,South,Medicare,13,1,14.84,3,16,0,3,82.1,0.13,0
87,Specialty,Central,Private,24,0,6.26,2,12,0,3,60.5,0.31,1
42,Primary Care,North,Medicaid,0,1,7.42,6,12,0,1,70.9,0.01,0
23,Imaging,South,Self-pay,21,1,8.22,6,10,1,3,71.0,0.09,0
45,Primary Care,South,Private,6,1,7.44,1,11,1,3,72.3,0.02,0
56,Specialty,West,Private,0,1,6.44,4,13,1,2,61.2,0.06,1
24,Primary Care,Central,Private,3,1,19.47,6,10,1,2,74.4,0.21,0
40,Primary Care,Central,Private,14,1,3.96,3,11,1,2,70.3,0.06,0
29,Lab,North,Private,6,1,13.11,3,17,1,0,74.1,0.26,0
54,Specialty,East,Private,18,0,11.48,6,16,1,4,88.9,0.01,0
70,Primary Care,North,Medicare,0,0,6.26,4,14,1,4,71.4,0.06,0
87,Imaging,Central,Private,0,0,3.75,5,10,1,0,58.1,0.06,0
46,Lab,South,Medicaid,28,0,7.08,0,16,0,4,93.5,0.01,0
80,Specialty,South,Medicare,23,1,10.6,4,16,1,3,81.7,0.27,0
33,Primary Care,East,Private,4,1,0.27,1,17,0,1,77.8,0.19,1
74,Telehealth,East,Medicaid,14,1,2.49,1,14,1,2,67.8,0.15,0
58,Primary Care,Central,Medicare,24,1,0.55,5,10,1,1,78.9,0.19,0
72,Primary Care,North,Medicaid,18,0,8.64,6,11,0,4,45.3,0.62,0
72,Primary Care,Central,Medicaid,15,2,8.36,6,17,0,1,88.6,0.04,1
56,Primary Care,South,Medicaid,25,2,2.76,5,9,1,6,80.8,0.01,0
36,Telehealth,North,Medicaid,7,1,3.5,3,15,1,4,67.9,0.1,0
55,Telehealth,West,Medicaid,14,0,8.02,3,13,1,1,80.5,0.06,0
77,Specialty,East,Private,14,0,1.57,1,12,1,5,77.4,0.11,0
87,Imaging,Central,Medicare,11,0,11.06,5,9,1,4,57.9,0.01,0
84,Lab,East,Medicare,10,1,5.72,5,17,0,2,72.1,0.54,1
31,Specialty,East,Self-pay,15,1,6.72,0,10,1,4,74.5,0.21,1
61,Imaging,South,Medicare,14,1,7.17,6,13,1,4,68.4,0.2,0
25,Telehealth,Central,Private,4,0,2.26,2,13,1,1,67.4,0.07,0
66,Primary Care,West,Private,22,0,7.2,4,11,1,4,80.8,0.01,0
89,Primary Care,West,Private,4,0,10.15,0,9,0,2,72.1,0.24,0
21,Imaging,Central,Private,12,0,3.81,1,9,1,4,92.5,0.15,0
65,Imaging,North,Medicare,11,0,3.45,4,14,1,2,62.2,0.19,1
86,Primary Care,Central,Self-pay,18,0,23.3,2,15,1,1,74.9,0.08,0
78,Primary Care,East,Private,0,1,3.14,0,10,1,3,59.0,0.05,0
46,Imaging,Central,Self-pay,23,0,4.86,6,15,1,2,78.1,0.12,0
25,Specialty,West,Medicaid,7,1,17.19,6,14,0,3,56.6,0.01,0
84,Lab,East,Private,26,2,1.46,1,10,1,3,73.5,0.0,1
84,Lab,Central,Private,9,2,6.13,4,11,1,5,84.2,0.17,0
59,Specialty,West,Medicaid,14,0,9.99,1,11,0,2,70.6,0.2,0
88,Imaging,North,Medicaid,33,0,6.43,5,13,1,1,58.1,0.08,1
18,Imaging,West,Private,11,0,1.23,4,8,1,5,81.3,0.05,0
62,Primary Care,East,Medicare,26,1,2.49,5,17,1,3,74.3,0.21,0
20,Specialty,Central,Private,14,0,1.02,3,13,1,2,69.0,0.01,0
85,Specialty,Central,Medicare,18,0,5.81,0,14,1,3,58.4,0.04,1
66,Lab,North,Private,15,0,8.95,1,14,1,2,50.7,0.19,0
83,Lab,North,Private,22,0,3.78,6,11,1,2,97.0,0.11,1
58,Primary Care,South,Private,7,0,5.15,4,16,1,6,63.1,0.04,0
23,Lab,West,Medicare,4,1,5.12,2,11,0,1,58.1,0.8,1
19,Specialty,Central,Private,8,0,15.33,6,8,1,0,73.8,0.02,0
42,Primary Care,West,Medicaid,15,0,7.93,3,13,1,4,57.8,0.18,0
71,Primary Care,Central,Medicaid,12,0,7.18,5,9,0,2,76.0,0.09,0
28,Lab,West,Medicare,21,1,13.68,5,16,1,3,86.2,0.06,0
79,Primary Care,East,Medicaid,27,4,1.86,0,8,1,3,57.3,0.01,1
35,Imaging,Central,Medicaid,4,1,7.86,6,10,1,0,66.4,0.02,0
53,Specialty,North,Private,7,1,4.33,6,17,1,4,75.2,0.06,0
32,Specialty,East,Private,0,0,16.77,6,10,1,2,55.4,0.02,1
51,Specialty,South,Medicare,34,0,13.76,4,13,0,5,59.1,0.21,0
50,Specialty,North,Medicaid,17,1,4.33,4,16,0,1,68.6,0.12,0
18,Telehealth,West,Self-pay,19,0,5.4,1,10,1,5,93.5,0.14,0
58,Primary Care,South,Private,1,0,2.98,1,11,1,5,59.8,0.35,0
74,Primary Care,East,Private,14,0,12.28,0,8,1,2,66.6,0.11,0
85,Primary Care,North,Medicaid,19,1,10.47,1,16,1,2,99.8,0.02,0
41,Imaging,East,Medicaid,11,0,5.64,6,8,1,2,79.5,0.08,0
81,Specialty,South,Private,25,1,5.59,1,17,0,5,49.7,0.02,0
81,Imaging,Central,Medicare,37,1,4.63,0,15,0,3,67.2,0.14,1
89,Primary Care,East,Medicaid,5,1,16.07,4,11,1,3,77.0,0.12,0
44,Specialty,Central,Private,4,0,6.04,1,12,1,2,87.4,0.03,0
79,Lab,East,Medicaid,5,1,4.77,3,13,1,3,86.7,0.07,1
58,Specialty,North,Self-pay,30,1,11.45,4,15,1,3,76.7,0.01,0
22,Specialty,West,Private,24,0,0.49,4,11,1,2,78.6,0.13,1
37,Imaging,North,Private,13,0,5.33,5,10,1,5,54.4,0.09,0
66,Imaging,East,Self-pay,14,1,12.57,0,9,1,2,61.7,0.03,0
29,Primary Care,East,Private,6,0,18.57,1,12,1,4,54.4,0.1,0
49,Specialty,Central,Private,23,0,3.92,2,12,1,1,82.4,0.12,1
73,Primary Care,Central,Medicare,10,0,9.63,5,14,0,4,74.5,0.06,0
28,Primary Care,South,Medicare,11,0,3.9,3,16,1,4,71.3,0.01,0
53,Specialty,West,Private,20,0,24.62,5,10,1,3,88.5,0.01,0
33,Primary Care,East,Medicaid,12,1,7.51,5,10,1,4,76.5,0.04,0
56,Primary Care,Central,Private,12,0,10.42,5,10,1,1,83.7,0.24,1
35,Imaging,Central,Private,14,0,0.65,4,9,0,3,79.1,0.19,0
87,Specialty,East,Private,22,0,4.58,5,9,0,0,80.2,0.0,0
23,Primary Care,South,Medicare,30,0,11.49,4,15,0,3,57.5,0.01,0
87,Primary Care,Central,Medicaid,20,1,1.84,0,15,1,1,81.7,0.26,0
75,Specialty,East,Medicare,22,1,7.5,1,16,0,2,75.7,0.05,1
79,Specialty,Central,Medicaid,12,1,19.14,6,13,1,5,65.1,0.19,1
79,Imaging,East,Private,7,2,11.94,0,16,1,5,78.2,0.07,1
31,Specialty,Central,Private,21,3,9.87,3,12,0,1,85.4,0.04,0
85,Lab,North,Private,16,1,4.81,5,16,0,4,68.8,0.15,0
60,Primary Care,West,Medicaid,0,1,2.36,3,13,1,5,61.0,0.02,0
87,Specialty,South,Medicare,11,2,6.39,1,8,1,3,61.6,0.04,0
81,Primary Care,West,Medicaid,13,0,10.72,0,9,1,5,53.3,0.07,0
59,Primary Care,Central,Private,9,0,2.98,4,13,1,2,68.0,0.19,1
44,Telehealth,West,Self-pay,29,1,11.87,4,16,1,2,77.1,0.17,0
26,Lab,West,Medicaid,19,2,7.81,4,9,1,2,90.8,0.1,0
25,Primary Care,North,Medicaid,28,0,3.46,1,15,1,4,60.3,0.06,0
46,Primary Care,North,Private,17,2,1.4,3,16,1,2,74.3,0.01,1
76,Lab,East,Private,15,2,1.81,3,9,1,1,70.3,0.12,1
54,Primary Care,East,Medicare,5,1,6.2,5,13,0,1,69.9,0.07,1
52,Telehealth,North,Medicare,14,0,14.64,1,16,1,3,51.6,0.01,0
35,Primary Care,West,Medicaid,14,0,3.5,4,11,1,1,57.9,0.03,1
58,Primary Care,West,Private,0,0,15.97,4,11,1,4,91.8,0.17,1
63,Primary Care,North,Medicare,9,0,1.22,4,12,1,4,82.1,0.02,0
88,Specialty,North,Private,11,1,7.03,0,12,1,4,73.4,0.13,1
70,Primary Care,South,Medicare,18,0,6.51,0,11,0,7,75.5,0.18,0
61,Specialty,West,Private,19,0,9.0,4,13,1,3,78.9,0.12,0
83,Telehealth,Central,Medicaid,8,0,7.71,4,10,1,5,64.6,0.04,0
48,Primary Care,East,Private,19,1,4.76,4,15,1,3,65.1,0.04,0
85,Specialty,North,Medicare,12,0,4.79,5,14,1,2,62.6,0.04,0
44,Primary Care,Central,Private,0,3,12.82,2,9,1,3,72.0,0.02,0
27,Specialty,North,Private,9,0,7.32,2,16,1,3,56.2,0.08,0
48,Primary Care,West,Medicare,25,1,0.61,6,10,1,2,62.0,0.06,0
27,Imaging,East,Private,0,0,5.15,4,13,1,1,76.1,0.06,0
26,Imaging,Central,Medicare,15,0,5.53,3,17,1,1,65.8,0.11,1
81,Lab,West,Private,30,1,5.5,3,14,1,4,49.0,0.01,0
75,Telehealth,North,Medicaid,6,0,11.55,5,17,1,4,65.4,0.04,0
33,Primary Care,South,Medicaid,14,0,4.2,2,14,1,5,76.5,0.12,0
78,Primary Care,South,Medicaid,1,1,8.2,3,16,0,2,71.4,0.3,1
22,Primary Care,South,Private,30,0,19.36,0,12,1,2,49.7,0.14,1
38,Imaging,East,Medicare,13,0,14.71,5,9,1,1,82.4,0.32,1
68,Primary Care,East,Private,14,1,3.89,3,9,1,4,67.0,0.24,0
39,Lab,Central,Private,28,1,7.48,6,13,1,1,74.1,0.62,0
70,Telehealth,North,Medicaid,21,0,0.26,2,9,0,2,82.5,0.22,0
80,Primary Care,East,Private,5,0,10.3,2,12,1,3,68.5,0.08,0
22,Primary Care,Central,Private,8,0,2.2,0,12,1,0,47.1,0.22,1
19,Specialty,East,Medicaid,19,0,6.71,6,8,1,4,91.1,0.11,1
85,Specialty,East,Private,8,0,6.04,2,16,1,4,43.5,0.28,0
55,Specialty,Central,Private,0,1,14.19,1,8,0,3,66.0,0.05,0
54,Primary Care,West,Self-pay,13,0,8.24,4,11,1,2,85.5,0.07,1
51,Lab,East,Private,0,0,6.0,5,16,1,2,61.6,0.0,0
49,Imaging,Central,Medicaid,30,0,10.8,0,8,1,5,62.3,0.14,0
67,Primary Care,North,Private,16,0,15.78,3,8,1,3,67.4,0.02,0
59,Primary Care,North,Self-pay,5,0,0.41,3,16,1,2,67.8,0.31,0
29,Imaging,East,Medicaid,7,0,4.08,0,10,1,1,59.7,0.08,0
63,Primary Care,North,Private,0,0,19.74,1,17,0,0,62.4,0.0,1
66,Lab,South,Self-pay,3,3,26.24,4,9,1,4,82.9,0.21,0
26,Specialty,North,Private,24,1,3.44,6,9,1,2,63.6,0.13,0
45,Telehealth,West,Medicaid,36,0,12.67,0,13,0,1,76.0,0.1,1
74,Imaging,East,Medicare,21,1,3.43,4,17,1,6,59.0,0.18,1
62,Lab,Central,Private,13,0,2.63,6,15,1,3,86.6,0.06,0
27,Imaging,South,Medicare,10,1,6.19,5,14,1,2,81.3,0.01,0
20,Specialty,West,Private,4,0,13.71,5,10,1,4,68.9,0.01,0
59,Primary Care,South,Medicare,35,0,5.59,6,8,1,3,77.7,0.05,1
51,Imaging,North,Medicare,12,0,13.59,4,15,1,3,88.3,0.46,1
87,Specialty,West,Private,35,1,14.47,0,9,0,2,58.0,0.26,0
55,Specialty,North,Medicaid,28,0,4.62,1,9,1,4,57.3,0.06,1
85,Specialty,West,Self-pay,0,0,4.51,2,12,1,4,74.5,0.06,1
33,Primary Care,West,Medicare,7,2,5.71,6,11,1,2,54.5,0.03,1
50,Primary Care,West,Medicare,7,1,6.91,1,16,1,0,51.4,0.1,1
28,Primary Care,West,Private,13,1,6.28,5,10,1,4,50.8,0.02,1
59,Primary Care,Central,Self-pay,13,0,7.41,4,14,1,3,71.8,0.04,0
31,Specialty,North,Medicaid,44,0,4.9,5,12,0,4,45.6,0.04,0
53,Lab,Central,Self-pay,3,2,2.4,0,10,1,3,65.2,0.03,1
42,Specialty,North,Medicaid,16,0,22.84,2,17,1,4,28.8,0.02,0
31,Telehealth,East,Private,20,0,4.08,3,15,1,2,75.3,0.04,0
24,Telehealth,Central,Private,14,0,1.35,3,15,1,2,76.1,0.22,1
54,Primary Care,South,Medicare,15,0,11.41,6,12,0,1,67.5,0.14,1
86,Specialty,Central,Private,4,0,2.84,2,10,0,4,84.2,0.02,0
32,Primary Care,West,Medicare,15,1,10.61,6,14,1,2,79.5,0.03,0
47,Lab,Central,Private,19,1,3.92,5,17,0,3,60.5,0.19,0
34,Specialty,North,Medicaid,17,0,25.78,4,10,0,3,59.5,0.05,1
76,Primary Care,East,Medicare,20,0,17.49,2,14,1,2,80.6,0.1,0
47,Primary Care,South,Private,28,0,5.92,0,16,1,4,78.2,0.07,1
88,Imaging,North,Medicaid,23,1,9.89,1,12,1,5,66.8,0.16,0
35,Primary Care,West,Private,15,0,8.5,4,8,1,4,48.9,0.04,0
23,Primary Care,West,Private,2,0,3.8,1,17,1,0,81.2,0.01,0
59,Lab,West,Private,8,1,11.12,6,9,1,3,70.8,0.02,0
64,Primary Care,West,Private,12,0,7.36,2,15,1,3,69.3,0.24,1
89,Imaging,Central,Private,17,1,8.16,1,12,1,4,35.9,0.02,0
80,Imaging,East,Private,9,0,10.48,4,15,1,2,76.4,0.11,0
81,Primary Care,South,Private,5,2,6.42,1,15,1,1,69.3,0.06,0
63,Primary Care,Central,Private,2,0,3.39,5,10,1,4,63.5,0.0,0
43,Primary Care,West,Private,0,1,9.89,3,8,1,2,60.0,0.38,1
48,Telehealth,South,Medicaid,12,0,11.81,6,9,1,2,71.3,0.1,1
27,Imaging,East,Private,0,0,11.86,5,10,1,2,75.6,0.11,0
49,Primary Care,South,Private,4,1,12.04,0,16,0,0,65.4,0.21,0
44,Lab,Central,Private,10,0,9.01,6,8,0,3,76.7,0.03,1
20,Primary Care,South,Private,1,0,1.44,0,14,0,2,56.2,0.09,0
32,Primary Care,West,Private,18,0,26.55,5,11,1,3,62.2,0.4,1
56,Primary Care,West,Medicare,21,1,11.75,2,16,1,2,78.2,0.09,0
44,Imaging,Central,Medicaid,9,0,5.13,2,13,0,3,65.1,0.18,1
89,Primary Care,East,Medicaid,10,1,12.99,5,15,0,2,90.6,0.12,1
52,Imaging,Central,Medicaid,19,0,2.55,1,16,1,2,73.3,0.03,0
87,Primary Care,West,Medicaid,7,0,10.66,6,17,0,1,56.0,0.98,0
65,Imaging,North,Private,6,1,5.57,0,16,1,4,51.2,0.06,0
20,Lab,East,Private,26,1,2.69,1,11,1,2,79.4,0.17,1
32,Primary Care,East,Medicare,23,0,2.65,2,17,0,0,62.7,0.11,0
68,Primary Care,North,Medicare,20,0,9.51,2,11,0,0,81.0,0.14,0
57,Specialty,East,Medicare,23,1,10.34,6,13,1,4,63.5,0.04,0
39,Primary Care,North,Medicare,0,1,3.2,6,10,0,2,72.9,0.13,0
55,Primary Care,Central,Self-pay,28,0,5.63,2,16,0,2,66.0,0.04,0
83,Specialty,South,Medicare,18,0,8.84,4,9,0,2,73.1,0.05,1
45,Specialty,South,Self-pay,24,0,4.54,2,17,1,3,78.8,0.04,1
21,Imaging,West,Self-pay,18,2,23.66,2,12,1,5,70.2,0.01,0
40,Primary Care,Central,Private,14,1,9.59,2,16,1,3,77.9,0.25,0
85,Primary Care,Central,Private,11,0,6.43,1,12,1,3,49.6,0.33,1
72,Imaging,Central,Private,18,2,14.36,4,9,1,2,75.0,0.0,1
78,Imaging,Central,Private,11,2,10.17,0,9,0,0,70.3,0.02,1
83,Primary Care,South,Medicaid,23,1,8.9,2,16,1,3,66.9,0.19,0
26,Specialty,East,Self-pay,0,0,9.72,0,14,1,3,41.3,0.0,0
38,Primary Care,South,Private,9,1,11.96,3,9,1,4,50.0,0.5,1
22,Specialty,Central,Private,34,0,4.19,4,11,0,5,72.7,0.28,0
18,Telehealth,North,Medicaid,8,0,1.07,3,13,1,1,74.2,0.07,0
78,Primary Care,East,Medicare,12,0,15.19,5,12,0,2,74.9,0.01,1
85,Specialty,South,Medicaid,5,0,7.38,4,8,1,4,69.9,0.02,1
29,Primary Care,Central,Private,17,0,4.87,2,13,1,3,55.6,0.4,1
69,Primary Care,South,Private,7,0,3.38,6,9,1,5,57.7,0.1,0
56,Imaging,Central,Private,12,0,3.0,4,11,1,2,44.7,0.11,0
22,Specialty,Central,Private,22,1,7.98,0,14,1,6,71.5,0.23,0
83,Primary Care,North,Private,7,0,6.86,1,14,1,3,92.9,0.24,1
80,Specialty,Central,Private,22,0,14.49,4,8,1,5,68.9,0.15,0
58,Primary Care,South,Private,22,0,10.51,0,13,0,0,60.9,0.06,0
68,Primary Care,East,Medicaid,25,1,11.82,1,10,1,3,70.3,0.08,0
46,Imaging,South,Private,15,1,13.98,0,12,1,3,68.4,0.07,0
75,Primary Care,West,Medicaid,46,0,8.29,5,16,0,0,49.2,0.16,1
50,Specialty,South,Private,25,0,19.06,0,12,1,2,73.0,0.01,1
89,Specialty,West,Medicare,17,0,4.01,1,13,1,1,68.7,0.19,1
22,Lab,Central,Private,5,0,13.78,6,8,0,2,68.0,0.37,0
30,Primary Care,East,Medicaid,13,0,1.05,0,12,1,3,93.9,0.05,0
87,Specialty,North,Private,28,1,1.12,1,15,1,2,68.8,0.18,1
38,Primary Care,North,Private,31,1,2.49,5,14,1,3,91.9,0.0,0
40,Primary Care,South,Self-pay,29,0,6.45,0,17,1,3,60.1,0.35,1
74,Primary Care,Central,Private,22,1,0.92,1,15,1,6,51.9,0.05,0
31,Imaging,East,Medicaid,1,0,6.29,5,9,1,3,60.3,0.07,0
54,Primary Care,West,Medicaid,19,0,5.11,0,8,0,3,84.1,0.12,1
38,Telehealth,Central,Private,2,1,25.03,2,10,0,3,60.9,0.05,1
32,Specialty,South,Private,0,3,1.91,1,16,1,2,52.9,0.06,0
87,Lab,East,Medicaid,16,1,7.72,1,16,1,0,74.1,0.07,0
32,Primary Care,Central,Medicaid,19,1,10.34,2,15,1,4,65.4,0.03,0
24,Primary Care,West,Private,23,0,18.21,1,15,1,4,76.9,0.0,0
66,Imaging,North,Medicaid,19,0,11.63,5,14,0,5,61.9,0.04,0
80,Primary Care,Central,Medicaid,19,2,15.31,0,11,1,4,58.9,0.05,1
27,Specialty,Central,Medicare,4,0,8.54,2,14,1,2,89.9,0.18,0
68,Lab,Central,Medicaid,13,2,3.66,0,14,0,3,60.0,0.0,1
56,Imaging,Central,Private,0,0,1.71,0,8,1,5,60.0,0.08,0
77,Lab,Central,Medicare,0,2,12.38,4,17,1,2,75.5,0.01,1
27,Primary Care,West,Self-pay,21,0,4.91,3,15,0,1,36.6,0.08,1
88,Specialty,South,Medicaid,6,0,0.76,3,10,0,6,78.8,0.05,0
62,Specialty,Central,Private,23,0,5.31,1,10,1,1,91.5,0.0,0
78,Specialty,North,Medicare,25,1,6.82,1,14,1,0,80.4,0.15,0
44,Specialty,Central,Private,8,0,16.87,6,10,1,3,57.5,0.14,0
85,Imaging,South,Private,20,0,5.68,5,16,1,3,61.3,0.04,0
63,Lab,West,Private,7,2,6.87,3,12,0,3,70.8,0.08,0
27,Primary Care,Central,Private,0,1,6.95,0,8,1,4,74.4,0.22,0
84,Primary Care,Central,Medicare,15,2,13.56,6,14,0,2,89.4,0.12,0
75,Primary Care,North,Private,9,1,3.75,3,17,1,2,88.8,0.2,0
39,Primary Care,West,Medicaid,10,1,9.37,1,11,1,2,67.4,0.12,0
57,Imaging,South,Medicaid,34,1,4.54,0,17,1,3,63.6,0.29,0
45,Primary Care,North,Medicare,0,0,16.6,6,15,1,3,60.6,0.01,1
57,Primary Care,East,Private,18,0,19.23,0,15,1,4,77.7,0.07,1
87,Telehealth,Central,Self-pay,4,1,7.75,2,11,0,1,83.0,0.19,0
82,Telehealth,Central,Private,23,1,8.89,3,13,1,1,70.8,0.1,1
33,Specialty,East,Medicare,17,1,5.79,2,10,1,4,70.0,0.16,0
87,Specialty,Central,Private,18,1,1.11,1,14,0,2,95.4,0.09,0
49,Primary Care,South,Self-pay,5,0,7.0,4,16,0,1,78.2,0.34,0
68,Specialty,South,Private,6,0,6.51,0,14,1,0,45.4,0.09,0
73,Primary Care,West,Self-pay,23,1,5.2,6,16,0,5,69.6,0.03,0
52,Primary Care,Central,Self-pay,32,0,5.7,3,9,1,3,72.4,0.39,1
50,Imaging,West,Self-pay,19,0,9.46,5,14,1,3,66.8,0.04,1
50,Specialty,North,Medicaid,5,2,8.91,5,10,1,3,85.1,0.14,0
80,Primary Care,South,Medicaid,17,1,5.82,5,13,1,3,66.0,0.01,0
45,Imaging,North,Self-pay,38,0,17.63,3,9,1,2,58.2,0.01,1
38,Specialty,Central,Private,15,0,0.92,0,11,1,2,61.5,0.31,1
44,Primary Care,South,Medicaid,29,0,3.92,0,11,1,1,78.1,0.07,0
32,Primary Care,East,Private,7,0,12.36,2,13,1,0,53.7,0.35,1
46,Primary Care,East,Private,14,1,1.33,2,15,0,6,64.1,0.07,0
26,Specialty,North,Private,20,0,0.9,6,13,0,3,80.2,0.13,0
24,Primary Care,South,Self-pay,18,0,3.87,3,16,1,2,53.7,0.15,0
70,Primary Care,West,Private,6,0,6.58,6,10,1,1,57.6,0.11,0
23,Lab,South,Medicare,6,0,4.68,1,11,0,4,49.7,0.03,0
58,Lab,East,Medicare,24,0,7.97,6,12,1,3,59.3,0.03,0
74,Specialty,Central,Medicare,26,0,0.99,2,14,1,1,63.7,0.09,0
70,Lab,North,Private,29,0,3.54,6,16,1,2,67.2,0.03,0
50,Specialty,South,Medicare,32,2,11.03,3,13,1,3,59.0,0.37,0
31,Primary Care,West,Medicare,15,2,9.41,0,17,1,2,65.4,0.14,0
85,Specialty,West,Medicaid,11,1,4.15,6,12,1,4,81.8,0.01,0
78,Primary Care,Central,Self-pay,28,0,7.56,1,13,1,6,74.0,0.02,0
62,Specialty,North,Private,21,0,6.47,5,14,1,2,95.6,0.26,1
24,Telehealth,Central,Private,4,0,6.62,5,9,1,2,61.9,0.09,0
20,Primary Care,East,Medicare,4,1,8.45,1,9,1,1,64.6,0.1,0
40,Primary Care,South,Medicare,19,2,20.01,3,11,0,2,71.9,0.15,0
29,Primary Care,East,Medicaid,12,0,20.3,5,8,1,0,63.8,0.35,0
79,Lab,East,Medicaid,14,0,1.36,6,12,1,4,69.7,0.04,0
32,Primary Care,North,Private,25,0,5.57,2,11,0,0,47.0,0.08,0
38,Telehealth,South,Medicaid,22,2,2.37,2,14,1,1,65.6,0.08,1
88,Primary Care,South,Private,27,0,8.99,5,17,1,3,80.5,0.02,1
76,Imaging,East,Self-pay,0,1,5.82,3,13,1,5,92.8,0.09,0
33,Primary Care,North,Private,17,0,13.94,4,17,1,1,87.4,0.1,1
45,Primary Care,North,Medicaid,21,0,6.84,0,14,0,2,71.5,0.05,0
55,Primary Care,South,Private,0,0,18.15,4,14,1,3,75.8,0.0,0
65,Primary Care,West,Medicare,7,0,20.85,2,16,0,1,74.0,0.14,0
85,Primary Care,Central,Private,6,1,17.69,2,13,0,2,63.3,0.02,1
80,Primary Care,North,Medicaid,14,0,0.63,6,17,1,0,58.5,0.16,0
88,Specialty,Central,Self-pay,30,1,8.38,4,14,1,2,73.0,0.24,1
20,Specialty,West,Medicaid,34,0,5.17,3,11,1,4,68.7,0.01,0
35,Primary Care,Central,Medicare,6,3,5.83,3,12,1,4,80.1,0.09,1
58,Imaging,East,Private,19,2,12.37,5,14,1,2,41.4,0.64,1
21,Imaging,East,Self-pay,20,0,5.46,4,10,1,1,67.9,0.58,1
43,Telehealth,Central,Private,18,0,7.17,1,15,1,2,84.5,0.05,0
29,Specialty,East,Medicare,18,2,7.48,3,8,0,0,76.9,0.52,1
85,Primary Care,Central,Private,17,0,0.92,4,15,1,2,58.2,0.23,0
22,Telehealth,Central,Medicaid,31,1,4.82,0,8,1,2,54.3,0.34,1
28,Telehealth,East,Private,25,0,14.62,0,9,1,2,69.4,0.23,0
32,Telehealth,East,Private,3,0,0.75,3,17,1,2,79.4,0.11,0
28,Specialty,East,Private,22,0,10.23,4,16,1,3,76.2,0.09,0
58,Specialty,West,Medicare,23,1,3.22,0,15,0,1,71.4,0.04,1
44,Telehealth,West,Private,17,0,5.07,3,17,0,4,77.7,0.03,0
83,Specialty,West,Self-pay,25,2,11.69,1,14,1,4,73.1,0.28,0
36,Primary Care,North,Medicaid,16,0,2.55,4,9,1,6,77.2,0.0,0
56,Telehealth,Central,Self-pay,16,1,5.44,3,16,1,3,81.2,0.19,0
65,Lab,South,Private,15,0,1.37,0,10,1,5,64.7,0.01,0
63,Primary Care,South,Medicare,0,0,9.25,2,14,1,4,59.4,0.1,0
75,Primary Care,South,Private,13,0,3.57,6,16,1,3,78.7,0.1,0
32,Lab,North,Medicaid,7,1,1.79,0,14,0,1,63.9,0.16,0
54,Primary Care,East,Private,2,0,6.84,2,8,1,4,46.6,0.15,0
75,Imaging,North,Private,28,0,1.3,0,15,0,3,87.1,0.17,1
80,Primary Care,North,Private,19,0,4.95,6,16,1,5,73.0,0.11,0
62,Primary Care,North,Medicare,14,0,3.29,3,9,0,4,72.5,0.17,1
64,Imaging,North,Medicaid,8,1,8.02,4,17,1,4,67.8,0.41,0
80,Telehealth,Central,Private,17,0,8.15,6,9,1,2,80.0,0.12,0
62,Specialty,East,Medicare,24,0,3.82,0,8,1,3,54.6,0.15,1
86,Primary Care,North,Private,6,1,17.85,3,13,1,0,70.0,0.2,0
27,Primary Care,East,Private,14,2,14.12,0,14,1,3,73.4,0.05,1
43,Primary Care,West,Self-pay,23,1,2.87,5,8,1,4,76.6,0.18,1
26,Telehealth,East,Medicaid,0,2,28.54,4,9,1,5,49.5,0.01,0
24,Primary Care,South,Self-pay,13,1,11.3,3,14,0,2,77.1,0.22,0
51,Telehealth,West,Private,10,0,8.68,2,8,1,0,65.0,0.5,1
34,Lab,North,Medicaid,13,2,9.11,1,16,1,2,62.2,0.05,0
47,Specialty,South,Medicare,9,1,2.19,6,10,1,2,51.3,0.06,0
49,Primary Care,Central,Medicare,15,0,15.72,0,16,1,3,96.8,0.02,1
62,Telehealth,East,Private,33,1,0.93,0,15,1,0,68.5,0.17,1
86,Primary Care,North,Private,11,2,9.07,2,11,1,2,72.9,0.05,0
79,Lab,South,Private,17,0,14.25,2,15,1,1,57.4,0.37,0
45,Primary Care,West,Medicaid,34,0,3.09,6,10,1,5,51.6,0.11,1
41,Primary Care,North,Medicaid,8,0,11.87,2,12,1,0,79.8,0.25,0
73,Primary Care,South,Medicare,32,0,7.35,2,17,1,4,53.8,0.07,1
26,Primary Care,South,Private,14,1,12.41,1,16,1,2,85.6,0.06,1
56,Imaging,South,Medicaid,32,1,13.8,2,17,1,0,91.6,0.02,1
48,Specialty,East,Private,22,0,18.95,1,9,0,5,60.7,0.04,1
31,Primary Care,North,Medicaid,17,1,16.21,4,11,1,5,64.5,0.04,0
62,Specialty,East,Private,13,0,1.09,5,8,1,4,39.5,0.17,0
41,Primary Care,North,Medicaid,8,1,2.94,5,16,1,3,49.1,0.1,0
31,Telehealth,Central,Private,15,0,9.78,5,15,1,1,77.6,0.01,0
65,Lab,West,Private,23,0,13.93,4,16,1,3,85.1,0.21,0
30,Specialty,North,Medicare,14,1,2.57,4,9,1,3,60.6,0.12,0
66,Telehealth,South,Medicare,11,1,11.14,2,11,1,2,62.4,0.16,0
29,Primary Care,West,Private,11,0,17.0,6,15,0,1,51.0,0.0,0
49,Primary Care,West,Medicare,24,1,13.56,6,11,1,3,56.4,0.32,1
76,Primary Care,South,Private,26,0,11.01,0,10,0,3,85.9,0.0,0
34,Lab,North,Self-pay,7,0,6.48,2,17,1,4,73.7,0.48,0
73,Primary Care,East,Private,7,0,6.23,4,13,0,5,48.5,0.01,0
69,Lab,South,Private,18,0,25.52,2,15,1,4,76.8,0.23,1
82,Specialty,North,Medicare,29,0,4.47,3,15,0,1,98.5,0.2,0
30,Primary Care,South,Medicaid,25,1,2.94,5,14,1,2,65.3,0.01,1
69,Specialty,Central,Private,1,0,1.78,6,15,1,3,62.0,0.13,0
85,Specialty,South,Medicare,11,1,10.54,6,17,1,4,77.0,0.08,0
72,Specialty,North,Medicaid,5,1,9.51,4,12,0,4,82.1,0.02,1
31,Lab,North,Private,11,0,6.95,6,16,1,2,79.9,0.06,0
77,Imaging,West,Private,30,0,9.51,4,8,1,2,66.2,0.09,0
25,Primary Care,East,Private,0,0,12.4,3,8,1,4,65.0,0.01,0
60,Imaging,West,Self-pay,0,0,5.76,1,11,1,3,49.3,0.17,0
53,Primary Care,East,Private,6,0,10.0,6,12,1,3,55.2,0.15,0
56,Lab,East,Private,17,1,5.35,1,11,1,1,74.3,0.04,1
55,Primary Care,East,Self-pay,20,0,10.25,1,16,0,6,63.6,0.17,1
20,Imaging,Central,Medicaid,18,1,17.08,5,8,1,3,73.0,0.07,0
54,Primary Care,Central,Private,26,2,13.28,6,9,1,2,67.1,0.13,1
85,Primary Care,East,Private,0,0,21.24,6,14,1,3,70.7,0.06,0
49,Specialty,West,Medicare,26,0,4.49,5,8,1,2,70.2,0.0,0
37,Primary Care,North,Medicaid,11,1,3.65,6,9,1,1,79.0,0.04,1
89,Specialty,North,Private,21,1,9.36,2,16,1,3,80.2,0.07,0
25,Specialty,South,Private,1,0,4.61,0,16,1,0,69.8,0.15,0
53,Primary Care,Central,Medicaid,14,1,10.57,1,15,1,3,67.5,0.21,1
54,Primary Care,Central,Medicaid,16,0,8.01,1,11,0,0,69.6,0.14,1
52,Imaging,West,Private,26,1,2.98,5,9,0,0,60.6,0.24,1
84,Specialty,West,Medicaid,0,2,9.67,2,11,0,3,83.0,0.12,1
48,Specialty,North,Medicare,14,0,3.17,3,9,1,1,63.3,0.12,0
88,Primary Care,Central,Self-pay,3,0,17.92,6,10,1,3,68.1,0.04,1
22,Primary Care,North,Private,19,3,5.86,6,16,1,3,72.1,0.07,1
70,Imaging,Central,Private,22,0,3.62,1,10,1,3,73.7,0.1,1
60,Lab,North,Medicare,27,0,8.2,5,10,1,2,73.2,0.19,0
35,Specialty,North,Private,9,0,8.88,4,10,0,2,68.4,0.02,0
34,Specialty,East,Private,23,1,4.36,5,9,0,2,89.7,0.04,0
69,Specialty,North,Medicare,28,0,4.19,6,16,0,4,70.9,0.0,0
63,Imaging,North,Medicare,0,0,1.28,2,17,1,2,67.0,0.14,0
62,Imaging,West,Private,20,0,12.79,5,10,1,2,91.6,0.08,0
21,Primary Care,West,Private,24,0,17.58,4,16,1,4,60.7,0.03,0
61,Imaging,South,Medicare,11,0,14.19,4,10,1,2,91.5,0.1,1
88,Primary Care,East,Medicare,2,2,3.52,5,12,1,0,46.1,0.44,1
19,Primary Care,West,Private,23,1,9.48,5,17,0,1,65.2,0.08,0
51,Primary Care,North,Private,2,1,8.29,2,14,1,4,50.0,0.03,0
53,Primary Care,East,Private,12,1,1.69,6,16,1,3,53.7,0.23,1
82,Primary Care,West,Medicaid,14,0,4.33,0,12,1,3,75.4,0.14,0
38,Primary Care,Central,Medicaid,21,1,9.0,1,14,1,3,73.4,0.22,0
52,Primary Care,East,Medicare,8,1,0.75,5,10,1,5,62.7,0.15,0
69,Primary Care,West,Medicare,7,0,2.54,3,15,1,0,89.6,0.02,0
22,Primary Care,East,Private,15,1,11.75,2,17,1,2,83.6,0.08,0
75,Primary Care,West,Private,24,0,3.41,3,9,1,3,69.4,0.03,0
77,Lab,Central,Medicare,37,0,1.72,0,13,1,2,48.3,0.18,0
69,Specialty,East,Private,0,0,13.69,0,10,1,4,81.5,0.08,0
64,Primary Care,North,Private,17,0,3.42,0,14,1,4,64.2,0.01,0
71,Primary Care,Central,Private,3,0,11.82,6,12,1,2,73.5,0.37,0
74,Specialty,West,Self-pay,24,1,20.9,2,12,0,0,79.6,0.14,1
83,Primary Care,West,Medicare,5,1,2.47,6,11,1,6,65.2,0.03,0
48,Primary Care,East,Medicaid,7,0,6.03,3,13,1,2,85.3,0.16,0
50,Primary Care,North,Medicare,8,2,8.36,2,10,1,3,65.4,0.05,0
63,Specialty,East,Medicaid,13,0,13.51,0,10,0,4,76.5,0.35,0
31,Imaging,East,Private,17,1,4.32,0,8,1,2,79.1,0.09,0
79,Specialty,East,Private,19,1,0.3,3,12,1,4,80.9,0.06,0
73,Primary Care,North,Medicare,14,2,2.46,4,14,1,2,90.9,0.04,1
63,Primary Care,Central,Medicare,1,2,5.08,6,14,1,5,60.1,0.03,1
39,Lab,East,Private,21,1,11.8,1,10,1,3,56.4,0.0,0
43,Imaging,West,Medicare,13,0,6.08,4,16,1,1,66.1,0.07,0
49,Imaging,North,Private,26,0,11.25,0,12,0,6,105.0,0.03,1
65,Telehealth,East,Private,7,0,4.93,3,16,0,3,86.2,0.05,0
74,Specialty,North,Self-pay,0,0,7.77,1,16,1,2,63.4,0.11,0
66,Primary Care,West,Medicare,14,0,12.44,1,8,1,0,65.8,0.0,0
84,Imaging,West,Private,27,0,14.82,2,8,1,4,69.8,0.08,0
87,Primary Care,East,Private,16,3,24.08,3,13,1,5,73.3,0.07,1
68,Imaging,Central,Medicaid,12,0,8.59,0,16,0,3,77.7,0.08,1
44,Primary Care,South,Self-pay,5,1,0.98,4,11,1,3,78.2,0.01,0
61,Primary Care,East,Private,32,2,9.72,2,14,0,5,84.4,0.19,1
48,Primary Care,West,Private,4,0,0.9,6,14,0,3,94.0,0.22,0
63,Primary Care,East,Medicare,7,0,10.59,4,15,1,2,68.4,0.08,0
76,Specialty,West,Private,20,0,7.56,6,16,1,2,67.4,0.02,0
44,Primary Care,Central,Medicare,0,0,14.27,0,13,1,3,65.6,0.31,1
54,Primary Care,West,Private,27,1,4.9,3,15,1,3,66.7,0.07,1
21,Primary Care,North,Private,20,0,7.84,5,14,1,4,74.4,0.08,1
71,Lab,South,Medicare,23,0,9.84,1,11,1,3,77.6,0.17,0
53,Imaging,Central,Private,20,0,0.42,1,13,1,4,90.7,0.13,0
51,Imaging,North,Medicare,12,0,9.51,4,15,1,3,61.5,0.21,1
56,Specialty,East,Private,3,1,3.63,0,16,0,4,74.3,0.07,1
33,Specialty,Central,Medicare,13,1,8.8,6,9,0,4,59.9,0.13,0
61,Primary Care,Central,Self-pay,4,0,0.69,6,11,0,2,74.9,0.02,0
71,Primary Care,North,Medicare,19,2,10.95,6,9,0,2,102.1,0.07,1
43,Primary Care,West,Medicare,22,0,10.3,5,9,0,3,68.4,0.38,1
27,Lab,East,Medicare,29,1,13.84,6,10,1,3,99.4,0.08,0
45,Specialty,Central,Medicaid,18,0,1.28,6,17,1,4,60.0,0.09,0
32,Primary Care,East,Medicare,23,1,23.62,1,11,0,3,64.5,0.2,1
44,Specialty,East,Private,11,1,2.04,1,17,0,0,65.9,0.03,0
63,Primary Care,North,Private,9,0,7.8,5,13,1,1,72.1,0.06,0
26,Specialty,South,Medicare,19,0,5.16,3,8,1,2,68.2,0.19,0
71,Imaging,East,Medicaid,10,2,6.21,0,11,1,4,79.2,0.23,1
34,Lab,West,Private,17,0,21.34,3,15,0,1,37.0,0.2,0
82,Imaging,East,Medicare,3,0,2.37,0,14,1,3,58.2,0.02,0
70,Lab,Central,Medicare,5,0,19.14,4,11,1,1,92.7,0.02,0
37,Primary Care,North,Private,20,1,12.09,4,9,1,3,53.1,0.1,0
58,Imaging,South,Medicare,23,0,6.78,0,15,1,3,65.7,0.0,1
25,Lab,West,Private,4,0,6.72,0,13,1,1,77.3,0.14,0
25,Primary Care,West,Medicare,21,1,10.33,6,15,1,3,69.5,0.13,1
86,Imaging,East,Medicaid,9,1,4.85,2,10,1,5,59.8,0.14,0
75,Telehealth,East,Self-pay,14,1,5.68,0,9,0,2,75.3,0.03,0
29,Imaging,North,Medicare,28,2,7.76,0,11,1,3,80.0,0.02,1
38,Primary Care,West,Private,22,1,17.68,2,10,1,3,62.8,0.02,1
32,Primary Care,Central,Medicaid,22,1,6.14,0,13,1,3,74.9,0.14,0
46,Imaging,Central,Medicaid,33,0,1.1,0,13,0,3,80.3,0.16,0
38,Lab,West,Private,7,1,8.02,1,9,0,2,83.0,0.04,0
41,Primary Care,West,Private,4,0,6.44,4,12,1,0,74.4,0.07,0
56,Primary Care,Central,Private,7,0,3.93,3,11,1,3,90.5,0.24,0
31,Primary Care,Central,Medicare,11,0,8.98,5,13,1,1,70.6,0.01,0
81,Specialty,North,Private,0,1,4.06,2,15,0,3,58.2,0.15,0
70,Imaging,South,Private,12,1,6.02,0,12,1,4,67.4,0.2,1
72,Specialty,Central,Medicare,9,0,7.79,3,10,1,3,84.5,0.02,0
30,Specialty,Central,Self-pay,22,0,8.39,6,17,1,1,59.3,0.11,0
68,Specialty,West,Private,18,0,9.53,4,15,1,3,43.1,0.04,0
78,Specialty,South,Medicare,8,1,10.54,1,17,1,2,75.5,0.11,0
30,Imaging,Central,Self-pay,20,0,7.66,0,10,1,2,64.7,0.01,0
72,Primary Care,South,Self-pay,21,1,1.44,0,14,1,6,97.0,0.28,0
43,Primary Care,South,Private,6,0,8.62,5,15,0,1,73.2,0.13,0
74,Lab,East,Private,9,1,13.57,2,16,1,3,84.8,0.08,1
52,Specialty,East,Private,0,2,1.07,0,9,0,5,64.1,0.02,1
75,Primary Care,South,Private,3,0,1.46,2,10,1,3,77.1,0.06,0
28,Specialty,West,Medicare,7,0,3.49,6,17,0,2,74.5,0.04,0
46,Imaging,West,Medicare,15,1,12.98,2,13,1,2,86.6,0.23,1
37,Primary Care,South,Medicaid,5,1,3.3,6,9,1,0,72.3,0.07,1
35,Specialty,South,Medicare,9,0,13.11,3,9,1,3,63.7,0.05,0
40,Primary Care,West,Medicaid,2,0,8.23,6,17,0,3,82.5,0.27,0
45,Lab,Central,Medicaid,16,0,4.22,1,16,0,2,61.4,0.08,1
27,Specialty,Central,Medicare,18,0,37.42,3,10,1,5,60.2,0.06,1
68,Lab,North,Private,18,1,2.08,3,13,0,2,69.5,0.02,1
57,Imaging,East,Medicaid,14,0,7.01,5,15,0,0,66.1,0.13,1
77,Lab,Central,Medicare,0,1,2.94,0,12,1,5,70.2,0.19,0
68,Primary Care,South,Private,8,1,8.93,1,11,1,1,62.0,0.16,0
28,Primary Care,West,Private,10,1,3.07,1,15,1,3,83.4,0.03,0
23,Lab,East,Medicare,10,0,4.75,6,8,1,4,83.3,0.01,0
48,Lab,West,Private,15,1,3.64,6,10,1,2,80.0,0.06,0
52,Lab,North,Medicaid,28,0,5.55,0,8,1,4,78.8,0.01,0
35,Telehealth,South,Private,22,0,13.48,2,16,1,3,47.8,0.2,0
74,Specialty,South,Medicare,4,1,1.77,3,9,1,2,71.4,0.15,0
59,Specialty,East,Private,21,0,3.36,6,16,1,0,80.3,0.01,0
71,Imaging,North,Private,20,2,4.93,3,12,0,0,86.1,0.05,0
25,Primary Care,East,Medicaid,6,1,5.74,5,9,0,7,67.6,0.31,1
76,Imaging,East,Private,22,0,16.88,5,13,1,4,85.6,0.23,0
32,Lab,North,Private,12,0,3.5,3,11,1,4,73.7,0.04,1
50,Specialty,South,Private,0,2,13.07,5,12,1,6,39.0,0.05,1
49,Primary Care,North,Private,19,0,18.37,0,17,1,2,68.8,0.03,0
77,Imaging,Central,Private,16,0,6.04,2,14,1,2,59.9,0.03,0
37,Telehealth,North,Private,12,0,2.75,5,8,1,0,62.7,0.13,0
35,Primary Care,West,Private,14,0,15.41,1,8,1,2,82.6,0.09,0
42,Primary Care,East,Medicare,7,1,12.29,3,15,1,2,73.6,0.18,0
43,Imaging,South,Medicaid,20,1,2.5,5,14,1,2,63.8,0.18,0
31,Lab,Central,Private,14,0,20.34,3,12,1,4,61.9,0.19,0
30,Imaging,West,Medicaid,16,0,3.81,6,15,1,4,75.3,0.07,0
34,Specialty,West,Self-pay,18,1,5.96,5,10,1,4,67.8,0.15,1
51,Primary Care,North,Medicare,2,0,10.87,0,10,0,1,78.4,0.58,1
42,Specialty,South,Medicaid,5,0,18.69,3,12,1,3,60.1,0.2,1
46,Lab,South,Medicare,0,2,8.55,5,15,1,3,65.4,0.11,0
69,Primary Care,East,Private,20,0,5.47,5,17,1,5,56.6,0.01,1
35,Primary Care,Central,Self-pay,2,0,4.84,3,10,0,3,63.4,0.49,1
83,Primary Care,East,Self-pay,15,0,5.46,2,14,0,2,96.1,0.12,0
72,Primary Care,South,Private,18,1,28.19,2,12,1,4,61.2,0.11,0
30,Primary Care,North,Private,20,2,9.44,2,16,1,2,64.3,0.03,0
40,Imaging,East,Private,2,0,7.69,0,16,1,3,60.1,0.11,1
31,Specialty,North,Medicare,13,1,12.38,6,9,1,3,67.8,0.04,0
37,Specialty,South,Self-pay,31,0,5.78,5,14,1,2,69.1,0.01,0
44,Specialty,Central,Private,31,1,18.03,2,8,1,2,84.6,0.43,1
27,Lab,East,Medicare,24,0,10.03,0,13,1,2,65.1,0.06,1
19,Primary Care,South,Medicaid,17,0,5.36,3,10,1,2,71.4,0.18,1
49,Primary Care,South,Private,4,0,4.49,5,11,1,0,47.5,0.09,0
68,Primary Care,East,Medicare,21,1,1.24,6,11,0,4,59.6,0.06,0
39,Telehealth,North,Private,12,1,13.46,1,13,0,3,83.0,0.23,1
79,Imaging,Central,Private,20,0,1.75,3,16,1,1,59.7,0.1,1
44,Specialty,East,Medicare,8,0,17.33,4,13,0,1,79.2,0.15,0
82,Primary Care,East,Private,12,0,3.28,4,16,1,3,58.9,0.03,0
34,Primary Care,West,Medicare,16,1,3.66,1,17,1,5,67.9,0.01,1
56,Telehealth,South,Private,16,2,23.63,5,10,1,4,90.6,0.01,1
72,Specialty,North,Medicaid,19,1,12.75,4,16,1,4,78.9,0.19,0
22,Imaging,West,Medicare,8,1,7.54,5,10,1,2,46.6,0.01,1
84,Lab,North,Self-pay,1,1,22.14,0,9,1,3,105.0,0.25,1
44,Imaging,North,Medicaid,30,3,6.49,4,10,0,2,57.5,0.05,1
53,Primary Care,Central,Medicaid,39,0,4.69,2,12,1,1,92.4,0.02,0
63,Primary Care,Central,Private,18,1,8.08,5,9,0,3,64.6,0.09,1
64,Primary Care,North,Private,1,1,14.12,3,13,1,1,55.3,0.32,1
19,Telehealth,Central,Medicaid,6,2,2.19,3,13,0,1,64.6,0.06,0
80,Lab,North,Medicaid,19,0,3.58,4,15,1,2,62.2,0.09,0
62,Primary Care,Central,Medicare,27,1,2.82,1,17,1,2,63.4,0.16,0
89,Lab,East,Private,2,1,2.39,4,9,1,2,70.7,0.06,1
51,Primary Care,East,Private,13,0,5.96,6,17,1,0,75.7,0.1,0
62,Primary Care,West,Private,16,0,2.34,0,16,0,1,87.0,0.27,0
49,Primary Care,North,Private,23,3,1.06,1,8,0,5,72.6,0.07,1
82,Lab,Central,Medicaid,11,1,3.56,0,14,1,2,70.9,0.21,0
77,Primary Care,North,Medicare,0,1,3.35,3,10,1,3,61.3,0.13,0
83,Primary Care,Central,Medicare,20,0,9.62,1,8,1,3,66.6,0.22,0
54,Primary Care,North,Private,25,0,13.26,4,14,1,2,64.0,0.19,0
74,Primary Care,North,Medicaid,13,1,4.06,0,8,1,1,53.5,0.02,1
43,Specialty,North,Private,18,2,3.62,0,9,1,2,100.6,0.11,1
51,Primary Care,East,Private,9,0,22.75,1,14,1,5,72.9,0.15,0
72,Lab,West,Medicaid,6,1,12.92,4,8,0,2,73.1,0.13,1
23,Telehealth,West,Medicare,24,1,8.85,0,15,1,5,84.6,0.13,0
69,Primary Care,Central,Private,18,0,5.22,3,8,0,2,39.0,0.06,0
19,Telehealth,East,Private,19,1,12.72,3,11,0,2,96.9,0.01,1
59,Lab,East,Private,29,0,2.59,2,10,0,3,59.7,0.05,0
52,Lab,South,Medicare,3,0,13.13,0,9,0,2,59.4,0.08,0
51,Primary Care,West,Private,8,0,9.96,4,13,1,1,63.5,0.01,0
53,Lab,Central,Medicare,16,1,11.37,2,10,0,2,81.8,0.05,1
53,Specialty,South,Private,8,0,7.6,4,9,1,0,95.7,0.11,0
47,Primary Care,South,Medicare,22,0,1.91,5,11,1,3,89.7,0.07,0
50,Imaging,South,Medicaid,12,0,2.66,0,12,0,3,64.2,0.03,0
58,Primary Care,South,Medicaid,4,0,10.36,5,14,0,4,48.4,0.12,0
72,Imaging,East,Private,15,1,9.59,0,8,1,2,65.0,0.19,1
57,Specialty,North,Private,16,1,4.44,3,9,1,4,62.3,0.04,0
64,Specialty,Central,Private,23,0,4.36,0,8,1,3,50.3,0.06,1
78,Primary Care,North,Private,18,0,15.66,0,15,0,3,77.0,0.17,0
89,Lab,North,Private,19,2,6.87,2,13,0,5,70.1,0.02,1
25,Primary Care,North,Private,17,1,3.39,3,10,0,3,76.0,0.1,0
69,Lab,East,Medicaid,12,1,17.41,2,13,1,2,78.8,0.04,1
34,Imaging,Central,Medicaid,7,0,16.32,1,16,1,5,78.2,0.09,0
32,Primary Care,Central,Medicare,17,0,6.86,1,15,1,3,69.2,0.01,1
75,Specialty,East,Private,11,0,7.98,3,17,1,5,89.7,0.0,0
22,Telehealth,South,Medicare,31,1,12.95,2,10,0,0,64.1,0.01,1
79,Telehealth,West,Medicare,27,1,10.89,6,9,1,2,62.3,0.04,0
73,Primary Care,West,Medicare,20,1,1.84,3,15,1,2,67.2,0.04,1
89,Primary Care,West,Private,18,1,17.81,4,17,1,0,76.5,0.06,0
66,Primary Care,East,Medicaid,13,0,1.48,6,9,1,3,78.2,0.02,0
80,Imaging,East,Private,1,0,9.53,6,15,1,2,65.9,0.01,0
26,Primary Care,North,Private,12,1,2.27,3,13,1,0,66.2,0.05,0
82,Primary Care,South,Private,15,2,10.88,1,16,0,1,85.7,0.28,1
29,Primary Care,Central,Private,16,0,3.74,2,9,0,5,54.3,0.09,0
40,Telehealth,North,Self-pay,19,0,3.96,1,11,1,4,103.0,0.11,0
27,Primary Care,South,Medicare,23,0,12.44,3,14,0,1,66.4,0.06,0
46,Imaging,South,Medicaid,7,0,2.27,1,16,0,1,67.5,0.93,1
71,Primary Care,North,Self-pay,7,1,4.43,2,16,0,4,74.4,0.08,0
37,Specialty,Central,Medicare,29,0,2.35,0,12,1,0,76.4,0.01,0
77,Specialty,North,Medicaid,22,1,7.54,6,11,1,3,62.1,0.17,0
61,Telehealth,East,Medicaid,10,1,2.31,0,9,1,0,74.1,0.08,1
63,Imaging,Central,Private,13,0,8.94,6,12,1,5,58.8,0.0,1
85,Primary Care,North,Private,13,0,16.18,6,17,0,3,62.8,0.22,0
49,Primary Care,North,Private,14,2,0.78,6,10,1,0,50.7,0.17,0
42,Primary Care,South,Medicare,19,1,3.75,3,17,1,2,71.7,0.06,1
89,Primary Care,North,Medicaid,39,0,2.57,5,10,0,3,67.9,0.07,0
58,Telehealth,South,Private,16,1,1.87,6,9,1,0,45.8,0.08,0
62,Specialty,West,Medicaid,21,1,8.77,5,15,0,2,61.8,0.17,0
39,Lab,North,Medicare,0,1,8.02,6,12,1,3,69.7,0.05,0
33,Primary Care,West,Private,9,0,17.73,3,15,1,0,80.3,0.13,0
30,Lab,Central,Medicare,26,0,11.51,5,17,1,4,54.6,0.06,0
34,Lab,South,Medicaid,18,0,7.15,1,9,1,2,66.4,0.19,0
32,Imaging,South,Private,0,1,8.47,6,13,1,4,56.8,0.0,0
71,Primary Care,North,Private,21,1,4.42,3,10,0,2,78.7,0.1,1
22,Lab,North,Medicare,33,0,8.68,1,12,1,1,62.0,0.04,0
63,Lab,East,Private,0,0,1.5,2,10,1,1,76.2,0.1,0
86,Primary Care,East,Private,29,0,6.13,5,9,1,2,65.7,0.18,1
73,Telehealth,South,Medicaid,0,1,9.74,1,13,1,2,49.6,0.32,0
47,Lab,South,Private,23,0,5.87,4,12,0,4,69.2,0.13,1
22,Primary Care,North,Private,14,0,3.88,1,15,1,2,55.8,0.19,0
78,Primary Care,West,Medicaid,0,0,7.4,4,12,0,0,83.4,0.01,0
18,Primary Care,East,Medicare,18,0,3.38,3,14,0,2,91.8,0.15,0
67,Specialty,West,Private,26,1,5.59,4,15,0,0,77.7,0.37,1
66,Lab,East,Private,18,0,12.32,1,8,0,3,62.3,0.17,1
31,Lab,South,Private,20,2,12.87,6,12,1,3,70.3,0.2,1
71,Primary Care,West,Private,10,2,8.15,6,13,1,4,73.5,0.03,0
30,Specialty,North,Medicaid,0,0,2.8,6,14,1,2,83.0,0.15,0
34,Specialty,West,Private,21,3,5.15,3,8,1,1,67.7,0.06,1
76,Specialty,South,Private,31,1,7.5,1,9,1,2,74.9,0.14,0
88,Imaging,East,Medicaid,25,2,3.72,3,16,0,2,49.9,0.09,1
37,Imaging,East,Medicaid,0,0,21.05,0,15,1,2,72.9,0.08,1
84,Primary Care,East,Medicare,0,1,3.79,4,12,1,5,59.7,0.06,0
83,Primary Care,West,Private,6,0,7.12,1,8,1,2,70.5,0.32,1
73,Lab,North,Private,0,1,13.44,1,10,1,2,57.5,0.21,1
28,Primary Care,East,Self-pay,14,0,18.81,5,14,1,1,74.9,0.2,1
39,Specialty,North,Medicare,18,0,2.75,4,14,1,1,77.7,0.19,0
66,Telehealth,South,Medicaid,0,1,1.55,0,16,1,1,67.2,0.05,1
89,Lab,South,Private,22,1,8.07,6,13,1,1,59.6,0.01,0
76,Imaging,West,Medicaid,20,2,22.76,4,15,1,5,76.9,0.09,0
48,Primary Care,West,Self-pay,9,0,1.83,1,10,1,3,88.7,0.04,0
34,Specialty,Central,Private,12,0,5.31,2,9,1,2,93.1,0.23,0
87,Imaging,East,Private,0,0,8.6,3,11,0,2,74.8,0.12,0
37,Primary Care,West,Private,11,1,7.36,6,16,1,4,73.3,0.04,0
42,Primary Care,Central,Medicaid,14,0,9.62,3,16,1,1,54.2,0.2,0
87,Primary Care,North,Private,16,1,17.01,5,8,1,0,85.8,0.31,0
58,Specialty,West,Private,18,0,13.63,0,9,1,3,42.1,0.57,1
37,Telehealth,South,Medicare,16,0,5.22,3,8,1,1,84.3,0.02,0
18,Imaging,South,Medicaid,11,0,1.8,0,15,1,1,70.3,0.0,1
48,Primary Care,Central,Private,17,1,14.36,2,16,1,1,40.8,0.04,1
88,Primary Care,South,Self-pay,24,1,5.3,3,17,1,3,74.0,0.13,0
49,Specialty,Central,Private,13,1,7.29,5,9,1,2,68.1,0.15,1
68,Specialty,Central,Medicare,17,0,12.67,1,13,1,1,64.6,0.05,0
36,Primary Care,Central,Medicare,12,0,14.05,1,12,1,3,66.8,0.15,0
73,Telehealth,West,Medicare,8,0,12.16,5,17,1,1,69.8,0.19,0
73,Telehealth,West,Medicare,19,0,20.28,3,17,0,0,69.7,0.23,0
61,Telehealth,East,Medicare,8,0,6.69,5,16,1,1,52.3,0.01,0
73,Specialty,East,Medicaid,18,1,4.0,6,10,0,3,74.8,0.2,0
59,Lab,Central,Medicaid,14,1,3.05,0,11,1,1,65.4,0.07,0
45,Imaging,East,Self-pay,11,0,4.2,4,15,1,3,89.0,0.02,0
71,Specialty,East,Self-pay,11,1,4.34,0,14,1,4,80.3,0.01,0
78,Primary Care,Central,Medicare,9,2,8.17,6,13,1,2,81.7,0.06,1
78,Primary Care,South,Medicare,0,0,10.34,3,8,0,6,92.3,0.02,0
33,Primary Care,Central,Private,18,1,2.66,3,12,1,3,78.8,0.12,1
66,Lab,South,Medicare,16,0,12.7,1,17,1,2,68.2,0.11,0
18,Imaging,North,Private,22,0,13.56,4,12,0,0,39.3,0.1,1
59,Telehealth,West,Private,9,0,10.52,3,16,0,2,72.9,0.0,0
59,Specialty,East,Medicaid,33,2,4.73,6,12,1,2,90.8,0.05,0
44,Primary Care,Central,Medicare,10,1,16.59,0,16,1,4,80.7,0.03,0
89,Specialty,North,Private,5,2,6.6,5,16,1,2,63.9,0.08,1
81,Primary Care,North,Medicare,4,0,3.58,6,14,1,3,70.7,0.12,0
20,Telehealth,Central,Private,0,1,2.64,6,16,1,3,63.3,0.04,0
33,Primary Care,East,Medicaid,29,3,7.67,4,8,1,4,73.7,0.08,1
32,Primary Care,East,Private,28,1,4.8,5,11,1,4,63.9,0.0,0
82,Specialty,South,Medicare,20,0,2.0,0,8,1,3,87.3,0.03,0
55,Lab,Central,Medicare,5,0,1.46,0,14,1,4,71.4,0.7,0
70,Specialty,Central,Medicare,32,0,8.56,4,10,1,4,73.1,0.19,1
76,Primary Care,East,Private,10,0,1.71,1,13,1,3,60.1,0.17,0
73,Imaging,South,Medicaid,11,2,0.5,4,16,1,3,65.0,0.06,1
24,Primary Care,Central,Medicaid,28,0,13.7,5,15,1,3,56.1,0.41,0
28,Specialty,Central,Private,21,0,2.96,4,14,1,5,87.0,0.14,1
46,Specialty,East,Private,36,0,9.58,6,8,0,3,63.8,0.0,0
42,Primary Care,West,Medicare,16,0,7.55,1,14,1,4,71.9,0.0,0
71,Specialty,East,Private,10,1,3.92,5,11,1,1,51.4,0.05,0
29,Primary Care,South,Private,8,2,17.88,5,17,1,5,55.2,0.0,0
44,Primary Care,West,Private,0,1,10.69,2,11,1,3,67.0,0.12,0
35,Specialty,West,Private,11,0,6.29,1,15,0,2,66.3,0.01,0
31,Primary Care,East,Medicaid,25,0,3.22,4,13,1,2,72.9,0.32,0
30,Primary Care,Central,Self-pay,20,0,10.1,6,11,1,2,94.1,0.08,0
32,Imaging,East,Medicare,14,0,11.24,4,10,1,3,45.8,0.02,0
58,Imaging,Central,Private,4,0,7.05,0,10,1,3,81.7,0.25,0
47,Lab,South,Private,16,0,6.41,3,13,1,2,76.0,0.06,0
49,Lab,Central,Private,24,1,10.67,2,16,1,0,62.6,0.01,0
52,Specialty,South,Medicare,18,0,6.17,4,17,0,5,64.8,0.08,1
71,Primary Care,North,Medicare,16,2,3.53,4,11,1,3,83.4,0.03,0
80,Specialty,West,Self-pay,6,1,1.85,6,8,1,3,69.3,0.23,0
55,Imaging,North,Private,23,0,6.21,5,10,1,2,66.1,0.0,1
64,Specialty,North,Private,0,0,1.79,3,13,0,4,57.4,0.26,0
71,Telehealth,West,Medicare,18,0,11.34,0,12,0,3,60.0,0.22,1
67,Specialty,South,Private,40,1,6.21,1,9,1,2,55.4,0.33,1
27,Primary Care,Central,Private,0,1,12.58,1,9,1,2,80.6,0.06,0
88,Imaging,North,Private,12,1,7.99,3,13,1,4,60.6,0.03,0
29,Primary Care,East,Private,14,0,9.61,1,10,1,3,55.7,0.02,0
47,Telehealth,East,Private,9,2,3.81,1,10,1,2,72.1,0.02,0
64,Primary Care,East,Medicare,24,0,5.89,1,11,1,2,60.2,0.09,0
47,Imaging,East,Medicaid,19,1,7.91,4,17,1,2,88.6,0.37,0
35,Specialty,East,Medicaid,16,1,7.25,1,16,1,4,70.5,0.08,0
84,Primary Care,South,Private,22,0,7.01,6,11,1,1,72.5,0.07,0
23,Imaging,North,Private,14,0,2.61,3,15,0,4,72.5,0.05,0
35,Primary Care,West,Medicaid,46,1,1.09,4,17,0,4,76.9,0.27,1
89,Primary Care,East,Self-pay,16,0,2.44,3,10,0,3,78.5,0.05,0
70,Primary Care,South,Medicaid,16,1,0.33,6,8,0,2,70.4,0.38,0
24,Lab,South,Medicare,0,0,1.28,0,10,1,0,57.8,0.11,0
72,Lab,Central,Medicaid,9,1,8.33,5,16,1,3,68.2,0.06,0
87,Primary Care,South,Medicare,25,0,5.31,4,9,1,0,70.7,0.15,0
25,Lab,Central,Private,1,1,3.34,3,10,0,3,50.4,0.08,1
47,Lab,South,Private,0,0,5.23,4,17,1,3,44.7,0.09,0
51,Primary Care,Central,Self-pay,14,1,0.84,3,10,1,4,55.4,0.51,1
27,Telehealth,East,Self-pay,28,1,6.09,4,12,1,1,46.6,0.04,1
32,Primary Care,East,Private,14,0,1.99,3,16,1,1,64.2,0.08,1
30,Lab,South,Medicare,11,1,15.01,0,16,1,3,60.7,0.07,0
31,Specialty,Central,Private,0,3,9.93,2,11,1,2,71.1,0.36,1
47,Telehealth,South,Medicare,19,0,9.32,6,10,1,0,78.5,0.0,0
51,Primary Care,West,Private,21,1,7.15,0,13,1,2,73.5,0.14,0
35,Primary Care,North,Private,0,2,10.54,1,11,0,5,75.2,0.02,0
38,Lab,East,Private,25,0,6.11,4,15,1,3,81.4,0.01,0
31,Imaging,West,Private,22,1,3.26,1,14,1,1,66.1,0.2,0
75,Specialty,East,Self-pay,25,0,9.44,0,12,1,3,38.7,0.16,1
33,Imaging,West,Medicaid,20,1,13.06,5,12,0,4,49.1,0.08,0
83,Imaging,Central,Private,21,0,2.75,1,9,0,0,76.0,0.23,0
56,Primary Care,East,Private,19,0,1.48,1,14,1,2,72.4,0.25,0
75,Primary Care,South,Private,23,2,21.53,3,17,1,4,78.3,0.06,1
63,Primary Care,East,Private,0,0,16.32,5,16,0,0,104.1,0.07,0
37,Primary Care,West,Medicare,0,2,6.63,6,14,1,2,72.6,0.08,0
61,Lab,South,Medicare,7,0,0.62,1,15,1,2,68.9,0.03,0
37,Primary Care,West,Private,13,0,7.94,2,16,0,2,74.2,0.06,0
26,Specialty,North,Self-pay,18,0,29.23,3,10,0,5,55.7,0.01,0
36,Primary Care,Central,Medicaid,17,0,10.48,5,15,0,4,79.1,0.07,0
37,Lab,West,Private,25,0,9.87,0,9,1,2,67.9,0.01,0
27,Primary Care,East,Medicare,25,1,6.26,2,15,1,1,90.2,0.09,0
19,Primary Care,Central,Private,5,1,9.23,0,10,0,4,50.8,0.22,0
85,Lab,Central,Medicare,16,1,10.44,1,13,1,4,70.1,0.06,0
54,Primary Care,North,Private,6,1,7.45,4,8,1,2,62.5,0.02,1
46,Imaging,South,Private,12,1,5.57,0,8,1,3,57.2,0.04,0
84,Primary Care,East,Private,17,0,7.55,6,14,1,3,77.5,0.23,0
34,Imaging,South,Self-pay,0,1,7.29,0,16,1,1,66.2,0.17,1
47,Primary Care,South,Medicaid,38,1,0.78,5,9,1,2,86.0,0.01,0
78,Primary Care,South,Medicare,20,0,25.61,2,16,0,3,63.6,0.22,1
63,Specialty,North,Medicaid,8,1,9.87,3,15,0,0,65.3,0.04,0
46,Specialty,North,Medicaid,33,1,14.61,2,15,1,2,94.2,0.03,0
36,Lab,South,Medicaid,11,2,8.14,2,10,1,1,53.8,0.09,0
20,Primary Care,North,Private,15,0,4.29,4,16,0,3,60.6,0.29,1
24,Imaging,East,Private,9,0,12.53,2,14,0,1,32.9,0.1,0
29,Primary Care,North,Medicaid,31,1,1.38,0,9,1,3,64.6,0.05,1
74,Imaging,North,Self-pay,13,1,10.16,0,16,1,3,78.3,0.35,1
64,Telehealth,Central,Medicare,15,1,12.44,1,10,0,2,74.9,0.05,0
49,Primary Care,West,Self-pay,26,0,6.17,1,12,1,3,71.7,0.2,0
74,Primary Care,Central,Medicare,20,0,9.47,0,9,0,3,59.5,0.02,1
29,Imaging,Central,Private,13,0,0.79,0,11,0,2,67.7,0.04,0
33,Lab,West,Self-pay,25,0,9.77,6,14,1,3,65.2,0.11,0
46,Imaging,Central,Medicaid,39,0,4.98,3,16,1,1,69.9,0.04,1
84,Specialty,North,Medicare,17,1,9.5,2,12,1,1,72.1,0.16,1
62,Imaging,West,Medicaid,15,0,6.38,6,14,1,5,65.8,0.12,1
79,Primary Care,East,Private,16,0,6.32,4,9,0,2,70.3,0.01,1
35,Telehealth,West,Medicare,27,0,9.72,0,10,1,2,68.8,0.31,0
79,Lab,North,Private,8,1,5.18,4,13,1,2,61.9,0.14,0
23,Lab,Central,Medicare,11,0,6.14,4,8,1,3,71.0,0.1,0
34,Lab,East,Medicare,0,0,22.15,1,11,0,2,54.7,0.57,0
55,Telehealth,Central,Private,2,2,15.28,4,8,0,2,72.2,0.48,0
21,Primary Care,Central,Private,9,1,5.57,0,12,1,4,56.7,0.06,0
79,Telehealth,Central,Private,13,1,6.48,6,10,0,0,69.7,0.13,0
80,Primary Care,South,Medicare,32,1,4.04,4,10,0,3,75.6,0.05,1
56,Primary Care,East,Private,19,0,5.0,1,12,1,1,58.9,0.06,0
40,Primary Care,West,Medicare,5,0,5.19,6,9,1,0,82.4,0.0,0
25,Primary Care,East,Medicare,7,0,7.18,3,15,1,2,91.5,0.23,0
62,Specialty,East,Private,28,0,0.93,6,12,1,1,62.2,0.04,1
56,Specialty,West,Medicaid,25,0,4.89,0,17,0,0,68.3,0.18,0
72,Primary Care,Central,Medicare,14,2,4.25,2,10,0,6,84.5,0.06,0
61,Primary Care,South,Medicare,10,0,16.66,3,8,1,3,48.4,0.11,0
27,Primary Care,North,Private,25,1,6.42,1,12,0,3,70.4,0.09,0
26,Imaging,West,Medicare,4,0,7.92,3,9,1,2,66.4,0.1,0
74,Specialty,West,Medicare,18,1,4.78,2,11,1,1,80.8,0.2,0
29,Imaging,Central,Medicaid,37,0,6.46,6,15,1,2,67.1,0.09,1
85,Imaging,West,Private,16,1,5.0,1,17,1,2,75.4,0.02,0
25,Imaging,East,Medicaid,6,0,7.26,1,12,1,0,60.1,0.16,0
70,Primary Care,West,Self-pay,18,2,9.45,6,9,0,5,81.4,0.29,1
88,Specialty,Central,Medicaid,9,1,2.08,4,11,0,2,56.5,0.09,0
49,Specialty,South,Medicaid,0,0,10.41,0,10,0,1,80.4,0.07,0
22,Primary Care,North,Private,21,0,3.01,5,9,0,3,70.9,0.35,1
81,Lab,West,Medicare,25,0,22.67,1,15,1,0,41.7,0.26,0
31,Primary Care,North,Private,11,0,7.15,4,15,1,1,70.8,0.01,0
55,Telehealth,Central,Medicare,10,1,7.84,0,10,0,5,77.3,0.03,1
88,Primary Care,North,Medicare,4,1,8.07,1,12,1,2,55.2,0.12,0
71,Imaging,South,Medicaid,13,1,6.82,5,12,0,2,59.8,0.11,1
21,Primary Care,Central,Self-pay,8,0,3.72,0,12,1,3,71.1,0.01,0
77,Telehealth,North,Self-pay,4,2,7.86,3,15,0,2,63.9,0.02,0
29,Lab,North,Private,33,0,7.53,2,14,1,2,74.0,0.01,0
71,Primary Care,North,Medicaid,19,1,3.36,1,8,0,6,67.5,0.16,0
62,Primary Care,Central,Medicaid,20,0,2.1,0,10,0,1,54.2,0.02,0
38,Specialty,Central,Medicaid,23,1,12.48,2,17,1,1,97.9,0.35,1
48,Primary Care,East,Private,22,0,4.88,2,12,1,3,65.9,0.07,0
26,Primary Care,West,Private,10,2,5.83,0,12,1,1,71.5,0.24,1
89,Telehealth,West,Private,17,0,7.56,5,15,1,4,91.3,0.65,0
35,Specialty,North,Private,11,0,3.64,0,15,0,2,80.4,0.24,0
40,Primary Care,South,Private,18,1,8.35,2,13,1,3,76.6,0.03,0
54,Specialty,Central,Private,17,0,6.04,6,17,0,3,82.7,0.13,1
66,Primary Care,North,Medicare,10,0,6.48,2,13,0,2,76.6,0.06,1
54,Lab,East,Medicare,1,1,14.17,4,16,1,4,76.6,0.03,0
54,Primary Care,South,Private,15,1,7.36,3,12,1,3,76.8,0.29,0
59,Primary Care,East,Medicaid,12,0,5.62,4,10,1,3,68.0,0.03,0
79,Primary Care,South,Private,0,0,2.78,5,9,1,0,82.9,0.12,0
46,Telehealth,South,Private,19,0,8.04,3,13,1,2,78.1,0.21,0
77,Primary Care,North,Medicare,24,0,12.13,4,16,1,2,42.4,0.01,0
74,Imaging,Central,Medicare,39,0,5.69,3,12,1,5,80.2,0.0,0
87,Specialty,North,Private,10,0,12.06,2,15,0,0,60.5,0.16,0
83,Lab,East,Medicare,9,0,8.12,5,13,1,2,72.9,0.12,0
75,Primary Care,East,Private,3,0,6.94,2,16,1,4,49.9,0.02,0
35,Lab,South,Private,16,0,8.84,0,15,1,1,63.0,0.05,0
73,Telehealth,Central,Private,16,0,2.18,1,14,1,2,65.6,0.06,0
71,Primary Care,South,Private,6,0,4.94,4,11,1,5,76.4,0.04,0
38,Primary Care,West,Self-pay,12,2,5.09,4,12,1,3,62.9,0.13,1
66,Telehealth,East,Medicare,0,0,5.88,3,12,1,4,44.0,0.04,0
36,Specialty,Central,Private,23,2,20.28,3,16,1,4,64.1,0.4,0
55,Lab,Central,Medicaid,6,0,7.11,2,14,0,3,65.4,0.34,1
75,Lab,South,Medicaid,14,2,1.87,0,9,1,3,77.6,0.02,1
31,Primary Care,Central,Private,0,1,4.05,1,10,0,4,71.8,0.02,0
42,Primary Care,Central,Self-pay,8,1,6.49,6,11,0,1,60.8,0.17,1
75,Primary Care,Central,Medicare,11,0,7.34,6,14,1,5,73.3,0.12,0
50,Specialty,Central,Private,14,1,0.31,0,15,1,2,92.0,0.26,0
87,Specialty,West,Medicaid,19,0,9.39,6,9,1,4,84.0,0.21,0
18,Imaging,East,Self-pay,28,0,9.67,5,15,0,3,47.1,0.12,1
69,Specialty,South,Private,21,0,2.67,0,14,1,2,99.7,0.01,0
76,Lab,Central,Private,24,0,11.9,2,10,1,3,84.2,0.07,1
84,Primary Care,Central,Medicare,28,1,5.66,1,9,1,3,89.0,0.11,0
29,Specialty,North,Medicaid,20,1,3.15,5,9,1,0,51.8,0.01,1
88,Primary Care,East,Private,14,2,2.5,4,15,0,2,65.0,0.18,1
46,Primary Care,North,Self-pay,24,0,9.25,1,10,1,1,77.1,0.28,0
43,Primary Care,South,Private,25,0,4.27,5,9,1,3,56.5,0.16,0
43,Telehealth,East,Medicaid,20,2,7.9,2,12,1,2,76.3,0.02,0
63,Primary Care,South,Medicaid,0,1,2.43,3,14,1,4,89.6,0.01,1
65,Primary Care,West,Private,6,0,5.14,0,12,1,1,66.0,0.06,0
52,Imaging,North,Medicare,11,1,8.83,6,13,0,1,90.4,0.08,1
23,Imaging,West,Private,22,0,13.88,1,11,1,1,78.4,0.07,0
89,Specialty,West,Medicare,14,1,14.9,6,12,1,6,47.7,0.18,1
33,Primary Care,Central,Medicare,25,3,13.69,5,13,1,7,59.6,0.21,0
24,Primary Care,North,Medicaid,27,0,30.37,0,14,1,6,83.3,0.07,1
61,Primary Care,South,Medicare,26,0,7.99,0,15,0,0,57.6,0.13,0
47,Primary Care,West,Private,26,1,2.37,0,16,1,0,83.0,0.05,1
62,Primary Care,West,Private,4,1,4.13,5,11,0,1,77.3,0.08,0
81,Imaging,East,Private,19,0,14.63,0,9,1,4,73.7,0.02,0
25,Lab,East,Medicare,8,2,3.69,4,8,0,6,63.1,0.17,1
38,Primary Care,Central,Medicaid,0,1,0.2,6,14,1,4,73.6,0.23,1
55,Primary Care,South,Medicaid,11,1,5.29,2,12,0,3,90.2,0.31,0
74,Lab,North,Private,27,0,11.73,3,12,1,1,65.3,0.08,1
61,Specialty,Central,Self-pay,19,0,4.06,0,15,0,2,77.3,0.36,0
45,Imaging,Central,Private,34,0,15.12,6,14,1,3,94.1,0.08,1
61,Lab,South,Self-pay,16,1,21.6,4,17,0,4,73.1,0.11,0
88,Imaging,Central,Private,38,0,7.85,5,16,1,2,64.1,0.08,0
52,Imaging,South,Private,16,0,24.14,1,15,1,3,64.0,0.12,0
81,Primary Care,Central,Medicaid,14,0,18.08,5,14,1,3,45.0,0.18,0
74,Telehealth,West,Private,1,1,11.99,4,16,1,3,55.5,0.3,0
39,Imaging,East,Medicaid,25,2,8.63,0,9,0,2,74.1,0.05,1
35,Primary Care,Central,Medicaid,9,1,8.08,3,17,0,3,81.6,0.19,1
73,Specialty,Central,Private,8,0,6.19,0,12,1,2,64.9,0.11,0
32,Primary Care,North,Private,27,0,9.91,4,10,1,1,81.5,0.05,0
42,Specialty,West,Private,26,0,0.88,6,13,1,4,80.7,0.21,0
34,Primary Care,Central,Medicare,25,0,18.62,6,16,0,5,60.8,0.15,0
61,Specialty,East,Private,10,0,24.42,3,9,1,3,62.9,0.17,0
39,Specialty,South,Private,13,1,0.8,6,9,1,2,53.8,0.08,0
65,Specialty,South,Private,13,1,11.49,6,14,1,4,78.9,0.12,1
85,Imaging,Central,Medicare,22,1,17.62,3,14,1,3,70.0,0.04,0
77,Primary Care,East,Private,30,0,7.3,2,15,1,4,80.7,0.19,1
86,Primary Care,East,Private,18,0,5.96,1,16,1,3,69.3,0.05,0
19,Specialty,West,Private,34,2,4.96,4,15,1,3,58.7,0.03,0
50,Specialty,North,Medicaid,23,1,4.23,2,16,1,5,79.4,0.05,1
33,Telehealth,North,Medicare,12,1,8.35,4,9,1,4,46.2,0.14,0
84,Primary Care,South,Private,22,1,15.03,6,11,0,2,66.0,0.44,1
69,Specialty,North,Medicaid,31,0,1.01,0,15,0,4,60.7,0.45,1
41,Telehealth,Central,Medicare,34,0,2.88,2,16,1,1,88.3,0.15,0
58,Imaging,North,Medicare,26,0,3.98,3,11,1,2,91.0,0.07,0
61,Primary Care,South,Private,14,1,1.62,5,13,1,4,75.1,0.3,0
53,Primary Care,East,Private,12,0,10.61,6,10,1,5,63.1,0.0,0
52,Lab,Central,Medicaid,20,0,9.63,6,16,1,1,90.7,0.03,1
21,Specialty,North,Private,31,2,12.5,3,13,1,2,61.6,0.09,1
50,Primary Care,South,Medicare,18,0,0.63,3,8,1,3,53.4,0.26,0
43,Specialty,West,Private,19,1,11.47,3,13,1,2,46.2,0.04,0
76,Primary Care,East,Private,15,0,14.97,0,10,1,1,71.2,0.38,1
80,Specialty,West,Medicare,11,1,10.76,4,12,1,3,49.4,0.01,0
72,Telehealth,North,Private,12,0,6.86,5,11,1,1,87.0,0.03,0
20,Telehealth,Central,Private,15,0,6.14,5,16,1,4,63.0,0.04,0
78,Specialty,East,Medicare,31,2,8.97,2,16,1,5,54.6,0.12,1
46,Lab,Central,Private,12,2,8.22,5,9,1,2,83.4,0.12,0
47,Lab,Central,Self-pay,15,0,4.08,1,11,1,1,80.5,0.04,0
86,Telehealth,West,Medicare,5,0,0.71,3,12,1,2,90.0,0.05,0
80,Lab,North,Medicaid,21,1,4.59,1,16,1,2,49.6,0.18,0
21,Lab,West,Self-pay,28,0,22.56,3,10,1,2,47.1,0.1,0
43,Primary Care,East,Private,30,0,0.85,6,15,1,3,88.7,0.1,0
71,Primary Care,North,Medicaid,16,1,8.11,3,8,1,1,36.3,0.14,1
56,Primary Care,South,Self-pay,20,0,19.07,5,17,1,5,55.4,0.42,1
36,Imaging,North,Private,12,1,12.72,6,11,1,2,70.7,0.33,1
55,Telehealth,Central,Medicare,19,0,14.11,1,10,1,4,54.0,0.01,0
80,Telehealth,Central,Private,17,0,13.02,6,15,1,1,72.5,0.24,0
34,Lab,West,Private,15,0,1.64,0,14,1,3,56.2,0.04,0
71,Lab,Central,Private,15,1,16.8,4,13,1,3,85.5,0.07,1
70,Specialty,West,Private,19,1,18.43,3,17,1,3,78.6,0.23,0
81,Specialty,Central,Medicare,11,0,2.2,1,12,1,2,73.3,0.07,0
39,Imaging,South,Medicare,12,0,4.93,4,13,1,2,65.7,0.09,0
33,Primary Care,South,Private,31,0,7.38,6,12,0,2,57.6,0.03,0
57,Imaging,West,Private,41,0,4.98,0,9,1,1,68.4,0.1,1
56,Imaging,Central,Private,2,0,3.78,1,11,1,3,55.2,0.49,1
47,Primary Care,Central,Self-pay,1,1,3.86,3,14,0,5,93.0,0.3,0
74,Specialty,Central,Medicaid,4,1,11.44,0,9,1,3,73.8,0.06,0
75,Specialty,Central,Private,13,0,13.81,2,15,1,3,59.6,0.17,0
35,Imaging,South,Medicaid,23,1,3.87,2,13,1,4,88.8,0.08,1
75,Lab,South,Medicaid,20,0,13.75,3,14,1,2,69.4,0.06,1
34,Primary Care,East,Medicaid,16,0,4.96,4,16,1,0,86.8,0.05,0
47,Lab,West,Medicaid,19,0,2.35,3,12,0,3,86.4,0.14,0
19,Primary Care,East,Private,7,1,8.81,0,15,1,4,75.2,0.05,0
42,Primary Care,North,Private,12,1,7.13,4,15,1,6,54.8,0.03,0
87,Specialty,East,Medicaid,14,0,9.05,2,10,1,1,63.0,0.08,0
49,Lab,Central,Medicaid,0,0,8.95,0,10,0,4,105.0,0.35,0
69,Telehealth,South,Private,2,0,8.27,5,12,1,3,63.4,0.17,0
25,Primary Care,West,Medicare,3,2,6.51,2,8,0,2,66.9,0.29,0
63,Imaging,South,Medicare,22,0,13.54,4,13,0,1,64.3,0.02,0
44,Lab,East,Medicare,16,1,10.83,4,17,1,2,58.7,0.3,0
71,Telehealth,West,Medicare,20,0,5.1,0,16,1,3,78.4,0.07,0
84,Primary Care,South,Private,0,0,5.0,5,15,1,4,53.9,0.04,0
56,Primary Care,West,Private,0,0,1.49,1,9,1,0,60.0,0.26,0
25,Specialty,West,Private,21,0,1.75,5,16,0,3,73.7,0.04,0
52,Telehealth,South,Private,0,0,6.16,5,9,0,2,67.0,0.0,0
26,Primary Care,Central,Medicare,26,1,12.37,0,12,0,2,72.0,0.01,1
50,Specialty,Central,Private,0,2,3.34,0,17,1,3,69.6,0.03,1
22,Telehealth,East,Private,22,0,11.18,5,15,0,5,55.9,0.38,1
64,Specialty,North,Private,5,0,8.06,0,9,1,1,87.6,0.32,0
40,Specialty,East,Medicare,24,1,3.52,1,13,1,2,83.7,0.0,0
32,Telehealth,South,Private,46,1,7.33,6,17,1,0,58.5,0.01,0
19,Primary Care,South,Private,0,1,7.12,0,12,1,3,75.7,0.17,0
81,Primary Care,West,Medicaid,21,1,3.66,4,13,0,1,64.1,0.08,1
78,Primary Care,Central,Medicare,0,1,10.67,2,11,1,5,83.0,0.05,0
76,Specialty,North,Medicare,18,1,13.2,3,12,0,3,80.3,0.03,0
22,Primary Care,West,Medicare,12,1,5.48,0,13,1,2,85.1,0.03,0
43,Primary Care,West,Private,15,0,2.56,4,9,1,2,58.6,0.17,0
87,Primary Care,West,Private,5,1,13.65,2,17,1,3,53.7,0.2,0
59,Specialty,Central,Private,22,1,1.63,4,16,1,4,47.7,0.11,1
27,Lab,South,Medicaid,0,1,8.58,5,9,1,1,102.1,0.02,1
28,Specialty,East,Medicare,26,0,3.33,3,9,0,2,80.9,0.02,0
36,Imaging,South,Medicaid,10,0,2.36,0,14,1,2,84.9,0.25,1
88,Telehealth,South,Medicaid,0,1,4.5,4,12,1,3,52.8,0.19,0
30,Imaging,East,Private,30,0,7.11,3,14,1,4,77.6,0.07,0
83,Imaging,North,Medicaid,13,0,2.86,4,8,1,0,49.3,0.01,0
66,Primary Care,South,Medicare,33,0,2.0,5,15,1,4,75.5,0.1,0
84,Specialty,North,Medicare,26,1,1.15,1,8,1,3,70.2,0.19,1
77,Primary Care,North,Medicare,6,0,19.08,0,9,1,2,66.4,0.02,0
41,Specialty,East,Private,13,2,9.09,2,15,1,4,63.5,0.05,1
77,Telehealth,North,Private,15,1,3.55,6,11,1,2,84.1,0.05,1
30,Primary Care,North,Private,29,1,9.42,2,10,0,0,63.7,0.02,0
38,Primary Care,West,Private,18,0,7.06,3,16,1,0,86.2,0.07,1
33,Lab,West,Private,16,0,11.46,5,14,1,1,69.4,0.06,0
27,Telehealth,Central,Private,12,1,5.83,5,10,0,2,74.5,0.19,0
24,Imaging,Central,Private,13,0,12.91,5,15,1,3,76.6,0.01,0
31,Primary Care,Central,Self-pay,27,1,4.0,6,9,1,3,75.5,0.02,1
26,Specialty,West,Private,14,1,8.01,5,12,0,2,72.7,0.02,0
45,Primary Care,South,Self-pay,10,0,12.35,1,9,1,0,95.8,0.04,1
23,Specialty,North,Medicare,8,0,8.3,3,14,0,2,83.5,0.04,0
22,Imaging,Central,Private,8,0,23.05,5,10,1,2,39.3,0.4,0
89,Lab,Central,Private,0,0,11.31,4,10,1,5,67.5,0.1,0
24,Primary Care,East,Private,6,0,9.3,1,10,1,3,87.8,0.07,0
23,Telehealth,East,Private,29,1,5.18,4,16,0,0,60.2,0.14,1
20,Primary Care,North,Private,12,0,8.13,1,16,1,2,70.1,0.11,0
27,Primary Care,North,Medicaid,21,1,15.5,2,10,1,4,71.0,0.06,1
56,Lab,East,Private,0,2,4.67,6,9,1,3,89.1,0.05,1
77,Specialty,South,Medicare,20,2,3.23,6,13,1,0,57.4,0.02,0
70,Specialty,East,Medicare,12,1,4.69,0,14,1,4,59.2,0.16,0
59,Primary Care,Central,Medicare,9,1,4.48,2,16,1,3,76.1,0.08,0
24,Primary Care,Central,Self-pay,16,0,10.23,2,16,1,2,74.1,0.0,0
73,Primary Care,Central,Private,9,1,21.28,3,15,1,1,76.3,0.01,1
20,Imaging,South,Private,0,4,1.72,5,8,1,4,73.9,0.03,1
63,Primary Care,East,Self-pay,23,2,7.21,5,8,0,0,68.6,0.0,0
47,Telehealth,West,Self-pay,16,1,2.87,0,9,0,0,76.7,0.25,1
81,Imaging,West,Medicaid,11,0,8.85,5,11,1,1,72.5,0.0,0
40,Lab,Central,Medicaid,4,0,9.61,0,15,1,3,67.0,0.01,0
63,Lab,South,Private,0,0,4.5,3,16,1,0,69.2,0.1,0
49,Imaging,North,Medicare,16,0,10.43,3,15,1,2,63.5,0.05,0
55,Specialty,East,Private,30,0,3.9,2,16,1,2,61.5,0.11,0
85,Telehealth,East,Medicare,16,1,3.89,6,11,1,3,76.7,0.25,0
69,Specialty,East,Medicaid,0,3,3.4,4,14,1,2,54.3,0.31,1
47,Primary Care,South,Private,16,0,4.73,6,9,0,2,78.3,0.02,0
50,Specialty,South,Medicare,13,1,6.68,3,9,0,1,66.8,0.36,1
68,Primary Care,East,Medicaid,23,0,6.13,2,16,1,4,68.8,0.07,1
42,Imaging,West,Private,20,0,7.7,4,12,0,3,67.9,0.08,1
30,Telehealth,North,Medicare,0,1,10.06,1,15,1,3,76.0,0.13,0
51,Imaging,Central,Medicaid,19,0,7.78,5,17,1,1,87.8,0.01,1
22,Primary Care,West,Private,4,1,18.83,2,13,1,2,91.6,0.01,0
30,Primary Care,North,Private,0,0,7.05,0,9,1,3,82.6,0.25,1
48,Primary Care,North,Private,12,0,11.73,3,14,1,2,70.9,0.14,0
75,Primary Care,North,Private,18,0,1.48,4,16,1,1,79.6,0.0,0
74,Specialty,North,Private,0,1,7.71,3,10,1,3,45.7,0.3,0
36,Imaging,West,Medicare,21,0,6.07,0,12,1,1,77.3,0.04,0
48,Imaging,Central,Private,22,0,5.65,0,14,1,2,74.7,0.28,1
29,Specialty,North,Medicare,14,2,15.29,5,15,1,4,51.5,0.02,1
72,Specialty,South,Private,5,1,23.65,6,9,0,3,63.0,0.09,1
35,Primary Care,Central,Medicaid,4,0,10.13,1,8,0,1,73.3,0.22,0
75,Specialty,East,Private,24,0,1.14,6,14,1,3,74.6,0.02,1
78,Primary Care,East,Medicare,0,0,4.31,3,8,0,2,81.5,0.12,0
67,Primary Care,East,Private,25,0,1.77,0,12,1,4,90.0,0.38,1
41,Imaging,North,Medicaid,12,0,7.55,1,11,1,3,68.2,0.03,0
86,Primary Care,South,Medicare,13,0,9.22,6,12,1,2,56.3,0.09,1
67,Primary Care,Central,Self-pay,0,0,1.35,2,16,1,1,79.9,0.01,1
64,Specialty,West,Private,13,0,17.14,5,17,1,1,85.5,0.19,0
79,Primary Care,South,Medicaid,20,0,2.33,4,14,1,6,85.2,0.34,1
81,Imaging,Central,Private,1,0,8.92,5,11,1,0,75.6,0.06,0
23,Primary Care,East,Private,19,2,16.89,3,14,1,0,94.0,0.23,0
81,Lab,North,Medicare,15,0,7.66,0,9,0,4,66.7,0.03,1
73,Specialty,Central,Private,8,0,3.69,3,17,1,4,89.2,0.17,0
32,Primary Care,West,Medicaid,23,0,3.51,6,16,1,3,56.1,0.05,0
40,Primary Care,Central,Private,0,0,7.82,6,11,1,0,42.8,0.01,0
72,Telehealth,North,Medicaid,17,0,11.74,2,8,1,3,55.9,0.13,1
33,Specialty,South,Medicare,30,3,8.69,0,16,0,1,63.1,0.16,1
50,Imaging,Central,Medicare,28,1,3.44,1,8,1,2,70.0,0.02,0
67,Lab,North,Medicaid,18,2,5.96,2,9,1,3,58.8,0.02,1
64,Primary Care,Central,Medicare,11,1,3.03,6,8,1,3,71.5,0.28,0
83,Specialty,Central,Medicare,8,0,3.0,3,9,0,2,77.8,0.12,0
26,Imaging,South,Medicare,11,0,2.86,3,17,1,4,74.2,0.13,0
39,Lab,Central,Medicare,19,0,4.96,5,12,1,4,68.3,0.04,1
88,Specialty,Central,Medicaid,6,0,6.46,1,9,1,1,84.4,0.16,0
58,Telehealth,Central,Private,22,0,7.05,1,17,1,2,60.4,0.23,0
35,Specialty,East,Private,35,0,8.35,5,12,1,1,67.1,0.07,0
38,Lab,West,Medicaid,13,0,3.61,2,15,1,2,63.4,0.14,0
42,Primary Care,South,Medicare,1,1,6.56,4,13,1,3,77.8,0.24,0
57,Specialty,North,Medicaid,1,0,7.2,5,9,0,0,64.9,0.19,0
38,Primary Care,Central,Self-pay,22,0,14.38,5,15,0,0,74.8,0.07,0
62,Telehealth,Central,Medicaid,13,0,1.4,3,17,0,1,79.8,0.23,0
50,Primary Care,North,Medicare,23,1,1.85,0,17,1,5,63.9,0.09,1
61,Imaging,West,Medicaid,9,0,9.77,5,15,1,3,50.8,0.28,0
29,Primary Care,Central,Private,22,0,10.51,0,14,1,5,67.3,0.16,1
62,Primary Care,West,Private,12,0,9.8,0,15,1,2,60.5,0.14,0
84,Primary Care,North,Medicaid,7,3,9.73,1,17,0,1,62.3,0.21,1
27,Imaging,North,Medicaid,10,2,1.55,2,13,1,0,40.3,0.17,0
41,Primary Care,East,Private,2,0,21.31,5,17,1,1,50.6,0.02,0
67,Lab,Central,Medicaid,34,0,13.29,3,11,1,2,79.6,0.23,0
62,Imaging,South,Medicaid,13,0,1.58,6,11,1,0,58.8,0.24,0
66,Telehealth,South,Private,20,0,5.36,0,9,1,1,83.9,0.15,0
58,Imaging,Central,Private,9,1,5.13,6,12,1,1,61.4,0.16,1
67,Specialty,Central,Medicaid,3,0,6.1,3,14,0,3,75.8,0.22,0
61,Specialty,Central,Private,12,1,4.62,4,12,1,2,67.0,0.13,0
23,Primary Care,Central,Private,25,3,2.5,0,9,1,3,77.8,0.05,0
72,Specialty,West,Medicare,9,0,7.29,5,12,0,0,67.0,0.11,0
50,Lab,Central,Medicaid,5,0,15.02,3,13,1,1,72.6,0.22,0
21,Primary Care,West,Medicaid,16,1,4.5,5,9,0,4,84.8,0.22,1
47,Primary Care,West,Medicare,19,0,8.31,6,13,1,2,75.7,0.2,0
49,Specialty,North,Medicaid,30,1,6.24,1,11,1,4,61.7,0.04,0
24,Lab,East,Medicare,18,0,9.72,6,13,0,2,47.5,0.01,0
89,Primary Care,North,Medicare,20,0,5.82,3,8,1,3,68.7,0.03,0
34,Lab,Central,Private,21,0,3.98,2,16,1,3,75.2,0.05,1
41,Primary Care,North,Private,2,1,4.71,4,11,0,2,71.8,0.03,0
49,Specialty,South,Private,4,0,14.63,0,12,1,1,59.5,0.03,0
77,Telehealth,Central,Private,3,0,6.85,4,9,1,1,71.8,0.17,0
71,Primary Care,Central,Private,1,1,6.68,6,12,0,2,77.9,0.01,0
73,Specialty,Central,Private,22,0,14.32,1,11,1,3,86.7,0.06,0
35,Telehealth,West,Private,17,1,16.13,3,8,1,2,67.3,0.04,1
78,Primary Care,North,Medicare,15,1,0.61,5,13,1,4,99.5,0.32,0
77,Primary Care,South,Private,0,0,1.9,4,10,1,5,87.4,0.17,0
51,Telehealth,Central,Private,35,0,11.57,6,11,1,1,72.0,0.09,0
57,Specialty,Central,Medicaid,5,1,7.09,5,8,1,4,73.1,0.11,0
20,Telehealth,South,Medicaid,35,0,16.17,1,14,1,2,86.7,0.08,0
72,Lab,South,Medicare,0,0,1.41,2,9,1,3,58.4,0.44,0
87,Specialty,South,Private,6,0,7.86,4,13,1,2,60.4,0.06,0
52,Specialty,East,Medicare,0,2,10.08,2,12,0,4,54.5,0.09,0
56,Specialty,South,Medicare,18,0,5.19,2,15,1,3,66.9,0.14,0
53,Primary Care,North,Private,3,0,11.12,5,12,0,2,59.7,0.13,0
23,Specialty,East,Private,3,1,11.73,0,14,1,2,65.7,0.24,1
62,Lab,East,Private,0,0,6.3,3,17,0,1,69.6,0.19,0
69,Telehealth,West,Private,22,2,5.97,2,10,1,2,53.5,0.17,1
84,Telehealth,South,Private,21,0,12.53,5,9,1,4,86.4,0.07,0
84,Telehealth,South,Private,32,2,7.76,6,14,1,4,84.3,0.26,0
53,Primary Care,South,Medicare,7,0,9.6,6,9,1,2,64.5,0.04,0
87,Specialty,West,Medicare,16,0,7.73,2,10,0,1,87.8,0.07,0
56,Primary Care,South,Medicare,1,0,7.44,2,15,0,4,74.7,0.01,0
64,Specialty,Central,Self-pay,11,0,5.96,0,14,1,3,83.2,0.06,0
61,Telehealth,South,Private,9,1,10.05,6,8,1,0,53.7,0.04,0
89,Lab,Central,Medicaid,19,0,3.35,2,13,1,7,66.0,0.19,0
71,Lab,South,Private,24,1,1.48,2,14,1,3,77.5,0.0,0
26,Primary Care,West,Medicaid,24,0,6.67,2,11,1,5,68.0,0.1,0
23,Specialty,West,Medicaid,6,1,16.34,6,15,1,3,67.9,0.05,0
47,Primary Care,North,Medicare,24,1,7.76,6,15,1,1,68.7,0.06,0
55,Specialty,South,Medicare,14,0,5.55,2,14,0,3,74.5,0.19,0
66,Primary Care,North,Medicare,11,1,5.0,4,10,1,0,71.3,0.16,1
52,Lab,East,Medicaid,7,0,4.74,1,10,1,2,88.7,0.03,0
55,Specialty,Central,Private,8,0,0.28,3,13,1,1,58.1,0.07,1
84,Imaging,West,Private,31,1,14.84,5,9,1,2,71.1,0.06,0
42,Lab,West,Medicaid,17,1,4.36,3,12,1,3,78.4,0.25,1
53,Primary Care,South,Medicare,16,0,6.77,6,17,1,3,55.1,0.26,0
58,Specialty,East,Private,11,0,5.29,3,14,1,0,65.9,0.01,0
51,Lab,West,Self-pay,38,0,3.77,5,16,0,2,72.1,0.03,1
87,Telehealth,North,Self-pay,27,1,15.36,3,11,1,0,88.0,0.0,0
87,Primary Care,North,Medicare,7,1,2.61,5,15,1,3,71.6,0.02,1
54,Imaging,South,Medicare,11,0,10.3,5,15,0,3,79.1,0.05,0
50,Specialty,South,Private,12,1,1.73,6,9,1,1,79.9,0.18,0
60,Primary Care,Central,Medicare,15,0,6.0,2,10,1,5,36.9,0.22,0
31,Primary Care,North,Self-pay,7,1,13.93,3,12,1,3,71.0,0.05,0
48,Specialty,North,Private,18,0,4.58,4,14,1,2,64.8,0.01,0
33,Primary Care,North,Private,29,0,9.66,6,15,1,2,88.0,0.06,0
28,Imaging,South,Medicaid,1,0,4.41,0,17,1,2,78.4,0.05,0
24,Primary Care,South,Private,3,1,5.18,0,9,1,1,80.5,0.13,0
60,Primary Care,South,Self-pay,9,1,11.27,0,14,1,4,76.2,0.15,1
18,Imaging,North,Private,10,1,9.82,0,17,1,3,71.3,0.01,1
64,Primary Care,North,Private,34,0,16.45,1,9,1,1,80.0,0.0,0
49,Primary Care,Central,Self-pay,24,0,4.57,1,17,0,4,69.7,0.32,0
44,Primary Care,East,Private,23,0,8.56,0,16,1,2,85.4,0.01,1
73,Primary Care,West,Medicare,11,0,7.06,6,9,1,1,57.2,0.27,0
56,Specialty,North,Private,11,1,8.73,5,10,1,5,82.5,0.14,1
70,Lab,South,Medicaid,0,0,13.21,1,9,1,1,65.6,0.01,0
69,Imaging,Central,Private,22,0,3.93,2,8,1,1,78.2,0.05,0
20,Primary Care,North,Medicaid,19,1,8.31,2,11,0,3,51.1,0.12,0
33,Primary Care,East,Self-pay,27,2,15.24,5,12,1,3,73.2,0.07,0
59,Lab,South,Private,12,1,7.07,0,12,1,1,68.2,0.01,0
88,Primary Care,North,Private,13,0,11.21,6,16,1,0,69.5,0.29,0
29,Primary Care,East,Medicare,16,0,1.01,0,12,0,3,48.8,0.21,0
25,Primary Care,East,Self-pay,23,0,7.3,3,9,1,1,70.4,0.03,1
85,Imaging,South,Private,0,2,4.78,4,14,1,2,71.6,0.02,1
87,Imaging,East,Self-pay,21,1,9.71,1,14,1,1,48.6,0.07,1
30,Primary Care,East,Medicaid,14,0,8.35,0,12,1,1,56.2,0.32,1
46,Primary Care,East,Medicare,3,1,3.38,2,14,1,2,71.9,0.04,0
63,Imaging,Central,Private,0,1,1.93,6,9,0,2,74.9,0.11,1
32,Primary Care,West,Medicare,13,1,21.8,3,15,1,1,69.4,0.34,1
41,Specialty,South,Medicaid,28,0,8.83,6,10,1,4,70.5,0.24,1
46,Lab,South,Medicare,31,1,8.68,2,8,1,1,70.3,0.04,0
64,Primary Care,West,Private,18,0,3.84,4,12,1,2,63.5,0.14,0
40,Primary Care,South,Medicare,34,1,5.31,6,10,1,2,67.9,0.08,1
47,Imaging,Central,Medicaid,14,0,15.35,2,13,1,0,53.2,0.03,1
38,Imaging,Central,Private,24,0,7.17,6,12,1,1,63.0,0.07,0
72,Specialty,South,Medicare,9,1,15.7,6,17,1,2,69.5,0.06,0
29,Specialty,Central,Private,9,1,8.85,4,12,1,2,84.8,0.03,0
34,Primary Care,South,Private,7,0,13.47,3,8,0,1,68.5,0.05,0
35,Specialty,North,Private,0,0,0.92,1,13,1,2,94.7,0.15,0
83,Primary Care,Central,Private,27,0,3.66,1,16,0,3,93.2,0.08,0
86,Primary Care,Central,Medicare,8,1,7.08,6,10,1,3,70.8,0.14,0
54,Primary Care,East,Medicaid,6,1,5.66,2,11,1,3,65.0,0.04,0
29,Specialty,Central,Private,2,1,9.75,6,9,1,4,97.2,0.01,0
72,Primary Care,North,Private,12,0,1.93,2,15,1,3,79.0,0.01,0
53,Specialty,West,Medicaid,32,1,1.97,1,9,1,0,75.3,0.15,1
79,Specialty,Central,Private,35,0,9.5,4,10,0,2,61.3,0.06,0
43,Telehealth,Central,Self-pay,0,2,13.08,2,8,1,1,64.9,0.1,0
89,Specialty,East,Medicare,10,1,5.28,2,11,1,4,58.0,0.02,1
76,Imaging,South,Self-pay,4,1,16.78,3,16,1,5,87.9,0.2,0
34,Primary Care,Central,Medicaid,24,0,19.4,5,12,1,2,76.0,0.35,0
70,Imaging,South,Self-pay,17,0,6.56,5,9,0,4,66.3,0.25,0
38,Specialty,Central,Medicare,8,2,5.14,4,15,1,4,64.3,0.12,0
43,Lab,South,Private,15,0,4.24,6,11,1,3,58.1,0.01,1
36,Telehealth,North,Medicaid,9,0,3.64,1,9,1,3,69.2,0.03,0
67,Primary Care,South,Private,30,0,10.82,4,8,1,4,72.0,0.28,0
36,Telehealth,East,Medicare,19,1,3.26,2,11,1,0,42.7,0.47,1
63,Imaging,North,Private,21,2,2.77,2,9,0,3,58.4,0.01,1
59,Imaging,South,Medicaid,0,0,3.5,5,13,1,3,61.9,0.12,0
72,Specialty,Central,Medicaid,13,3,6.6,2,12,1,0,83.0,0.05,1
89,Primary Care,North,Medicaid,35,0,6.96,1,14,1,5,63.4,0.08,0
18,Lab,West,Private,27,1,10.42,3,10,1,4,48.5,0.06,1
89,Primary Care,East,Self-pay,0,1,6.15,0,8,1,4,56.8,0.01,0
25,Specialty,West,Medicaid,11,0,1.81,3,9,1,3,90.7,0.12,0
55,Primary Care,East,Private,2,0,4.96,4,8,1,1,65.5,0.03,0
42,Primary Care,Central,Private,31,0,6.73,1,10,1,1,57.5,0.13,0
64,Imaging,East,Private,16,1,4.03,2,15,1,2,49.9,0.11,0
69,Imaging,East,Private,6,0,8.33,1,13,1,4,70.3,0.1,0
79,Lab,North,Medicare,14,2,0.52,0,11,1,3,71.6,0.11,1
46,Imaging,East,Private,0,1,6.11,0,10,0,5,75.3,0.31,1
85,Imaging,North,Private,3,2,14.85,3,9,1,2,102.7,0.1,1
41,Telehealth,West,Medicare,14,0,12.83,3,9,0,2,55.2,0.24,0
32,Specialty,East,Private,22,0,7.35,3,10,1,3,65.6,0.13,0
45,Imaging,Central,Medicaid,0,1,6.91,0,12,1,1,73.5,0.07,1
56,Lab,East,Private,10,0,9.19,0,13,0,5,64.7,0.24,0
66,Imaging,West,Medicare,24,1,2.8,0,17,1,2,45.2,0.12,0
77,Imaging,North,Medicaid,0,1,12.14,5,17,1,3,76.1,0.19,0
34,Specialty,West,Private,16,0,16.45,4,10,0,4,62.4,0.07,0
39,Specialty,Central,Private,15,0,6.08,3,15,0,1,57.2,0.03,1
85,Imaging,East,Self-pay,31,1,7.34,0,9,1,3,59.3,0.14,1
49,Imaging,North,Medicare,12,0,10.52,0,15,1,2,88.6,0.09,1
35,Specialty,West,Medicaid,12,1,3.73,2,17,0,4,85.6,0.06,1
88,Primary Care,North,Self-pay,23,0,16.8,6,14,1,3,56.9,0.1,0
50,Primary Care,East,Private,1,1,21.48,0,13,1,0,49.2,0.0,0
88,Specialty,North,Medicaid,12,1,9.72,4,11,1,1,80.8,0.01,0
84,Primary Care,East,Medicare,9,0,17.68,4,16,1,0,94.7,0.06,1
83,Specialty,Central,Self-pay,13,0,2.49,6,17,0,5,98.0,0.05,0
59,Primary Care,North,Medicare,22,0,8.13,2,15,1,5,53.0,0.03,0
75,Primary Care,East,Medicaid,20,0,1.06,1,8,1,0,86.3,0.01,0
87,Lab,South,Private,7,1,4.96,4,16,1,1,69.9,0.07,0
37,Specialty,South,Medicare,15,1,5.04,2,16,0,0,46.8,0.08,0
20,Imaging,West,Medicaid,29,0,4.09,1,11,1,3,59.7,0.03,0
41,Primary Care,West,Self-pay,6,1,2.53,4,10,1,1,60.6,0.04,1
63,Primary Care,Central,Private,15,1,9.65,6,15,0,2,75.7,0.15,0
57,Primary Care,South,Private,12,1,3.49,6,14,0,0,53.6,0.13,1
23,Primary Care,North,Self-pay,13,0,9.66,0,15,1,3,81.3,0.1,0
58,Primary Care,East,Medicare,0,1,6.41,5,17,1,0,75.7,0.23,1
30,Specialty,West,Private,28,1,8.48,4,11,1,6,82.2,0.21,0
54,Primary Care,West,Medicare,6,1,4.42,4,16,1,5,62.1,0.02,0
59,Imaging,Central,Self-pay,24,1,6.37,3,12,1,6,74.8,0.01,0
63,Specialty,Central,Self-pay,8,1,23.97,5,16,1,3,57.6,0.02,1
47,Primary Care,North,Private,8,0,8.28,3,10,1,5,78.1,0.92,1
47,Lab,Central,Medicaid,26,1,16.83,0,16,0,4,67.2,0.07,0
66,Specialty,Central,Private,24,0,16.25,0,15,0,1,68.3,0.44,1
71,Primary Care,North,Private,16,2,2.12,5,12,1,2,69.6,0.1,0
76,Specialty,South,Medicaid,22,1,16.22,2,17,1,3,49.1,0.1,1
42,Imaging,Central,Private,11,0,6.36,4,11,1,4,84.3,0.1,0
48,Specialty,East,Private,14,0,5.04,5,15,1,2,71.0,0.13,0
41,Telehealth,North,Private,7,1,2.88,1,13,1,3,84.3,0.02,0
55,Primary Care,South,Private,23,0,2.14,6,9,1,2,83.4,0.12,0
27,Primary Care,East,Private,7,1,9.46,1,10,1,2,60.2,0.1,0
48,Lab,Central,Self-pay,29,0,2.06,3,16,1,0,66.8,0.03,0
31,Specialty,Central,Private,11,0,9.75,2,12,0,3,51.4,0.01,1
56,Telehealth,Central,Medicare,14,1,0.67,4,16,1,2,84.7,0.21,0
79,Imaging,East,Private,22,1,3.1,0,9,0,1,73.9,0.39,0
88,Specialty,Central,Medicaid,14,0,5.68,2,15,1,2,72.4,0.03,0
50,Specialty,North,Medicare,11,1,6.94,1,16,1,3,66.7,0.12,0
22,Primary Care,East,Self-pay,14,0,3.25,5,17,0,4,58.4,0.08,1
34,Primary Care,Central,Private,23,0,2.33,0,15,0,2,85.4,0.04,0
25,Primary Care,Central,Medicare,7,0,5.2,4,12,1,4,94.1,0.12,0
72,Primary Care,West,Private,13,0,4.18,4,8,1,5,85.9,0.17,0
88,Imaging,North,Private,14,1,4.62,5,10,1,2,68.0,0.05,0
57,Imaging,South,Medicare,23,1,10.09,3,14,1,4,74.7,0.14,1
30,Telehealth,West,Medicaid,13,1,14.55,4,16,1,1,82.8,0.1,0
19,Primary Care,South,Private,32,1,4.97,0,15,1,1,71.1,0.01,1
88,Specialty,South,Medicare,12,1,10.1,3,14,1,1,93.3,0.26,1
40,Primary Care,Central,Medicare,12,1,4.28,4,16,1,1,85.0,0.23,0
26,Specialty,North,Medicare,12,1,4.02,1,11,1,2,103.4,0.04,0
30,Primary Care,East,Medicaid,1,2,5.18,1,11,1,5,72.3,0.15,0
36,Specialty,South,Medicare,4,0,13.13,2,8,1,2,41.0,0.13,0
65,Imaging,North,Self-pay,9,1,1.63,3,14,1,2,70.9,0.05,1
82,Primary Care,South,Medicaid,25,0,1.41,0,9,1,3,65.4,0.0,0
37,Imaging,South,Medicaid,14,0,18.96,6,10,1,1,72.1,0.17,0
67,Primary Care,East,Private,9,0,3.16,4,8,0,3,91.4,0.01,1
22,Primary Care,East,Medicaid,26,0,5.74,5,16,1,3,63.5,0.15,0
18,Telehealth,East,Self-pay,30,0,4.59,5,10,1,5,60.0,0.11,0
21,Primary Care,Central,Private,27,0,16.54,4,16,1,4,62.2,0.68,1
84,Primary Care,East,Medicare,5,0,13.04,5,10,1,3,95.8,0.03,0
59,Telehealth,West,Medicaid,9,1,2.31,4,8,1,2,64.5,0.08,1
75,Primary Care,West,Private,32,0,6.99,5,17,1,2,73.1,0.01,0
19,Primary Care,East,Medicare,16,0,8.36,0,10,0,3,92.2,0.06,0
19,Specialty,South,Medicaid,11,0,9.9,5,15,1,2,78.0,0.17,0
79,Imaging,Central,Medicaid,21,0,0.93,2,9,1,2,42.9,0.01,0
25,Specialty,East,Private,24,0,1.41,3,9,1,1,64.2,0.22,1
29,Specialty,East,Private,8,0,10.4,2,11,1,4,62.2,0.01,0
55,Telehealth,East,Private,16,1,2.01,2,15,0,3,49.1,0.02,0
61,Primary Care,Central,Private,23,0,8.26,3,8,1,1,64.3,0.02,1
34,Specialty,East,Private,2,0,2.43,2,14,1,5,37.3,0.15,0
50,Telehealth,East,Medicaid,14,0,1.5,6,15,1,3,73.9,0.06,0
66,Primary Care,East,Medicaid,3,0,3.06,3,9,0,0,70.1,0.03,0
49,Telehealth,Central,Self-pay,4,0,6.23,5,12,0,4,61.5,0.12,0
45,Telehealth,South,Self-pay,8,0,8.0,6,17,1,1,48.3,0.09,0
23,Telehealth,Central,Self-pay,19,0,8.7,4,13,1,2,86.7,0.09,1
50,Primary Care,Central,Private,11,1,11.27,2,15,1,2,63.2,0.18,1
75,Specialty,North,Private,8,0,3.22,4,15,1,4,83.2,0.07,0
63,Lab,South,Private,15,0,10.83,0,12,1,2,68.5,0.23,0
82,Primary Care,Central,Medicare,3,0,6.68,5,15,1,3,87.5,0.04,0
27,Specialty,South,Self-pay,18,1,7.47,0,17,1,0,77.0,0.04,0
18,Primary Care,South,Private,25,0,25.42,3,11,1,1,71.3,0.23,1
57,Primary Care,South,Medicare,13,1,9.6,1,8,1,3,59.9,0.28,0
30,Lab,North,Medicare,12,0,5.38,6,15,1,1,85.6,0.02,0
60,Telehealth,East,Private,18,2,4.71,4,11,1,2,67.5,0.02,0
83,Primary Care,Central,Medicaid,0,1,6.27,4,14,1,4,60.2,0.0,0
42,Primary Care,West,Private,19,1,1.72,4,9,1,1,68.1,0.03,0
57,Specialty,North,Private,45,1,8.25,5,10,1,1,69.4,0.12,1
67,Primary Care,East,Self-pay,13,0,6.21,1,15,0,3,80.5,0.13,0
28,Specialty,South,Private,13,0,7.41,0,8,1,0,47.4,0.02,0
82,Imaging,West,Private,21,1,6.66,6,12,1,4,98.6,0.01,0
32,Primary Care,East,Medicaid,30,2,1.91,3,15,0,3,75.6,0.11,1
76,Imaging,Central,Private,24,1,9.83,4,12,1,3,69.8,0.05,0
65,Primary Care,Central,Medicare,0,2,3.93,2,9,1,2,75.3,0.04,0
28,Primary Care,West,Private,20,0,12.17,5,14,0,4,51.6,0.03,0
70,Lab,East,Private,40,2,10.42,0,9,1,2,71.5,0.08,1
32,Primary Care,West,Private,20,0,18.27,3,13,1,4,77.8,0.03,0
61,Primary Care,East,Medicaid,2,0,6.26,4,12,0,0,66.5,0.12,0
87,Specialty,Central,Private,17,2,11.27,3,13,0,3,76.3,0.53,1
86,Primary Care,Central,Self-pay,1,1,19.63,6,17,1,3,79.5,0.36,0
80,Specialty,Central,Private,26,1,3.65,0,16,0,3,61.3,0.22,0
53,Lab,West,Medicaid,4,2,13.17,5,15,1,5,85.0,0.01,0
58,Primary Care,West,Self-pay,15,0,9.48,6,12,1,0,69.3,0.04,1
39,Specialty,East,Private,5,1,2.71,0,15,1,0,92.9,0.09,0
84,Primary Care,North,Medicare,9,0,5.7,4,9,1,2,85.7,0.11,0
52,Imaging,West,Medicaid,29,1,28.02,0,10,0,0,74.9,0.23,0
73,Primary Care,Central,Medicare,15,0,12.69,4,12,1,6,60.3,0.24,0
43,Lab,Central,Medicaid,8,2,8.86,2,16,0,4,68.7,0.11,1
71,Primary Care,Central,Private,3,0,3.74,5,11,1,3,82.1,0.18,0
34,Imaging,East,Self-pay,0,0,0.7,1,12,1,4,63.3,0.03,0
70,Lab,West,Medicare,1,0,2.03,2,17,0,4,75.2,0.08,0
21,Imaging,West,Private,15,0,6.45,0,17,1,2,76.6,0.25,1
25,Imaging,East,Medicare,24,0,6.45,5,8,1,2,68.7,0.04,0
43,Primary Care,North,Private,8,0,15.07,0,13,0,3,60.1,0.06,0
52,Primary Care,East,Private,30,1,3.02,4,14,1,2,89.2,0.01,0
69,Primary Care,South,Private,7,1,2.79,2,14,0,1,75.7,0.05,0
43,Primary Care,West,Medicaid,12,0,9.59,6,17,0,2,66.4,0.18,0
19,Specialty,Central,Private,3,0,4.79,0,17,0,3,60.5,0.19,0
41,Imaging,West,Private,24,1,4.74,4,10,1,4,80.8,0.03,0
49,Specialty,South,Medicaid,35,1,14.07,1,17,1,1,69.2,0.07,0
57,Telehealth,East,Medicaid,0,1,2.64,0,12,1,2,81.7,0.44,1
64,Imaging,East,Medicaid,11,0,12.68,6,8,1,2,58.9,0.02,0
35,Specialty,West,Private,27,1,8.78,6,11,1,0,73.6,0.04,1
61,Primary Care,North,Medicaid,0,1,4.4,6,10,1,3,64.2,0.06,0
63,Specialty,East,Private,20,2,6.3,1,17,1,2,90.9,0.07,1
73,Specialty,Central,Private,26,2,3.3,5,14,1,1,74.4,0.09,0
55,Primary Care,North,Medicaid,15,0,5.53,3,11,0,2,58.1,0.1,0
76,Specialty,West,Private,20,0,18.92,1,8,1,3,81.2,0.06,1
33,Imaging,Central,Private,32,1,3.62,2,11,0,4,84.8,0.02,1
69,Primary Care,Central,Medicare,33,1,1.23,1,11,1,3,66.0,0.13,0
21,Primary Care,Central,Private,13,1,6.44,4,12,1,5,60.3,0.22,1
25,Primary Care,Central,Private,9,1,16.78,4,9,1,4,43.6,0.2,0
80,Primary Care,East,Medicaid,5,0,7.57,1,13,1,3,83.2,0.12,1
52,Primary Care,East,Medicaid,24,0,5.26,5,13,1,1,49.0,0.22,0
62,Imaging,North,Self-pay,0,1,5.08,3,15,1,4,69.4,0.02,0
61,Specialty,North,Private,11,1,12.93,4,13,1,1,49.3,0.12,0
68,Primary Care,West,Medicare,15,1,8.27,0,15,1,4,91.6,0.12,0
35,Telehealth,South,Medicaid,9,0,9.57,5,9,0,0,86.0,0.11,0
30,Imaging,South,Private,17,0,7.12,2,9,1,2,73.6,0.05,1
21,Primary Care,Central,Medicare,40,0,11.5,3,13,1,0,82.6,0.13,0
80,Lab,North,Private,13,2,18.92,1,17,1,2,68.4,0.19,1
34,Imaging,South,Private,10,1,6.36,6,11,0,0,60.1,0.06,0
59,Specialty,West,Private,24,1,8.16,3,15,1,3,49.9,0.13,1
50,Primary Care,North,Medicare,16,1,18.39,5,17,1,3,79.5,0.05,0
29,Lab,East,Medicare,28,1,7.1,4,8,1,2,57.9,0.08,0
47,Primary Care,North,Private,16,3,12.81,0,8,0,2,100.3,0.05,1
23,Primary Care,Central,Medicare,12,1,3.11,4,14,0,3,56.7,0.31,0
30,Lab,West,Private,0,1,3.52,2,16,1,2,82.1,0.27,0
28,Lab,West,Private,0,1,21.89,4,14,1,5,85.3,0.01,0
77,Specialty,South,Medicaid,0,0,10.83,3,17,0,1,53.9,0.16,0
58,Primary Care,West,Private,18,0,5.75,5,8,1,3,64.6,0.07,0
84,Primary Care,South,Medicaid,0,0,4.2,1,13,1,3,67.2,0.14,0
49,Lab,East,Private,27,0,5.09,6,15,0,0,105.0,0.1,1
32,Imaging,North,Private,14,2,2.11,2,14,1,3,67.1,0.3,0
61,Lab,North,Medicaid,12,1,10.21,5,8,1,2,56.3,0.23,0
84,Primary Care,South,Private,6,0,9.5,4,9,1,2,75.9,0.41,0
56,Telehealth,South,Private,20,0,9.35,3,17,1,5,57.4,0.1,0
19,Primary Care,North,Medicare,6,0,15.73,3,11,1,4,69.3,0.15,0
39,Primary Care,North,Medicare,4,1,6.81,4,9,1,1,64.5,0.03,0
84,Lab,Central,Self-pay,26,1,8.79,6,9,0,3,76.2,0.06,0
55,Primary Care,East,Self-pay,18,0,1.29,1,9,1,4,63.3,0.51,1
86,Imaging,West,Private,12,1,10.91,1,13,1,3,61.6,0.18,0
54,Specialty,South,Private,20,1,9.67,6,13,0,1,82.9,0.02,1
18,Lab,North,Medicare,14,0,2.37,6,17,1,1,73.5,0.21,0
80,Primary Care,Central,Private,18,0,5.77,2,12,0,3,70.3,0.11,0
72,Primary Care,North,Medicare,6,0,14.29,2,8,1,3,46.9,0.14,1
69,Specialty,Central,Private,35,0,8.59,5,13,0,2,77.5,0.11,0
87,Lab,West,Medicaid,8,0,3.93,6,12,1,4,64.4,0.08,1
32,Telehealth,East,Medicaid,30,1,9.69,6,11,1,5,73.3,0.04,1
83,Primary Care,West,Private,12,0,20.55,1,15,1,5,47.9,0.12,0
34,Imaging,Central,Private,22,0,1.76,1,17,1,5,73.3,0.03,0
87,Primary Care,Central,Self-pay,21,1,10.64,3,12,1,2,72.3,0.02,1
31,Primary Care,East,Private,25,1,8.35,1,15,1,0,67.2,0.31,0
57,Primary Care,South,Private,6,0,2.17,6,13,1,2,59.4,0.06,0
74,Primary Care,East,Private,25,0,8.64,2,15,1,2,84.0,0.36,0
23,Primary Care,North,Private,32,0,4.25,1,12,1,2,61.0,0.02,0
22,Primary Care,South,Private,11,1,5.31,6,10,1,2,80.9,0.2,0
79,Primary Care,West,Private,14,0,9.72,5,13,1,1,82.6,0.08,0
22,Lab,South,Private,9,1,9.46,6,11,1,4,60.0,0.04,1
62,Primary Care,Central,Medicaid,11,0,9.32,3,8,1,5,79.0,0.03,0
85,Lab,Central,Private,31,2,27.94,5,15,0,6,64.8,0.13,1
62,Lab,North,Medicaid,4,0,5.96,2,13,1,3,77.7,0.05,0
52,Specialty,South,Medicare,5,0,2.63,0,14,1,2,58.8,0.05,0
48,Imaging,East,Medicare,30,0,10.72,4,13,1,2,68.6,0.1,0
63,Primary Care,North,Self-pay,20,1,8.31,0,16,0,5,70.9,0.01,1
59,Primary Care,North,Private,35,1,4.43,1,9,1,5,69.6,0.15,0
54,Imaging,Central,Private,9,0,4.18,2,8,1,2,74.6,0.08,1
29,Specialty,North,Medicare,15,0,16.42,4,13,1,4,60.3,0.13,1
65,Specialty,South,Private,7,0,0.83,5,16,0,3,63.4,0.01,0
71,Lab,East,Private,15,2,8.18,1,12,1,1,78.6,0.09,1
69,Imaging,North,Medicaid,0,1,4.05,5,12,0,2,65.1,0.0,0
23,Specialty,Central,Medicaid,21,3,9.02,4,13,1,5,64.0,0.27,1
68,Primary Care,Central,Private,17,0,3.54,4,11,1,4,59.9,0.02,0
70,Lab,East,Private,13,1,9.17,4,13,1,2,64.5,0.14,0
31,Telehealth,South,Medicare,10,0,13.73,2,17,1,4,57.7,0.04,0
79,Specialty,Central,Private,5,0,4.53,0,12,1,4,78.8,0.05,0
55,Imaging,West,Private,21,1,5.09,0,12,0,2,64.6,0.0,0
52,Specialty,East,Medicare,2,1,8.93,0,15,1,1,57.0,0.03,1
70,Primary Care,East,Private,19,0,11.37,3,14,1,1,67.6,0.66,1
54,Telehealth,East,Private,35,0,24.56,4,11,1,0,53.2,0.01,1
57,Imaging,South,Medicare,29,1,5.18,1,13,0,2,59.7,0.01,0
40,Specialty,East,Medicare,0,0,5.09,0,12,1,2,86.3,0.06,0
84,Imaging,West,Private,9,0,2.8,4,11,0,4,56.9,0.24,1
87,Specialty,East,Self-pay,18,0,0.57,4,12,1,4,68.3,0.1,0
27,Primary Care,West,Medicaid,13,1,13.82,6,8,1,3,96.5,0.1,0
70,Imaging,West,Medicare,0,1,6.18,6,12,0,0,73.0,0.13,1
19,Primary Care,Central,Private,18,2,2.71,6,11,0,3,63.9,0.0,1
44,Primary Care,East,Medicare,14,1,12.4,0,16,0,0,46.1,0.25,0
87,Primary Care,South,Medicare,33,2,10.71,2,14,1,4,72.0,0.16,0
30,Primary Care,West,Medicare,11,0,5.04,3,15,0,4,60.8,0.08,1
45,Telehealth,Central,Medicare,26,2,8.42,5,10,1,3,76.7,0.24,0
33,Primary Care,North,Private,1,0,3.14,6,8,1,4,61.9,0.24,0
70,Primary Care,Central,Private,4,0,11.09,5,11,1,4,73.3,0.1,1
51,Imaging,Central,Medicaid,21,1,4.33,6,12,1,3,87.4,0.11,1
60,Lab,West,Private,25,1,14.91,0,12,0,2,78.1,0.45,1
85,Imaging,North,Medicare,4,1,9.82,0,9,0,1,54.2,0.15,1
55,Telehealth,West,Medicaid,14,1,2.23,2,10,1,2,71.1,0.08,1
70,Imaging,South,Private,0,1,13.84,5,15,1,1,81.6,0.14,1
25,Imaging,South,Self-pay,12,2,13.1,2,17,1,1,51.8,0.04,1
33,Specialty,North,Medicaid,22,0,11.92,1,17,1,1,90.2,0.11,1
86,Primary Care,West,Medicare,10,1,12.37,1,13,1,0,71.7,0.03,1
79,Specialty,East,Medicare,12,0,6.84,5,14,0,4,76.9,0.07,0
65,Imaging,East,Medicaid,3,2,8.32,5,14,1,3,65.9,0.2,0
45,Imaging,East,Private,8,1,5.89,2,11,1,4,70.6,0.18,1
32,Imaging,East,Medicare,32,3,1.28,0,11,1,4,59.3,0.01,1
79,Specialty,East,Private,15,2,9.71,1,8,1,3,88.6,0.28,1
74,Imaging,East,Medicaid,4,0,1.74,2,8,1,4,91.5,0.38,1
35,Primary Care,North,Medicare,11,1,2.79,3,11,1,3,95.8,0.03,0
60,Primary Care,East,Medicaid,0,1,4.14,2,11,0,4,48.8,0.02,1
62,Specialty,North,Private,4,1,7.16,1,13,0,2,74.0,0.06,0
52,Primary Care,Central,Private,28,2,21.44,6,17,1,2,75.2,0.05,1
84,Telehealth,East,Medicaid,13,1,4.11,2,16,1,2,61.5,0.18,0
26,Primary Care,Central,Private,33,2,22.6,1,9,0,6,74.5,0.02,0
36,Primary Care,East,Medicare,13,0,12.84,2,13,1,2,52.8,0.05,0
24,Imaging,North,Medicaid,14,0,8.87,5,13,1,4,87.7,0.12,0
67,Primary Care,South,Private,20,0,3.74,6,17,1,0,51.6,0.24,0
64,Specialty,South,Private,0,1,7.24,3,12,1,3,73.0,0.04,0
89,Primary Care,East,Private,16,3,7.69,3,11,1,2,79.5,0.04,1
57,Primary Care,Central,Medicaid,14,0,10.99,2,15,1,1,62.8,0.29,1
28,Imaging,North,Private,29,3,3.9,4,8,1,2,86.5,0.21,0
50,Primary Care,East,Private,24,0,13.11,4,8,1,3,48.1,0.07,1
24,Specialty,North,Self-pay,3,2,6.64,1,14,0,2,69.6,0.07,0
66,Primary Care,East,Medicaid,26,1,9.69,3,11,1,1,49.8,0.11,0
66,Specialty,West,Medicare,11,1,6.23,6,10,1,4,60.7,0.13,1
79,Specialty,North,Medicare,5,0,16.19,1,16,0,2,64.1,0.01,0
42,Primary Care,North,Medicaid,16,0,2.95,3,10,1,3,63.3,0.01,0
40,Imaging,West,Self-pay,12,0,8.49,4,8,1,4,85.3,0.31,1
23,Specialty,East,Self-pay,29,0,2.19,0,8,1,5,55.9,0.37,0
47,Telehealth,South,Medicare,17,0,10.25,3,17,0,0,51.3,0.07,0
52,Lab,West,Medicaid,16,0,2.74,4,13,1,2,64.8,0.13,1
72,Specialty,North,Medicaid,23,1,5.63,3,8,1,0,71.4,0.13,1
72,Primary Care,Central,Medicaid,25,1,5.12,2,10,0,7,76.0,0.13,0
28,Imaging,Central,Medicaid,22,0,26.29,5,11,1,3,83.8,0.08,1
38,Specialty,East,Private,28,4,3.83,2,17,0,4,44.2,0.03,1
54,Lab,East,Medicaid,20,1,13.18,3,13,0,2,90.3,0.23,1
42,Specialty,East,Private,16,3,0.54,2,16,1,2,60.2,0.02,1
19,Primary Care,Central,Private,26,0,7.18,5,12,1,4,66.7,0.09,0
78,Lab,North,Private,13,0,16.67,3,15,1,3,70.3,0.17,0
70,Imaging,West,Private,14,0,1.37,2,8,1,5,44.0,0.02,0
55,Primary Care,South,Medicare,31,2,12.79,2,11,1,1,64.8,0.07,1
40,Imaging,Central,Private,30,1,6.27,3,12,1,2,81.9,0.08,1
78,Specialty,Central,Medicare,14,1,0.79,5,8,1,3,77.6,0.32,0
20,Specialty,South,Self-pay,9,0,14.06,4,10,0,3,64.0,0.04,1
50,Lab,East,Private,29,1,10.6,1,14,1,3,72.6,0.0,0
75,Primary Care,East,Private,22,1,3.38,0,14,0,1,75.5,0.1,0
86,Primary Care,East,Private,17,1,11.06,0,8,1,1,66.9,0.17,0
36,Primary Care,North,Medicaid,11,0,1.49,6,10,1,3,75.9,0.28,1
64,Telehealth,West,Private,17,1,4.35,0,12,1,0,60.4,0.06,1
31,Primary Care,West,Private,14,1,7.04,1,10,1,1,58.7,0.09,0
26,Imaging,Central,Private,7,1,6.77,2,8,1,3,66.4,0.01,0
43,Imaging,West,Private,15,1,9.48,1,8,0,1,41.0,0.09,0
81,Lab,West,Medicare,17,2,25.87,0,13,1,3,78.3,0.01,0
67,Primary Care,South,Medicare,10,0,8.08,1,11,0,2,71.0,0.0,0
53,Primary Care,North,Private,23,2,8.24,0,13,0,1,67.3,0.3,0
38,Telehealth,West,Private,27,0,14.95,3,15,1,1,79.6,0.09,0
28,Specialty,West,Medicare,24,0,6.74,2,13,1,4,74.6,0.08,0
37,Primary Care,Central,Self-pay,11,3,1.13,2,13,0,3,82.8,0.09,1
28,Primary Care,East,Medicaid,22,0,7.5,6,15,0,3,89.0,0.27,0
31,Lab,North,Medicaid,15,0,0.97,6,9,1,3,74.0,0.14,0
67,Telehealth,South,Self-pay,2,0,14.0,0,10,0,1,61.4,0.45,0
27,Specialty,East,Private,21,0,6.98,6,15,1,2,78.7,0.14,0
21,Primary Care,South,Private,15,0,9.2,0,10,1,0,61.4,0.05,0
57,Imaging,South,Medicaid,40,0,3.0,4,16,1,2,60.9,0.08,0
38,Primary Care,North,Private,29,0,3.14,4,12,0,2,66.5,0.12,1
50,Lab,East,Private,21,1,10.51,4,8,1,3,83.9,0.24,0
28,Primary Care,South,Medicaid,16,0,5.62,3,15,1,2,79.0,0.14,0
33,Primary Care,Central,Medicare,16,2,3.86,4,12,1,4,80.6,0.04,0
49,Primary Care,Central,Private,4,1,16.66,0,9,1,2,71.5,0.11,0
67,Primary Care,South,Medicare,0,1,7.64,3,10,0,3,76.8,0.09,0
47,Primary Care,Central,Private,5,0,4.32,6,16,0,2,77.2,0.12,0
57,Imaging,East,Private,14,1,7.99,3,12,1,4,61.7,0.03,0
55,Specialty,Central,Private,0,0,4.97,4,10,1,4,77.1,0.26,0
37,Imaging,West,Private,9,0,9.89,0,13,1,1,70.0,0.04,0
38,Primary Care,South,Self-pay,12,0,2.84,3,9,1,5,65.1,0.02,0
48,Primary Care,South,Private,12,0,14.16,0,11,1,1,65.7,0.07,0
20,Specialty,Central,Medicaid,7,1,4.96,3,13,0,2,63.4,0.02,0
67,Specialty,Central,Self-pay,11,0,2.11,2,17,0,2,66.6,0.08,0
62,Primary Care,East,Private,31,0,2.37,5,10,1,5,69.9,0.04,0
40,Lab,East,Private,21,0,5.93,5,16,1,1,78.0,0.08,0
44,Primary Care,East,Medicaid,8,1,3.88,0,12,0,4,88.1,0.05,0
41,Primary Care,Central,Private,13,0,1.73,2,16,1,0,76.8,0.04,1
64,Primary Care,East,Medicare,14,0,1.83,6,8,0,4,71.4,0.14,0
72,Imaging,North,Private,6,0,7.03,0,9,1,2,46.0,0.0,1
25,Primary Care,South,Medicaid,6,0,8.32,0,12,0,2,99.0,0.13,0
47,Primary Care,East,Medicaid,24,0,7.4,6,15,0,1,61.5,0.08,0
18,Specialty,South,Medicare,10,1,16.34,3,11,1,2,61.9,0.22,0
50,Primary Care,Central,Private,3,1,9.2,4,9,0,2,85.2,0.08,0
35,Primary Care,Central,Medicare,14,0,4.27,1,9,1,0,56.8,0.11,1
42,Imaging,South,Medicare,15,1,36.95,2,10,1,1,74.5,0.09,0
50,Imaging,Central,Medicare,0,1,3.26,4,11,0,4,64.4,0.16,1
41,Primary Care,West,Self-pay,14,0,1.52,2,13,1,2,67.0,0.12,0
46,Primary Care,West,Private,23,0,10.91,5,15,1,1,70.6,0.69,0
73,Primary Care,North,Private,19,3,21.52,6,9,1,3,55.7,0.0,0
76,Telehealth,East,Private,36,1,12.5,4,15,0,3,68.5,0.56,1
18,Imaging,Central,Medicare,27,0,5.67,1,17,1,3,82.3,0.11,0
45,Primary Care,West,Medicaid,28,2,3.58,1,11,1,3,69.1,0.29,1
78,Telehealth,West,Private,42,0,10.38,0,10,1,4,105.0,0.1,0
56,Specialty,North,Private,22,0,5.92,5,17,1,3,71.1,0.05,0
32,Primary Care,South,Self-pay,16,0,5.42,6,17,1,2,55.6,0.09,1
60,Telehealth,East,Private,24,0,17.23,6,9,1,4,63.7,0.04,0
28,Imaging,West,Medicaid,8,1,1.17,6,16,1,1,46.8,0.02,0
19,Specialty,Central,Self-pay,15,1,8.87,1,16,1,2,82.9,0.43,0
63,Specialty,East,Medicaid,8,0,3.8,4,11,1,0,89.3,0.16,1
55,Telehealth,South,Private,18,0,6.81,1,17,1,5,80.1,0.03,0
72,Primary Care,South,Medicare,7,0,3.17,1,9,1,6,59.9,0.16,0
42,Primary Care,North,Private,7,0,5.92,3,13,1,2,59.5,0.08,0
79,Specialty,North,Private,18,2,29.12,4,15,1,4,78.8,0.42,1
48,Telehealth,South,Private,13,1,11.7,5,8,1,4,63.7,0.01,0
71,Primary Care,Central,Private,0,0,10.37,3,17,0,3,59.7,0.23,0
25,Primary Care,East,Self-pay,0,3,6.95,0,17,1,4,58.3,0.27,1
24,Specialty,Central,Medicare,3,1,6.49,0,11,1,1,92.4,0.09,0
74,Primary Care,Central,Private,5,2,7.3,0,12,1,2,64.4,0.0,0
78,Imaging,North,Medicare,18,1,9.63,5,11,0,0,80.0,0.06,1
85,Primary Care,West,Medicare,16,0,11.85,3,9,1,1,76.6,0.08,0
41,Lab,North,Private,25,1,23.25,2,16,0,0,59.8,0.08,1
19,Imaging,North,Private,22,1,5.65,5,16,1,0,70.5,0.47,1
88,Specialty,South,Medicare,25,0,16.95,2,13,1,2,58.0,0.05,1
61,Lab,North,Medicaid,20,2,23.42,2,12,0,3,87.4,0.19,0
35,Primary Care,West,Private,16,0,12.48,5,14,1,2,59.1,0.13,1
72,Specialty,West,Medicaid,25,0,6.41,4,12,1,2,74.4,0.43,0
83,Specialty,West,Medicare,23,1,12.54,4,15,1,1,64.1,0.01,0
38,Primary Care,East,Medicare,18,0,1.65,5,13,1,3,58.9,0.1,0
73,Primary Care,Central,Private,27,2,20.84,2,9,1,2,82.9,0.19,0
74,Specialty,Central,Medicare,0,2,13.3,0,17,1,1,63.7,0.01,0
54,Specialty,Central,Private,11,1,6.21,4,12,1,4,48.0,0.21,1
63,Imaging,West,Private,11,1,5.86,2,13,1,1,75.1,0.02,0
37,Primary Care,South,Medicaid,26,0,2.06,6,14,1,1,61.5,0.17,1
84,Primary Care,East,Private,30,1,14.71,2,16,1,4,71.9,0.35,1
88,Telehealth,East,Private,0,0,5.96,5,12,0,0,80.3,0.05,0
88,Primary Care,North,Private,28,2,22.05,5,9,1,4,74.3,0.0,1
71,Telehealth,Central,Private,2,1,1.62,4,9,0,1,80.7,0.19,0
21,Imaging,Central,Self-pay,3,0,3.23,4,14,1,3,54.4,0.12,0
44,Specialty,Central,Private,12,0,2.91,0,12,1,1,84.4,0.17,0
50,Primary Care,South,Medicare,11,0,0.48,5,13,1,3,66.4,0.0,0
87,Lab,North,Medicaid,0,1,10.93,1,16,1,2,52.9,0.03,0
57,Telehealth,North,Private,20,0,2.49,3,11,1,1,40.5,0.11,1
56,Imaging,Central,Private,21,0,3.24,1,14,1,0,66.3,0.02,1
28,Imaging,West,Medicare,25,1,2.63,1,10,0,2,60.6,0.01,1
75,Specialty,Central,Medicaid,10,0,5.03,2,14,1,3,60.8,0.4,0
42,Primary Care,Central,Medicare,14,1,19.18,3,8,1,4,74.0,0.05,1
24,Telehealth,South,Private,14,0,9.63,6,10,1,1,90.6,0.07,0
89,Primary Care,South,Private,31,0,7.89,2,10,0,1,59.2,0.1,1
31,Specialty,Central,Private,0,2,6.82,6,9,1,2,71.1,0.04,1
19,Primary Care,South,Private,4,2,4.4,4,14,1,3,63.2,0.15,0
23,Imaging,East,Self-pay,14,2,4.46,4,11,1,2,58.2,0.0,0
50,Imaging,East,Private,3,0,7.6,6,10,1,2,57.8,0.05,0
25,Specialty,West,Private,11,2,17.78,6,10,1,2,89.7,0.36,1
78,Primary Care,Central,Medicare,13,3,4.14,3,15,1,2,70.2,0.04,0
54,Primary Care,North,Private,7,0,13.59,2,13,0,0,67.7,0.03,0
41,Primary Care,East,Medicare,15,2,2.74,4,16,1,2,61.8,0.01,1
18,Telehealth,Central,Private,20,0,10.87,1,13,1,4,70.8,0.02,0
52,Primary Care,South,Medicaid,12,1,17.31,1,14,0,5,62.3,0.03,0
28,Telehealth,West,Private,9,0,6.42,2,17,1,4,93.2,0.62,0
88,Primary Care,Central,Medicare,12,0,4.43,4,16,1,3,73.0,0.03,0
38,Lab,South,Medicare,14,0,10.85,6,15,1,1,71.7,0.19,0
52,Specialty,North,Private,0,0,20.58,5,13,1,2,71.4,0.02,0
19,Lab,North,Private,19,2,13.18,2,16,1,1,85.7,0.04,1
27,Specialty,North,Medicare,9,0,22.46,5,17,1,0,69.7,0.17,0
32,Imaging,South,Medicaid,27,0,6.91,3,9,1,1,64.3,0.01,0
21,Imaging,North,Private,20,0,6.59,6,15,1,1,71.9,0.09,1
70,Primary Care,East,Medicare,26,2,1.81,4,8,1,0,79.5,0.09,1
86,Telehealth,Central,Medicare,4,1,4.27,6,11,1,4,84.2,0.03,0
88,Imaging,South,Private,10,0,6.22,5,16,1,3,72.6,0.11,0
37,Primary Care,East,Medicaid,2,1,6.7,3,15,1,2,72.8,0.11,0
74,Primary Care,North,Private,7,1,10.71,5,14,1,3,81.9,0.07,0
54,Specialty,West,Medicare,27,1,4.65,6,14,0,3,37.2,0.04,0
21,Lab,South,Self-pay,29,0,4.88,1,9,0,1,71.1,0.01,0
24,Imaging,North,Medicare,3,0,25.02,5,15,0,5,63.0,0.25,0
57,Primary Care,Central,Medicare,9,2,0.51,6,9,0,1,70.7,0.05,0
48,Imaging,Central,Medicaid,13,0,0.74,3,11,1,0,74.3,0.03,0
18,Primary Care,West,Private,20,0,3.14,3,8,0,3,84.9,0.51,1
84,Primary Care,West,Private,0,0,0.7,0,13,1,3,53.4,0.3,1
70,Lab,East,Private,0,1,0.91,5,16,1,2,61.4,0.1,0
54,Primary Care,South,Private,19,0,5.13,6,16,0,4,59.3,0.08,0
89,Primary Care,East,Private,0,1,8.65,4,8,0,3,62.7,0.05,0
87,Primary Care,Central,Medicaid,10,0,4.97,6,17,0,1,53.6,0.1,0
88,Primary Care,Central,Private,16,0,9.03,0,10,1,2,95.6,0.06,0
36,Primary Care,West,Self-pay,18,0,11.9,3,11,1,3,80.4,0.16,0
81,Primary Care,South,Private,13,1,7.94,5,10,1,3,60.7,0.61,1
54,Specialty,West,Private,10,1,9.02,2,12,0,4,70.2,0.07,0
70,Telehealth,West,Medicare,22,2,5.49,5,8,1,4,64.8,0.0,0
79,Primary Care,South,Private,17,0,4.64,0,11,1,0,71.9,0.15,0
29,Lab,East,Medicare,8,0,0.62,6,11,1,2,60.8,0.3,1
50,Imaging,North,Private,14,1,12.33,0,15,1,1,51.7,0.01,0
27,Primary Care,East,Private,18,1,7.68,0,16,0,5,63.1,0.59,0
38,Primary Care,Central,Medicare,31,0,8.53,5,8,1,1,86.6,0.15,1
47,Primary Care,South,Medicare,22,1,1.71,6,12,1,3,52.2,0.02,0
79,Imaging,West,Private,26,2,3.32,2,17,0,1,83.2,0.16,0
80,Imaging,South,Private,8,0,5.26,1,17,1,0,76.7,0.02,0
46,Primary Care,North,Private,9,4,2.47,3,13,1,1,65.2,0.01,1
41,Primary Care,West,Private,12,1,7.85,1,15,1,2,79.0,0.05,0
56,Primary Care,West,Self-pay,13,0,7.45,2,10,1,3,72.5,0.02,0
83,Specialty,Central,Medicare,4,1,7.11,0,16,1,3,44.4,0.24,0
88,Primary Care,West,Private,27,0,12.2,4,8,1,1,65.1,0.01,0
34,Specialty,Central,Private,23,0,7.99,1,13,0,3,65.5,0.09,1
31,Specialty,North,Private,11,1,16.37,5,13,1,4,87.3,0.02,0
68,Imaging,West,Private,20,0,8.19,1,9,1,3,65.2,0.08,1
39,Primary Care,South,Self-pay,16,0,3.92,6,13,1,2,67.5,0.1,1
32,Specialty,West,Private,21,1,6.61,4,17,1,3,56.1,0.05,0
20,Specialty,West,Medicaid,1,0,0.32,3,14,1,3,69.2,0.12,0
47,Lab,North,Medicaid,13,0,8.6,2,9,0,5,55.7,0.1,1
46,Specialty,East,Medicaid,13,1,3.41,2,13,1,5,83.0,0.22,0
58,Primary Care,West,Medicare,20,1,7.32,0,15,1,3,65.0,0.16,1
32,Primary Care,South,Private,8,0,3.87,0,13,1,3,55.7,0.08,0
69,Imaging,West,Medicaid,0,1,2.47,3,9,1,2,84.7,0.17,1
66,Specialty,Central,Medicaid,3,0,19.85,5,11,1,3,54.3,0.1,0
51,Imaging,North,Medicare,13,0,3.81,4,12,1,3,73.1,0.02,0
31,Imaging,East,Private,15,1,3.24,5,9,1,2,52.2,0.0,1
54,Lab,Central,Private,31,1,11.02,5,12,1,5,73.5,0.03,0
66,Lab,North,Private,20,0,5.13,2,10,0,1,82.8,0.09,0
44,Primary Care,South,Private,15,1,3.57,6,9,1,4,62.2,0.11,0
36,Primary Care,West,Medicare,14,0,11.24,1,11,1,0,55.8,0.01,0
54,Telehealth,West,Medicaid,25,1,6.46,1,8,0,2,56.2,0.23,0
43,Imaging,Central,Medicare,8,0,12.29,4,15,1,2,69.3,0.17,1
46,Telehealth,West,Medicare,13,0,16.76,0,8,1,3,93.1,0.34,0
43,Specialty,East,Medicaid,3,0,5.02,5,9,0,2,82.8,0.07,0
39,Telehealth,East,Medicare,28,1,10.6,2,11,0,5,84.0,0.17,0
69,Primary Care,North,Private,18,1,17.29,5,14,1,2,57.2,0.07,0
51,Specialty,West,Medicaid,7,1,20.41,5,12,1,1,83.2,0.08,1
51,Specialty,North,Private,13,1,4.21,0,8,1,1,81.8,0.17,0
65,Primary Care,Central,Self-pay,19,1,13.53,2,11,1,2,73.7,0.22,1
44,Primary Care,North,Private,11,1,0.76,6,8,0,4,62.4,0.14,1
25,Primary Care,North,Medicare,9,0,8.11,6,12,1,4,81.7,0.02,0
79,Primary Care,Central,Medicare,7,1,1.95,3,10,1,1,61.9,0.1,0
22,Telehealth,North,Private,17,0,5.02,2,16,1,1,77.9,0.13,0
59,Telehealth,East,Private,10,1,26.46,4,11,1,1,65.4,0.3,0
37,Lab,Central,Private,9,0,12.46,5,13,0,2,58.2,0.15,0
33,Telehealth,Central,Medicaid,1,1,2.0,0,9,1,4,65.1,0.05,0
21,Lab,South,Private,15,0,2.67,2,12,1,3,93.6,0.15,0
82,Telehealth,South,Private,12,0,14.45,0,16,0,3,56.0,0.19,0
48,Primary Care,West,Medicaid,11,0,14.13,3,8,1,4,81.9,0.68,1
42,Primary Care,East,Medicare,16,0,14.65,0,11,1,2,80.1,0.31,0
71,Lab,North,Medicaid,21,1,8.08,6,11,1,1,67.8,0.06,0
20,Specialty,North,Private,21,0,12.42,2,12,1,2,63.4,0.13,0
58,Imaging,Central,Private,20,1,5.22,6,12,1,4,55.0,0.13,0
53,Specialty,South,Private,12,0,5.03,6,17,0,3,85.5,0.03,0
57,Primary Care,Central,Medicaid,8,0,7.75,1,9,1,3,55.7,0.02,0
26,Primary Care,South,Medicaid,4,0,3.52,5,10,1,4,36.5,0.14,0
86,Imaging,West,Medicaid,8,0,3.04,0,12,1,3,73.7,0.15,0
35,Specialty,East,Medicare,14,0,10.13,6,14,1,2,53.8,0.15,0
66,Primary Care,South,Private,6,3,10.77,5,8,0,0,68.7,0.05,0
71,Specialty,West,Private,15,1,3.11,4,15,1,4,53.9,0.02,0
42,Primary Care,North,Medicare,4,0,4.23,4,13,1,2,63.0,0.05,0
27,Specialty,Central,Private,0,2,9.14,0,10,1,2,70.8,0.49,1
39,Imaging,West,Medicare,22,1,8.6,1,11,1,2,73.3,0.03,0
76,Specialty,South,Medicaid,9,0,8.09,4,8,1,5,86.1,0.1,0
83,Telehealth,West,Private,6,0,3.24,1,14,1,4,70.0,0.03,0
85,Specialty,Central,Medicare,3,0,28.8,4,15,1,2,71.3,0.07,0
34,Telehealth,East,Medicare,18,2,4.68,5,17,1,3,67.1,0.05,0
61,Lab,South,Private,28,4,9.41,6,10,1,4,81.1,0.2,1
28,Lab,Central,Private,10,1,2.46,0,10,1,3,56.4,0.03,0
69,Imaging,North,Medicare,12,1,6.46,3,11,1,3,64.7,0.01,0
47,Specialty,West,Medicaid,25,0,3.04,0,9,1,0,70.0,0.11,0
69,Specialty,South,Private,0,0,4.52,1,12,0,4,59.1,0.06,0
67,Specialty,West,Private,34,0,8.2,6,9,1,1,86.7,0.11,0
89,Primary Care,East,Private,38,2,16.18,5,8,0,0,73.8,0.13,1
53,Primary Care,North,Medicare,0,1,4.14,4,11,1,0,55.3,0.18,0
42,Primary Care,Central,Private,13,1,7.91,5,16,1,1,74.9,0.04,0
55,Imaging,East,Medicare,7,0,9.32,0,17,1,3,85.7,0.45,1
29,Primary Care,South,Private,11,1,11.12,3,16,1,4,61.4,0.0,1
26,Specialty,West,Medicaid,10,0,1.07,1,17,1,3,86.3,0.19,0
55,Primary Care,East,Private,22,0,12.26,0,16,0,5,73.1,0.09,0
77,Primary Care,North,Private,13,0,9.4,6,14,1,2,72.4,0.05,0
56,Specialty,West,Medicare,5,1,8.08,2,9,0,2,84.4,0.01,0
74,Lab,Central,Medicaid,12,0,3.74,1,16,0,0,72.4,0.0,0
30,Primary Care,South,Self-pay,19,2,8.61,5,17,0,2,74.7,0.05,0
50,Telehealth,Central,Self-pay,2,1,23.85,4,12,1,0,71.1,0.1,0
62,Primary Care,West,Private,0,0,14.99,2,14,1,0,49.0,0.09,0
43,Specialty,North,Medicare,34,1,5.0,5,11,1,3,74.9,0.01,0
19,Primary Care,West,Medicare,8,0,7.99,5,13,1,0,73.0,0.03,0
23,Primary Care,East,Medicare,13,3,8.17,1,8,0,0,65.4,0.1,1
84,Primary Care,Central,Private,10,0,5.61,1,15,0,0,39.4,0.07,0
61,Primary Care,West,Medicare,19,1,2.07,1,13,0,4,77.5,0.27,0
37,Imaging,North,Self-pay,32,1,5.07,2,15,1,5,59.7,0.22,1
36,Imaging,North,Private,20,0,9.89,2,11,0,2,56.5,0.04,0
20,Primary Care,South,Private,0,0,4.98,2,12,1,4,55.3,0.1,0
86,Telehealth,East,Private,0,1,6.46,1,9,1,1,46.5,0.19,0
25,Imaging,Central,Private,10,1,16.31,0,13,1,4,75.5,0.05,0
72,Primary Care,Central,Medicare,11,1,6.49,4,17,1,1,98.3,0.34,1
35,Primary Care,Central,Private,0,0,6.81,2,13,0,4,63.0,0.14,0
42,Primary Care,East,Private,22,1,7.48,0,16,1,2,79.9,0.04,1
37,Lab,North,Medicaid,3,0,4.63,5,8,0,0,68.9,0.04,0
77,Specialty,West,Private,29,1,12.53,1,15,1,1,73.3,0.13,0
20,Primary Care,North,Medicaid,32,0,2.47,2,8,1,3,69.2,0.04,0
43,Primary Care,North,Medicaid,12,0,4.61,5,12,0,0,79.4,0.18,0
38,Primary Care,South,Medicare,18,0,8.02,2,12,0,3,55.5,0.45,0
37,Primary Care,Central,Private,2,0,5.23,1,12,0,0,71.2,0.02,0
31,Specialty,West,Self-pay,20,1,19.17,4,13,0,3,83.6,0.04,0
83,Telehealth,North,Private,9,2,6.86,0,15,0,0,78.4,0.02,0
45,Primary Care,Central,Private,3,0,6.72,3,15,0,3,73.9,0.08,0
48,Primary Care,Central,Private,11,1,3.1,5,8,0,4,71.2,0.13,1
45,Primary Care,West,Medicaid,9,1,5.31,3,15,0,2,65.7,0.01,0
88,Primary Care,North,Private,11,1,12.16,1,11,1,2,65.8,0.04,1
42,Imaging,South,Private,23,1,3.9,5,13,1,5,51.4,0.0,0
42,Telehealth,South,Medicare,6,0,1.38,5,17,1,1,76.0,0.03,0
41,Imaging,West,Medicare,31,1,6.04,2,10,1,2,86.4,0.3,0
41,Primary Care,West,Medicare,1,1,7.1,1,14,1,3,73.5,0.08,0
24,Lab,South,Private,30,1,4.86,3,14,1,3,70.2,0.05,1
61,Lab,South,Medicare,4,2,16.47,5,13,1,2,77.2,0.25,0
19,Primary Care,East,Private,14,1,26.41,0,10,1,1,44.6,0.01,1
34,Telehealth,Central,Private,9,0,7.98,3,15,0,4,63.9,0.37,1
32,Imaging,North,Private,11,0,5.27,2,16,1,1,69.1,0.24,0
38,Imaging,West,Private,22,0,9.9,2,17,1,6,49.5,0.07,1
72,Specialty,Central,Private,29,1,16.55,1,12,1,1,71.9,0.09,0
61,Primary Care,West,Medicare,26,1,4.15,4,9,1,1,47.8,0.19,1
89,Imaging,East,Private,10,1,11.72,6,16,1,3,78.3,0.49,1
43,Specialty,West,Private,16,1,6.03,0,14,1,3,72.7,0.06,0
84,Telehealth,Central,Private,6,0,14.38,0,9,1,1,67.7,0.31,1
21,Primary Care,Central,Private,4,0,3.1,2,15,0,5,79.1,0.01,0
54,Primary Care,North,Medicaid,3,0,17.93,4,15,1,3,71.8,0.27,0
75,Imaging,North,Private,10,1,8.18,0,16,1,2,75.7,0.1,0
56,Specialty,North,Medicare,16,0,9.88,5,12,1,3,73.4,0.02,0
85,Specialty,North,Private,0,0,2.68,5,12,1,4,59.7,0.25,1
40,Imaging,West,Private,14,0,2.61,2,9,1,5,88.8,0.05,0
20,Imaging,South,Private,29,0,8.78,2,12,1,3,84.9,0.2,1
73,Specialty,West,Private,25,1,10.09,1,13,1,1,75.1,0.03,1
22,Primary Care,West,Medicaid,8,1,5.64,4,16,1,1,71.8,0.14,0
73,Specialty,East,Private,0,0,10.84,1,10,0,0,79.0,0.18,0
70,Specialty,North,Self-pay,19,1,2.66,2,8,1,2,85.1,0.11,0
78,Imaging,South,Medicare,0,1,1.93,1,10,1,3,92.8,0.09,0
52,Imaging,North,Private,25,0,7.51,2,10,1,3,63.5,0.14,1
82,Specialty,Central,Self-pay,12,1,2.57,6,12,1,4,82.5,0.08,1
30,Primary Care,South,Private,32,1,1.42,0,15,1,0,69.0,0.1,1
49,Primary Care,North,Medicaid,0,0,3.32,0,11,1,2,50.7,0.1,0
26,Primary Care,North,Private,23,1,9.85,2,11,1,3,80.1,0.1,0
73,Specialty,West,Medicare,13,2,8.05,3,11,0,0,87.6,0.05,1
69,Imaging,West,Private,11,2,16.69,6,17,1,3,81.7,0.08,0
76,Telehealth,Central,Medicaid,0,0,8.45,1,11,1,7,68.0,0.48,0
73,Specialty,South,Private,20,1,2.76,3,15,1,4,74.7,0.21,0
40,Imaging,North,Medicare,21,1,10.31,4,8,0,3,78.4,0.04,1
22,Specialty,Central,Self-pay,32,2,4.06,4,9,0,2,76.9,0.03,1
84,Specialty,South,Private,24,1,5.55,2,11,1,3,84.8,0.05,0
53,Specialty,South,Self-pay,8,3,4.12,5,13,1,5,81.3,0.1,0
24,Primary Care,Central,Medicare,4,1,2.42,2,11,1,2,63.1,0.2,0
84,Specialty,East,Medicaid,0,1,35.63,3,10,0,4,70.3,0.15,0
89,Telehealth,East,Private,29,1,3.55,0,13,1,3,63.9,0.06,0
50,Specialty,Central,Medicaid,6,0,1.22,6,10,0,5,71.9,0.1,0
73,Primary Care,South,Medicaid,29,1,11.18,6,12,1,4,47.6,0.04,0
20,Specialty,North,Private,19,0,0.89,1,9,1,3,93.1,0.03,1
24,Telehealth,South,Medicaid,17,0,6.07,3,9,0,3,60.6,0.3,0
37,Primary Care,North,Self-pay,11,2,12.37,5,17,1,2,63.8,0.12,0
65,Telehealth,East,Medicaid,21,2,2.13,0,13,1,4,71.0,0.05,0
27,Telehealth,Central,Self-pay,14,0,6.87,4,11,1,2,53.5,0.01,0
20,Specialty,Central,Medicaid,10,0,5.38,5,8,1,3,66.0,0.12,0
66,Primary Care,West,Private,21,0,3.5,4,15,1,2,72.0,0.18,1
73,Primary Care,Central,Medicaid,13,1,16.72,5,11,1,0,89.8,0.02,0
71,Primary Care,East,Medicare,6,2,5.34,1,12,1,3,71.7,0.01,0
75,Primary Care,South,Private,20,5,11.02,3,14,1,0,65.1,0.15,1
75,Imaging,North,Private,13,1,13.1,4,8,0,2,56.5,0.1,0
61,Telehealth,East,Private,19,1,5.87,6,14,1,4,95.7,0.0,0
55,Primary Care,South,Medicaid,9,0,2.81,0,17,1,3,70.9,0.13,0
79,Specialty,North,Medicaid,2,0,13.32,1,9,0,3,71.0,0.18,0
43,Specialty,Central,Medicaid,31,0,6.08,2,17,1,1,53.5,0.23,0
25,Primary Care,North,Private,29,0,6.6,5,11,1,4,76.3,0.25,0
72,Specialty,West,Private,23,0,5.08,5,8,1,1,62.9,0.02,0
37,Telehealth,North,Private,10,0,12.99,5,12,1,4,87.7,0.01,0
88,Specialty,East,Medicare,11,1,2.5,4,10,1,4,75.6,0.02,1
47,Primary Care,West,Medicaid,28,1,6.66,3,12,1,0,71.5,0.04,0
79,Imaging,South,Medicaid,10,1,2.87,2,9,1,2,54.1,0.02,0
21,Primary Care,North,Private,8,0,5.06,3,14,1,2,68.8,0.02,0
65,Telehealth,West,Medicaid,33,0,14.21,0,11,1,3,67.4,0.11,0
50,Telehealth,West,Medicare,14,3,14.09,0,15,0,1,71.5,0.07,0
51,Primary Care,South,Self-pay,32,0,5.69,0,10,1,1,46.4,0.08,1
37,Specialty,South,Medicaid,0,1,8.45,0,8,1,2,59.1,0.11,0
87,Imaging,North,Medicare,19,0,8.33,2,11,1,2,64.0,0.02,1
46,Specialty,South,Medicaid,35,2,2.88,2,15,1,2,76.0,0.0,0
79,Specialty,Central,Private,14,0,10.03,6,17,1,4,46.8,0.03,0
48,Telehealth,North,Medicaid,11,0,3.16,6,16,0,0,86.6,0.0,0
21,Primary Care,East,Medicaid,2,0,4.82,5,8,1,2,84.9,0.03,0
81,Specialty,West,Medicaid,25,0,1.28,1,17,1,2,58.1,0.01,0
31,Primary Care,Central,Private,6,1,11.26,3,11,1,3,99.6,0.25,0
37,Primary Care,North,Medicaid,13,0,13.03,3,8,1,2,72.9,0.02,0
79,Lab,West,Private,2,0,8.67,4,10,1,1,68.7,0.07,0
82,Imaging,West,Medicaid,30,1,6.9,0,16,1,3,77.1,0.05,1
84,Specialty,South,Self-pay,26,0,4.62,0,13,1,7,75.0,0.04,0
48,Primary Care,North,Private,14,1,11.46,2,9,1,2,71.4,0.02,0
72,Lab,Central,Medicare,2,0,19.43,0,15,1,1,57.0,0.08,0
41,Primary Care,East,Medicare,29,1,3.55,2,11,1,1,64.8,0.17,1
71,Specialty,North,Medicaid,10,1,5.8,2,9,1,4,74.3,0.01,0
54,Primary Care,East,Private,3,4,2.73,6,11,1,1,80.0,0.11,1
21,Specialty,South,Medicaid,0,1,6.93,4,15,0,4,87.3,0.09,0
48,Specialty,North,Self-pay,8,0,5.02,1,10,1,0,64.5,0.17,1
51,Primary Care,South,Medicare,0,0,6.13,4,9,0,3,71.0,0.13,0
36,Specialty,South,Private,8,1,11.56,0,10,0,3,62.1,0.09,1
44,Primary Care,East,Medicare,21,1,13.87,6,15,1,4,83.1,0.1,1
54,Imaging,East,Private,10,3,2.36,0,9,1,4,66.3,0.25,1
21,Specialty,North,Medicaid,18,0,8.26,1,12,0,3,62.9,0.13,1
28,Lab,West,Private,7,2,16.76,3,14,1,4,70.7,0.16,0
73,Primary Care,West,Private,15,0,9.6,4,8,1,1,49.9,0.06,0
43,Primary Care,East,Private,33,0,2.94,3,13,0,2,76.5,0.05,1
61,Primary Care,North,Medicaid,11,0,13.45,6,15,1,2,66.3,0.14,0
58,Primary Care,North,Medicare,18,1,10.07,1,14,0,5,103.2,0.04,1
57,Specialty,Central,Medicare,0,0,9.39,6,9,0,3,62.6,0.06,1
47,Primary Care,South,Private,29,1,5.67,1,13,0,4,66.8,0.11,1
52,Primary Care,South,Private,9,0,8.99,5,17,1,2,82.2,0.49,0
77,Primary Care,West,Private,25,1,34.27,2,10,0,4,79.4,0.06,1
87,Specialty,Central,Medicare,13,3,1.05,4,9,1,0,82.4,0.09,1
36,Imaging,Central,Private,20,1,4.78,0,13,1,2,66.6,0.02,0
66,Specialty,East,Medicare,21,1,5.17,5,12,1,2,56.2,0.2,1
87,Telehealth,Central,Private,9,0,0.42,5,14,0,2,102.0,0.01,0
18,Primary Care,North,Medicaid,25,0,24.36,2,14,1,2,76.2,0.02,1
74,Specialty,Central,Private,6,2,2.73,5,8,1,3,72.7,0.05,1
53,Primary Care,South,Private,22,1,2.57,3,15,1,3,79.7,0.09,1
87,Lab,Central,Private,10,1,1.63,2,17,0,4,54.4,0.15,0
59,Primary Care,Central,Private,17,2,4.74,4,9,0,0,64.5,0.03,1
78,Telehealth,Central,Private,9,1,9.36,4,13,0,5,57.5,0.22,1
29,Imaging,West,Medicaid,14,0,6.53,2,11,1,2,72.0,0.4,0
28,Specialty,South,Medicaid,3,1,3.1,2,14,1,4,53.5,0.33,0
84,Specialty,East,Private,16,2,9.0,3,13,1,2,78.1,0.04,1
55,Primary Care,North,Medicaid,14,1,6.6,0,13,1,3,84.2,0.22,0
58,Primary Care,West,Private,9,0,15.46,4,9,1,1,83.8,0.23,0
30,Telehealth,North,Medicaid,13,1,3.93,4,14,1,1,75.3,0.15,0
34,Imaging,South,Private,15,0,3.63,3,14,0,3,72.3,0.09,0
76,Primary Care,South,Private,8,1,11.95,5,14,1,0,65.0,0.25,0
39,Primary Care,Central,Medicaid,13,0,2.63,3,9,1,1,75.4,0.04,0
60,Primary Care,East,Private,4,0,1.57,2,15,1,4,68.7,0.08,0
40,Imaging,East,Private,37,1,6.44,5,10,0,2,47.6,0.21,1
36,Specialty,South,Medicaid,25,1,9.58,1,9,1,1,62.6,0.14,0
29,Imaging,South,Medicare,17,0,1.45,0,11,0,5,79.5,0.24,0
84,Primary Care,East,Medicaid,26,0,12.87,1,9,1,5,56.5,0.09,0
85,Telehealth,South,Medicare,0,0,1.3,5,11,1,3,56.3,0.14,0
26,Primary Care,West,Private,0,1,4.11,2,10,1,4,67.6,0.04,0
43,Primary Care,East,Medicare,10,0,6.57,1,8,1,5,44.0,0.13,0
58,Telehealth,Central,Medicaid,0,0,16.47,3,17,1,2,78.8,0.16,0
45,Imaging,South,Private,12,0,17.15,1,14,1,2,77.7,0.14,0
69,Specialty,East,Private,16,0,7.54,5,11,1,3,81.4,0.09,0
36,Lab,Central,Medicare,23,0,4.7,0,11,1,0,72.7,0.42,0
22,Primary Care,Central,Medicaid,3,1,4.93,1,11,1,3,59.8,0.14,0
42,Primary Care,East,Private,18,1,22.8,5,15,0,2,55.2,0.09,0
61,Primary Care,North,Medicaid,14,0,14.62,4,10,0,3,76.6,0.18,1
31,Primary Care,East,Private,17,2,8.72,1,8,1,3,78.6,0.07,0
76,Imaging,West,Private,9,2,7.72,6,12,1,1,56.6,0.24,0
18,Specialty,South,Medicaid,28,1,7.2,0,10,1,2,55.0,0.03,1
22,Specialty,South,Private,13,1,1.0,1,17,1,0,69.8,0.01,1
54,Imaging,East,Private,32,2,0.22,1,11,0,2,71.6,0.03,1
54,Primary Care,North,Medicare,6,1,5.53,3,14,0,1,81.2,0.01,0
39,Primary Care,Central,Private,21,1,2.34,3,11,1,1,77.9,0.16,0
36,Primary Care,North,Medicaid,13,0,7.79,2,9,1,0,69.0,0.22,0
23,Imaging,Central,Self-pay,11,1,7.36,1,11,0,2,82.4,0.0,1
65,Specialty,East,Medicare,20,0,1.54,4,16,0,3,65.8,0.11,0
45,Telehealth,Central,Medicaid,11,2,7.9,2,8,1,3,66.3,0.16,0
26,Lab,Central,Medicaid,0,0,8.24,6,17,1,4,80.2,0.04,0
46,Imaging,North,Medicare,0,0,8.07,0,8,1,1,81.5,0.1,0
85,Imaging,South,Medicaid,27,0,3.97,6,15,1,2,81.8,0.05,0
36,Specialty,North,Private,26,0,9.25,5,14,0,4,67.8,0.02,0
82,Telehealth,West,Medicaid,33,0,9.69,3,13,1,2,70.9,0.11,0
36,Specialty,North,Private,14,0,9.2,4,8,1,3,59.6,0.12,0
31,Primary Care,West,Private,1,1,5.32,5,14,1,6,80.8,0.49,0
36,Primary Care,Central,Medicare,10,2,17.99,6,8,1,2,62.9,0.04,1
41,Lab,East,Private,14,1,15.53,3,15,1,2,46.0,0.04,0
26,Primary Care,West,Private,4,0,6.91,0,15,1,1,64.7,0.19,0
60,Imaging,Central,Medicare,30,1,3.67,5,16,0,2,59.7,0.02,1
42,Telehealth,Central,Private,36,0,3.31,1,11,1,4,37.5,0.14,0
69,Primary Care,North,Medicaid,19,1,9.84,6,14,0,3,63.1,0.09,1
53,Primary Care,South,Self-pay,14,1,2.02,5,9,0,5,79.4,0.01,1
49,Primary Care,East,Medicaid,1,0,10.35,4,13,1,3,75.0,0.07,0
51,Specialty,South,Private,29,1,1.74,2,15,1,0,74.9,0.12,1
29,Imaging,East,Medicare,15,0,6.07,0,9,1,3,87.1,0.05,1
69,Primary Care,Central,Private,11,1,9.79,3,16,0,3,63.1,0.13,0
25,Specialty,East,Medicare,19,1,3.43,1,11,1,3,56.3,0.12,0
69,Specialty,South,Private,8,0,12.7,6,17,1,4,75.9,0.04,1
89,Primary Care,North,Private,15,1,4.83,5,8,1,2,74.3,0.11,0
73,Primary Care,Central,Private,0,0,6.52,1,10,0,3,54.8,0.04,1
50,Primary Care,South,Self-pay,25,1,0.78,0,15,1,1,67.9,0.14,1
40,Lab,South,Private,13,0,1.69,6,9,1,0,76.5,0.06,0
80,Primary Care,East,Private,26,1,0.86,3,17,0,2,73.3,0.04,1
36,Primary Care,East,Private,12,0,11.1,5,17,1,2,78.8,0.31,1
52,Specialty,East,Medicare,13,1,4.64,4,8,0,3,61.9,0.31,0
73,Imaging,East,Medicaid,2,2,13.58,2,16,0,1,53.0,0.29,1
84,Imaging,East,Private,22,0,0.5,5,12,1,5,59.0,0.03,0
84,Primary Care,North,Private,5,2,8.95,1,16,1,1,80.4,0.1,0
24,Specialty,East,Private,9,0,0.78,5,15,1,2,82.4,0.18,0
82,Imaging,West,Medicare,14,0,3.09,6,11,1,3,68.0,0.07,0
26,Lab,East,Medicare,15,3,5.99,0,8,1,3,88.2,0.13,1
60,Specialty,Central,Medicaid,0,1,4.52,5,11,1,3,68.1,0.23,0
84,Imaging,South,Medicaid,12,0,8.08,4,12,1,6,63.9,0.09,0
65,Primary Care,East,Private,22,0,3.94,5,13,1,2,53.1,0.2,0
86,Specialty,West,Medicaid,10,0,5.47,5,15,1,3,69.1,0.07,0
42,Lab,East,Medicaid,12,1,2.6,6,16,1,2,82.7,0.08,0
40,Primary Care,North,Medicare,16,0,10.17,0,10,1,4,85.2,0.08,1
41,Primary Care,East,Private,13,1,7.12,2,9,1,3,82.8,0.2,0
43,Imaging,Central,Medicaid,4,0,8.88,3,14,1,3,76.0,0.03,0
67,Telehealth,East,Medicare,14,0,6.36,6,15,1,0,89.2,0.03,0
50,Primary Care,North,Private,24,0,11.48,4,14,1,2,58.4,0.29,0
71,Lab,North,Private,3,0,4.01,4,14,1,1,84.2,0.01,0
47,Primary Care,East,Medicare,10,1,6.84,2,15,1,2,73.4,0.28,0
40,Lab,South,Medicare,0,0,37.02,0,12,0,1,72.5,0.16,1
31,Lab,Central,Private,23,1,2.2,2,10,1,2,52.9,0.09,0
57,Imaging,Central,Medicaid,13,1,14.1,3,15,1,2,74.1,0.38,0
82,Telehealth,Central,Private,5,1,26.63,0,9,1,2,83.8,0.09,0
79,Telehealth,South,Private,15,1,9.52,1,8,1,2,44.5,0.04,0
36,Telehealth,East,Private,2,1,0.29,5,8,1,1,79.5,0.29,0
52,Specialty,South,Medicare,4,0,2.31,1,11,0,3,42.6,0.15,1
68,Specialty,North,Private,0,0,8.15,1,12,1,1,53.0,0.06,0
62,Primary Care,East,Medicare,3,2,6.42,0,13,1,2,68.9,0.12,0
22,Primary Care,South,Private,28,1,18.5,3,9,0,2,89.0,0.07,1
60,Imaging,North,Private,7,3,18.91,0,12,1,0,68.5,0.09,0
20,Primary Care,Central,Private,19,1,6.05,3,14,1,6,75.6,0.07,1
26,Telehealth,Central,Private,6,0,6.41,0,10,0,3,59.1,0.0,0
65,Primary Care,Central,Private,22,1,4.23,0,13,1,3,67.7,0.11,1
25,Primary Care,South,Private,4,0,9.19,6,10,1,2,69.3,0.05,0
42,Primary Care,Central,Medicare,14,1,2.94,3,16,0,3,89.6,0.04,0
60,Primary Care,East,Medicare,15,0,5.86,2,12,1,1,61.0,0.05,0
65,Primary Care,North,Self-pay,37,1,3.14,1,16,1,3,62.1,0.07,0
50,Specialty,East,Medicare,20,0,7.74,3,11,0,0,82.9,0.05,0
24,Primary Care,East,Private,8,0,13.49,1,11,1,1,67.0,0.26,0
75,Lab,East,Private,21,1,1.73,1,15,1,1,71.4,0.03,1
86,Primary Care,Central,Private,35,1,5.55,2,10,1,5,75.2,0.11,1
81,Imaging,South,Medicare,0,1,16.49,0,15,1,1,62.4,0.13,0
71,Imaging,Central,Private,6,0,19.9,3,8,1,3,45.4,0.3,0
46,Primary Care,North,Medicaid,12,0,4.26,2,16,0,0,82.9,0.24,0
81,Primary Care,West,Medicare,10,2,3.27,3,15,1,3,71.4,0.04,0
53,Lab,Central,Medicaid,11,0,0.15,5,13,1,5,54.7,0.13,0
27,Imaging,East,Medicare,1,0,14.53,0,12,1,3,79.3,0.15,0
79,Primary Care,Central,Private,28,1,13.88,1,11,1,0,94.1,0.23,1
41,Imaging,West,Private,0,1,7.09,2,11,1,3,84.3,0.01,1
85,Primary Care,North,Private,12,2,28.59,2,11,0,2,95.0,0.11,1
44,Primary Care,West,Medicaid,24,0,6.42,0,15,1,4,55.3,0.02,1
80,Primary Care,West,Medicaid,14,1,14.84,1,10,1,2,73.0,0.1,0
56,Imaging,North,Private,4,1,4.47,1,10,1,0,74.3,0.04,0
51,Primary Care,East,Medicare,1,0,5.36,6,11,1,2,68.6,0.35,0
39,Specialty,North,Private,12,1,8.12,0,12,1,1,66.1,0.23,1
78,Primary Care,South,Private,6,1,3.17,3,10,0,0,34.5,0.11,0
22,Primary Care,Central,Medicaid,16,0,12.12,1,12,1,2,90.3,0.03,0
51,Primary Care,Central,Private,0,0,7.29,6,16,0,3,50.6,0.26,0
44,Specialty,West,Private,22,0,1.04,3,10,0,3,80.8,0.04,1
57,Lab,South,Medicare,15,0,15.09,2,9,1,4,70.1,0.18,1
36,Imaging,East,Private,16,0,2.93,6,15,1,2,69.6,0.04,0
65,Primary Care,North,Private,28,1,3.21,4,10,1,0,67.5,0.18,0
45,Primary Care,South,Private,10,0,5.34,1,15,1,1,72.4,0.29,0
31,Primary Care,Central,Medicare,7,0,9.38,4,17,1,2,77.7,0.03,0
32,Lab,East,Self-pay,9,0,8.51,5,13,0,4,81.4,0.09,0
68,Specialty,East,Medicaid,12,0,18.59,3,13,1,3,68.5,0.31,1
36,Lab,North,Medicare,13,0,8.19,0,14,0,2,55.5,0.03,1
40,Primary Care,Central,Medicaid,6,1,1.57,5,9,1,2,55.1,0.05,0
63,Specialty,South,Medicare,0,1,2.58,2,8,1,2,82.5,0.29,0
41,Specialty,East,Medicare,8,1,1.43,0,9,1,5,66.7,0.28,0
45,Specialty,South,Private,18,1,1.4,2,12,1,2,57.7,0.14,0
35,Specialty,South,Private,15,0,4.83,3,16,0,2,61.1,0.11,0
42,Primary Care,West,Private,26,0,14.34,0,14,1,3,68.9,0.1,0
67,Specialty,West,Self-pay,34,0,7.26,1,16,1,1,54.6,0.5,0
56,Telehealth,West,Medicare,22,1,9.65,4,11,1,0,69.6,0.01,0
89,Primary Care,North,Self-pay,28,0,11.98,4,16,1,0,85.0,0.01,1
73,Imaging,Central,Private,22,0,15.06,1,15,1,1,68.6,0.36,0
19,Telehealth,West,Private,31,0,3.52,1,9,1,4,48.8,0.06,1
45,Specialty,Central,Self-pay,33,0,13.67,5,13,1,4,80.4,0.0,0
38,Specialty,North,Private,24,0,12.41,0,14,1,1,83.3,0.01,0
60,Primary Care,Central,Medicare,21,0,4.67,4,11,1,2,84.0,0.25,0
37,Imaging,West,Private,12,0,3.32,2,15,1,3,70.7,0.02,0
87,Telehealth,East,Medicaid,14,1,5.8,5,12,0,1,98.0,0.04,0
39,Telehealth,North,Private,11,1,18.23,0,15,1,4,78.8,0.07,0
55,Primary Care,South,Medicaid,20,0,14.88,1,15,1,4,105.0,0.41,1
26,Telehealth,Central,Private,7,2,4.63,5,10,0,3,86.2,0.12,0
83,Primary Care,South,Private,12,0,13.96,2,8,0,3,84.4,0.05,0
83,Specialty,West,Medicaid,0,1,10.8,2,16,1,0,62.5,0.04,0
75,Primary Care,West,Private,31,1,9.43,4,16,1,5,58.6,0.07,0
43,Primary Care,Central,Private,12,0,17.23,3,17,1,3,71.4,0.2,0
22,Specialty,East,Medicare,19,1,8.42,3,8,1,3,67.7,0.17,0
69,Specialty,Central,Private,29,1,6.91,0,14,1,1,63.5,0.08,0
48,Telehealth,South,Private,17,1,0.83,4,9,1,2,68.4,0.07,0
89,Primary Care,Central,Private,28,1,11.91,0,12,0,3,67.6,0.13,0
68,Lab,East,Medicare,2,0,3.08,2,16,1,4,62.3,0.36,1
56,Specialty,South,Private,38,1,2.64,2,10,1,5,77.9,0.07,0
89,Primary Care,South,Medicaid,25,1,7.1,4,11,1,1,61.0,0.04,1
75,Primary Care,Central,Medicaid,16,0,2.59,4,12,1,2,69.5,0.14,0
51,Imaging,West,Private,28,0,8.95,4,12,1,0,55.4,0.02,1
19,Lab,North,Medicare,2,1,7.84,4,8,1,0,71.2,0.0,0
24,Primary Care,North,Medicare,11,0,7.33,2,11,0,3,72.4,0.01,0
49,Primary Care,West,Medicare,28,0,5.8,2,16,1,1,58.5,0.1,0
58,Specialty,South,Private,0,0,11.64,6,8,1,0,70.8,0.05,0
20,Specialty,South,Medicare,20,0,8.97,4,11,1,1,68.8,0.06,0
27,Imaging,West,Private,19,1,8.86,5,14,1,3,64.5,0.01,0
68,Lab,South,Private,34,0,3.36,6,11,0,3,64.6,0.0,1
72,Primary Care,North,Private,0,0,6.23,0,14,1,0,75.4,0.14,0
20,Primary Care,East,Self-pay,30,1,3.31,0,10,0,4,70.3,0.03,0
54,Primary Care,East,Private,8,0,6.15,0,9,1,1,81.5,0.19,0
23,Telehealth,West,Medicare,10,1,3.77,3,17,1,3,57.6,0.12,0
70,Specialty,North,Medicare,2,0,6.04,5,15,1,3,67.7,0.03,0
78,Primary Care,East,Private,3,0,6.23,6,10,1,2,62.6,0.03,0
80,Imaging,South,Private,18,1,6.04,4,8,0,1,70.7,0.15,1
61,Specialty,East,Private,3,1,11.83,5,12,1,2,73.2,0.07,0
63,Primary Care,North,Medicare,21,0,9.86,6,15,1,3,55.8,0.05,0
84,Primary Care,South,Medicare,7,1,2.02,1,14,1,2,77.1,0.08,0
62,Imaging,West,Private,2,0,5.54,4,15,1,3,96.0,0.35,0
50,Imaging,North,Medicare,9,0,7.32,4,13,1,4,72.0,0.35,0
72,Primary Care,Central,Private,17,1,3.63,1,17,1,2,59.6,0.09,0
60,Primary Care,Central,Medicare,11,1,7.85,3,9,1,3,66.5,0.07,0
78,Primary Care,South,Private,14,0,4.01,0,16,1,2,66.1,0.17,0
55,Imaging,West,Medicaid,21,0,6.54,3,17,0,5,62.0,0.14,0
80,Primary Care,West,Private,25,0,3.01,3,16,1,0,78.7,0.01,1
21,Primary Care,North,Private,11,1,6.01,2,10,0,4,48.1,0.16,1
20,Primary Care,East,Medicare,4,1,10.04,3,17,0,2,73.3,0.12,1
25,Telehealth,Central,Medicaid,15,0,11.03,4,17,1,6,85.5,0.12,0
58,Specialty,North,Private,19,0,6.64,6,16,1,3,84.7,0.02,0
69,Primary Care,East,Private,0,1,23.52,2,11,1,4,82.3,0.0,0
33,Specialty,West,Private,5,1,8.42,4,15,1,2,62.1,0.25,0
29,Imaging,North,Private,7,1,11.26,3,16,1,4,87.5,0.11,0
79,Lab,East,Medicaid,12,1,15.47,6,9,1,4,74.4,0.12,0
72,Telehealth,Central,Medicare,6,0,3.69,3,10,0,2,87.1,0.33,0
64,Specialty,North,Private,21,0,9.97,5,15,1,4,83.0,0.04,0
53,Specialty,South,Private,0,1,7.79,2,16,1,0,73.8,0.19,0
48,Primary Care,South,Medicare,0,1,10.22,4,14,1,2,67.1,0.11,0
19,Imaging,Central,Medicare,11,0,13.01,1,13,1,3,98.4,0.42,0
31,Imaging,East,Medicaid,12,0,3.18,3,17,1,3,48.6,0.46,1
82,Primary Care,East,Medicare,0,1,22.88,1,11,1,4,67.9,0.06,0
42,Specialty,Central,Private,8,0,6.87,4,15,0,2,53.1,0.19,0
68,Primary Care,Central,Medicaid,10,0,5.13,1,17,1,2,71.4,0.43,0
68,Imaging,South,Medicare,10,1,0.55,3,10,1,4,74.3,0.05,0
40,Primary Care,Central,Medicare,16,0,14.78,3,8,1,4,62.3,0.01,0
32,Primary Care,South,Private,7,0,12.4,5,9,1,4,63.2,0.16,0
67,Primary Care,North,Medicaid,29,0,5.69,0,14,0,2,54.2,0.16,0
24,Primary Care,South,Private,19,1,1.11,1,10,1,6,75.4,0.32,1
53,Primary Care,East,Private,6,2,7.09,4,15,1,3,64.4,0.11,1
81,Imaging,Central,Private,15,3,1.8,6,12,1,3,75.1,0.11,1
69,Imaging,East,Medicaid,15,0,13.77,5,16,1,5,63.7,0.09,0
73,Specialty,West,Medicaid,26,1,5.55,3,14,1,5,73.0,0.03,1
23,Primary Care,North,Private,8,1,2.94,1,13,1,4,78.9,0.05,0
32,Lab,North,Private,22,1,8.0,3,10,1,1,75.7,0.03,0
37,Lab,Central,Private,14,1,8.87,5,11,0,3,72.5,0.15,1
39,Specialty,Central,Medicare,29,2,9.63,1,10,1,3,68.8,0.16,0
31,Imaging,East,Medicare,27,3,3.11,6,8,0,5,75.7,0.03,1
87,Imaging,South,Medicare,16,0,12.93,1,11,1,7,62.8,0.34,0
29,Imaging,North,Medicare,11,2,5.66,3,17,0,2,67.7,0.03,1
68,Primary Care,Central,Medicaid,19,0,0.78,4,16,1,4,74.2,0.12,0
60,Specialty,North,Private,12,0,6.18,2,10,0,1,88.4,0.2,0
61,Primary Care,South,Medicaid,31,2,6.12,1,11,1,2,62.7,0.21,1
33,Lab,West,Private,15,0,6.03,2,15,0,1,59.4,0.12,0
40,Imaging,Central,Medicare,10,0,8.12,0,8,1,5,73.4,0.38,1
61,Telehealth,North,Medicare,9,1,19.7,4,15,0,3,84.5,0.2,1
39,Primary Care,Central,Self-pay,2,0,6.32,1,13,1,3,79.7,0.13,0
67,Specialty,South,Private,20,0,6.92,3,15,0,3,70.3,0.21,0
20,Imaging,West,Medicare,6,1,4.27,2,8,1,3,84.7,0.24,0
23,Lab,North,Medicare,25,0,6.31,1,17,1,3,48.3,0.15,0
70,Lab,Central,Self-pay,1,0,9.78,6,14,1,1,82.1,0.02,0
62,Primary Care,West,Private,15,1,9.95,2,9,0,0,66.2,0.02,1
21,Telehealth,Central,Medicare,26,0,16.28,4,16,0,1,77.6,0.01,0
82,Telehealth,East,Private,0,0,1.02,2,8,1,0,82.1,0.32,0
18,Telehealth,Central,Medicaid,34,0,11.98,2,9,1,3,72.3,0.02,1
86,Specialty,East,Medicaid,10,2,10.78,1,15,0,1,70.8,0.39,0
70,Lab,East,Medicare,15,1,1.57,6,16,0,4,65.3,0.32,1
89,Primary Care,North,Medicare,20,1,16.04,4,8,1,3,90.3,0.32,1
86,Primary Care,Central,Medicare,21,0,1.93,2,14,1,0,74.1,0.13,0
40,Primary Care,East,Medicare,17,3,9.97,3,16,1,2,72.7,0.04,0
72,Specialty,West,Private,24,2,0.81,6,8,1,0,88.1,0.05,0
33,Telehealth,West,Medicaid,19,0,2.92,4,8,1,1,64.0,0.05,0
51,Imaging,Central,Medicare,32,1,10.19,6,10,1,2,67.0,0.05,1
35,Specialty,East,Private,19,1,10.49,4,10,1,1,81.2,0.02,0
52,Imaging,West,Medicare,34,0,5.85,4,10,1,5,91.3,0.29,0
80,Specialty,East,Private,23,0,17.07,2,15,1,4,70.5,0.05,0
49,Specialty,West,Medicaid,0,1,10.02,3,10,0,2,74.6,0.02,0
24,Specialty,East,Private,40,1,13.16,4,13,1,5,50.9,0.04,0
41,Specialty,Central,Medicare,8,0,6.06,5,11,1,1,85.4,0.2,0
74,Imaging,Central,Private,29,1,2.54,5,11,1,2,57.0,0.0,0
55,Lab,East,Medicare,14,1,2.51,2,17,1,4,63.5,0.21,0
58,Specialty,North,Medicaid,25,0,5.06,3,11,1,1,72.3,0.07,0
49,Primary Care,South,Medicaid,7,1,3.04,2,10,1,4,62.2,0.02,0
39,Specialty,Central,Private,20,0,2.86,6,10,1,3,46.7,0.02,0
61,Telehealth,Central,Medicare,11,0,1.29,1,17,1,3,55.2,0.05,0
63,Specialty,South,Medicare,30,2,5.33,4,16,0,5,71.2,0.38,1
82,Lab,Central,Private,18,1,1.26,1,13,1,3,88.0,0.12,0
62,Specialty,South,Private,23,1,5.24,0,13,1,3,87.0,0.12,0
89,Primary Care,Central,Private,0,3,0.92,0,13,1,0,74.6,0.06,1
77,Specialty,Central,Medicaid,13,0,4.85,0,13,1,3,71.9,0.09,0
23,Primary Care,East,Private,18,0,9.78,5,14,1,2,79.6,0.13,0
46,Primary Care,Central,Medicaid,16,1,2.94,5,8,1,2,85.9,0.08,0
45,Primary Care,East,Medicare,24,0,8.2,0,16,1,2,71.4,0.12,0
18,Imaging,South,Private,10,0,7.81,1,15,1,3,71.8,0.24,0
31,Specialty,Central,Private,14,1,3.73,2,17,1,1,72.4,0.2,0
72,Specialty,North,Private,26,1,1.19,1,12,1,3,82.1,0.18,0
43,Specialty,South,Private,0,0,12.03,2,8,0,1,53.6,0.0,0
28,Primary Care,South,Private,20,0,3.7,6,11,1,0,70.2,0.41,0
38,Lab,West,Medicaid,11,1,18.6,2,11,1,2,74.8,0.09,0
37,Telehealth,West,Self-pay,5,1,11.61,3,14,0,3,47.3,0.01,1
30,Imaging,Central,Private,17,1,10.25,5,9,1,1,81.0,0.07,0
25,Primary Care,Central,Private,26,1,1.9,0,8,0,3,82.9,0.13,0
73,Telehealth,Central,Medicare,24,0,10.3,5,9,0,2,46.6,0.1,0
77,Lab,West,Self-pay,13,0,14.22,3,14,0,1,65.0,0.32,0
53,Primary Care,Central,Self-pay,23,0,6.96,4,9,1,3,65.4,0.16,0
62,Primary Care,South,Self-pay,23,0,8.3,6,14,0,2,59.3,0.16,1
84,Primary Care,West,Private,13,1,9.82,4,15,1,3,61.0,0.29,0
78,Imaging,North,Self-pay,7,1,15.33,2,13,1,0,63.7,0.04,1
20,Specialty,North,Private,8,1,8.86,5,8,1,3,77.3,0.15,0
86,Primary Care,South,Private,22,0,9.6,1,9,1,3,85.0,0.04,0
22,Primary Care,North,Medicare,14,0,7.99,2,16,1,3,76.6,0.07,0
19,Specialty,Central,Medicare,4,1,18.98,4,14,1,4,59.0,0.21,0
47,Imaging,East,Medicaid,0,1,7.11,3,15,0,3,79.5,0.05,1
71,Specialty,Central,Medicare,22,2,9.55,5,17,1,3,77.2,0.03,1
23,Primary Care,East,Medicaid,9,1,15.97,1,12,1,4,34.8,0.42,0
39,Specialty,West,Private,17,1,4.59,4,16,1,2,84.9,0.09,0
36,Telehealth,South,Private,26,1,21.34,1,12,1,3,71.6,0.06,1
46,Primary Care,Central,Medicaid,1,0,4.22,4,17,1,3,72.0,0.01,1
88,Specialty,North,Medicare,14,1,2.98,6,14,1,5,49.1,0.15,0
41,Primary Care,West,Private,12,0,9.75,6,10,0,3,89.4,0.18,1
33,Primary Care,Central,Private,18,0,4.04,5,8,1,1,74.0,0.29,1
26,Lab,Central,Medicaid,26,1,18.4,4,17,1,3,79.3,0.1,0
32,Telehealth,Central,Self-pay,1,0,25.89,3,11,0,1,54.1,0.15,0
27,Primary Care,South,Medicaid,20,2,3.08,2,16,0,4,76.1,0.15,1
59,Primary Care,East,Medicare,24,0,2.82,0,9,0,4,76.4,0.02,0
48,Primary Care,North,Medicaid,12,0,2.71,3,12,0,2,68.1,0.15,0
53,Specialty,South,Private,13,1,0.77,5,9,1,1,54.5,0.52,0
77,Primary Care,North,Medicare,18,0,3.94,5,9,1,3,69.3,0.19,0
59,Specialty,Central,Medicare,17,0,13.8,6,13,0,1,58.5,0.04,0
29,Primary Care,Central,Self-pay,20,1,10.11,1,12,0,1,61.6,0.01,0
45,Imaging,West,Private,20,1,5.65,6,10,1,2,83.9,0.24,1
40,Telehealth,Central,Self-pay,4,1,9.28,1,11,0,3,71.0,0.07,0
77,Primary Care,East,Medicaid,24,0,2.04,4,11,1,0,69.0,0.21,0
40,Imaging,South,Private,26,0,7.08,5,10,0,1,55.9,0.01,1
27,Lab,West,Medicare,16,0,8.09,4,15,1,6,69.5,0.24,0
70,Primary Care,South,Private,0,1,7.72,2,10,1,5,68.2,0.03,0
48,Telehealth,East,Medicare,13,1,3.83,0,14,0,4,58.2,0.12,0
24,Specialty,Central,Private,16,1,3.71,3,15,1,3,83.0,0.03,0
67,Specialty,South,Medicaid,3,0,10.79,0,11,1,4,82.4,0.01,0
33,Imaging,South,Medicare,10,0,10.31,4,8,0,2,60.7,0.06,0
80,Primary Care,North,Medicaid,0,1,0.83,1,8,1,0,74.7,0.18,1
77,Primary Care,West,Private,20,1,0.81,1,13,1,2,47.8,0.12,0
44,Specialty,South,Medicaid,16,0,24.58,3,8,1,2,73.8,0.03,1
58,Imaging,West,Medicaid,0,0,8.29,1,9,0,3,79.4,0.22,1
58,Telehealth,South,Medicare,18,0,7.74,6,12,1,3,56.5,0.15,0
65,Specialty,Central,Private,13,0,3.19,0,10,1,5,70.2,0.03,0
22,Primary Care,Central,Self-pay,19,2,5.11,6,12,0,3,71.5,0.02,1
41,Primary Care,South,Medicaid,10,1,4.11,5,15,0,1,104.7,0.19,1
30,Telehealth,Central,Medicaid,6,2,13.87,2,15,1,2,101.0,0.01,1
68,Primary Care,North,Private,6,1,13.43,3,11,0,3,73.9,0.0,0
22,Telehealth,North,Medicaid,9,0,8.39,2,8,0,2,62.0,0.07,1
55,Primary Care,East,Private,14,0,7.46,1,9,1,1,72.9,0.01,0
70,Primary Care,South,Medicare,15,1,9.49,2,16,1,3,83.5,0.27,1
86,Primary Care,Central,Medicare,12,0,7.38,2,8,1,1,49.9,0.41,1
38,Specialty,Central,Private,10,0,10.8,3,10,1,1,44.9,0.0,0
18,Primary Care,Central,Private,10,1,16.99,4,17,0,3,56.2,0.01,1
70,Telehealth,North,Medicare,39,0,6.33,5,11,1,1,79.1,0.02,0
18,Specialty,West,Private,6,0,3.24,3,8,0,2,79.8,0.18,0
22,Primary Care,West,Medicare,8,0,7.52,5,16,0,3,75.3,0.06,0
89,Specialty,North,Private,47,1,4.27,6,15,0,2,83.3,0.12,1
80,Primary Care,Central,Private,18,1,2.51,6,16,1,1,67.8,0.34,1
68,Imaging,Central,Medicare,0,1,15.4,2,14,0,3,66.7,0.2,0
78,Imaging,Central,Self-pay,22,1,7.2,3,13,1,1,74.6,0.04,0
23,Telehealth,Central,Medicare,5,1,5.08,5,15,1,5,90.5,0.08,0
24,Specialty,North,Private,23,0,8.05,4,8,1,2,74.9,0.34,0
39,Primary Care,Central,Self-pay,12,1,4.54,0,9,1,3,68.9,0.05,0
19,Specialty,Central,Self-pay,10,0,15.72,6,13,0,4,74.8,0.04,0
81,Primary Care,West,Medicare,30,2,24.4,5,12,0,2,87.1,0.28,1
22,Specialty,South,Medicare,20,1,4.75,4,15,0,1,65.7,0.04,1
57,Primary Care,East,Private,24,0,6.1,6,17,0,4,64.6,0.38,0
79,Primary Care,North,Medicare,18,1,8.85,1,10,0,0,64.3,0.04,1
70,Telehealth,North,Medicaid,10,0,2.26,6,11,0,1,79.8,0.02,0
34,Telehealth,Central,Self-pay,20,0,0.97,2,9,1,3,60.6,0.01,0
51,Primary Care,Central,Private,26,0,14.54,5,16,1,2,77.7,0.0,0
57,Telehealth,Central,Private,15,0,4.99,0,12,1,1,52.3,0.13,1
73,Imaging,South,Medicaid,32,0,4.64,3,11,1,2,66.9,0.16,0
48,Primary Care,West,Medicaid,23,1,9.29,0,15,0,1,69.3,0.01,0
38,Telehealth,East,Medicare,16,1,3.23,6,12,0,6,91.5,0.05,1
75,Telehealth,East,Private,17,0,4.56,3,13,1,4,81.6,0.3,1
81,Specialty,East,Medicare,15,1,2.3,5,16,1,1,65.7,0.14,1
53,Imaging,Central,Private,1,0,1.19,5,10,0,2,63.8,0.09,1
20,Primary Care,Central,Private,13,1,4.5,3,14,1,3,61.9,0.06,0
54,Specialty,Central,Private,16,0,3.2,1,16,1,1,56.5,0.07,0
82,Imaging,North,Private,10,1,2.84,3,16,1,2,89.4,0.04,0
89,Specialty,East,Medicare,17,1,6.89,2,16,1,2,60.9,0.09,1
46,Primary Care,West,Private,14,2,11.64,1,10,0,1,90.7,0.07,1
28,Imaging,West,Medicare,22,1,11.79,2,14,1,4,71.2,0.03,0
59,Lab,Central,Private,21,0,11.46,1,13,0,1,69.0,0.01,1
77,Lab,North,Private,16,0,3.63,5,8,1,2,71.2,0.08,0
86,Primary Care,North,Self-pay,0,0,6.38,6,13,0,3,84.5,0.02,0
21,Specialty,Central,Medicaid,32,1,4.35,1,10,1,5,59.7,0.47,0
38,Primary Care,East,Private,13,0,3.67,1,13,0,2,76.1,0.04,0
52,Specialty,East,Medicare,13,0,3.87,0,14,1,6,69.5,0.03,0
25,Primary Care,Central,Private,11,1,2.63,2,14,1,2,74.8,0.03,0
81,Telehealth,West,Private,9,0,8.12,4,15,1,2,67.5,0.1,0
26,Specialty,West,Private,29,0,14.01,1,13,1,4,65.7,0.28,0
65,Primary Care,South,Self-pay,28,0,4.26,3,12,1,5,76.3,0.28,0
84,Imaging,West,Private,18,0,3.89,2,17,1,2,53.4,0.11,0
67,Primary Care,East,Medicaid,13,1,0.94,0,11,1,4,86.7,0.29,0
72,Primary Care,West,Medicare,20,1,10.24,1,10,0,4,71.3,0.32,0
36,Primary Care,East,Private,15,1,0.71,5,16,1,1,63.4,0.04,0
77,Specialty,North,Medicaid,12,0,7.14,6,17,1,2,74.4,0.16,0
48,Lab,South,Private,17,0,3.37,2,11,1,2,61.7,0.01,0
22,Primary Care,East,Medicare,10,2,5.46,4,16,0,1,70.9,0.18,0
44,Imaging,East,Medicaid,17,1,7.44,3,17,1,3,71.0,0.08,0
43,Primary Care,North,Private,16,1,7.11,2,16,1,3,85.1,0.14,0
55,Primary Care,Central,Private,20,0,12.87,4,13,1,3,73.3,0.11,1
37,Imaging,South,Medicaid,8,4,0.75,2,15,1,3,56.6,0.07,1
51,Lab,East,Private,21,1,11.83,0,14,1,1,77.0,0.04,1
48,Telehealth,West,Self-pay,5,1,7.68,2,8,0,6,78.7,0.09,0
41,Specialty,West,Private,8,1,13.8,1,9,0,3,50.7,0.58,1
68,Specialty,South,Private,9,0,6.77,3,17,1,4,55.7,0.11,0
39,Primary Care,North,Private,3,0,1.75,3,10,1,3,94.1,0.19,0
73,Primary Care,South,Private,24,1,6.06,3,9,1,5,66.0,0.15,0
36,Telehealth,North,Self-pay,4,0,10.03,1,17,1,1,66.3,0.03,0
80,Specialty,South,Private,7,0,11.3,6,11,1,2,69.6,0.17,0
44,Primary Care,West,Medicare,27,0,6.22,0,15,0,2,62.3,0.2,1
20,Primary Care,East,Private,8,1,5.65,2,15,1,2,48.7,0.09,0
28,Primary Care,North,Private,12,0,7.58,2,12,1,3,56.5,0.08,0
76,Imaging,West,Private,4,0,12.6,3,14,1,2,62.3,0.06,0
80,Primary Care,North,Medicare,22,0,4.59,2,13,1,0,64.0,0.04,0
33,Telehealth,Central,Medicare,22,0,8.89,6,12,1,2,60.8,0.11,1
61,Specialty,East,Private,21,0,20.11,5,8,1,2,52.1,0.04,0
59,Lab,West,Self-pay,19,0,28.96,0,9,1,4,63.4,0.17,0
27,Primary Care,South,Private,15,0,12.55,4,15,1,0,83.4,0.21,0
50,Primary Care,East,Medicaid,9,0,5.52,3,16,0,2,61.9,0.05,0
67,Primary Care,East,Private,6,1,2.25,6,8,1,1,67.8,0.02,1
87,Primary Care,Central,Medicare,27,1,8.55,2,11,1,4,87.3,0.17,0
79,Telehealth,North,Private,22,1,17.22,3,11,1,2,61.8,0.02,0
25,Lab,East,Medicare,7,3,6.23,6,8,1,4,105.0,0.02,1
35,Primary Care,Central,Medicaid,14,0,13.55,3,12,0,2,80.7,0.0,1
49,Specialty,East,Medicaid,11,2,12.83,4,17,1,3,70.9,0.18,0
28,Specialty,East,Private,3,0,6.75,2,14,1,4,67.0,0.13,0
59,Specialty,Central,Medicaid,16,1,12.05,5,17,0,1,86.1,0.1,0
18,Primary Care,South,Private,10,1,2.5,0,12,1,2,61.7,0.13,0
26,Primary Care,North,Private,4,1,5.74,6,15,1,3,64.8,0.2,0
21,Primary Care,Central,Medicare,0,1,9.27,1,17,1,3,89.3,0.16,1
39,Telehealth,North,Self-pay,0,1,6.63,4,13,1,1,65.5,0.04,1
72,Primary Care,Central,Private,10,0,2.74,0,15,1,4,64.4,0.11,0
30,Imaging,North,Medicare,13,0,12.06,0,9,1,3,62.1,0.1,0
89,Telehealth,North,Medicaid,5,0,9.19,4,17,1,3,46.8,0.13,0
37,Primary Care,South,Medicare,21,1,7.64,5,17,1,2,82.2,0.04,0
21,Primary Care,Central,Medicare,13,0,15.51,2,13,1,0,69.5,0.23,0
42,Primary Care,North,Private,20,1,12.23,0,9,1,3,82.8,0.18,0
71,Imaging,South,Private,12,0,0.46,0,11,1,3,68.0,0.08,0
25,Specialty,South,Private,6,1,7.74,6,11,1,2,64.9,0.04,0
23,Primary Care,North,Medicare,15,1,7.56,5,17,1,0,62.0,0.1,0
79,Primary Care,North,Private,1,0,5.13,2,8,1,2,78.2,0.06,0
60,Imaging,Central,Medicare,19,1,0.76,1,8,1,4,60.3,0.08,1
42,Imaging,West,Medicare,5,0,3.51,4,16,1,2,74.6,0.1,0
72,Primary Care,South,Private,23,1,0.55,6,17,1,3,70.5,0.2,0
78,Imaging,South,Medicaid,11,0,24.72,4,10,1,2,57.5,0.25,0
43,Primary Care,North,Medicare,25,1,6.65,5,8,1,3,64.6,0.19,0
58,Primary Care,South,Medicare,3,0,9.63,5,17,0,1,70.1,0.03,0
18,Primary Care,South,Private,7,0,2.7,2,16,1,2,66.3,0.16,0
40,Imaging,Central,Private,18,1,0.87,5,15,1,4,92.7,0.15,0
60,Imaging,South,Medicare,26,0,4.84,1,15,1,1,72.8,0.17,1
32,Specialty,East,Medicaid,31,0,4.3,1,17,0,2,67.6,0.23,0
89,Primary Care,West,Medicare,14,1,8.04,6,14,0,4,65.6,0.26,0
87,Primary Care,South,Medicaid,32,0,5.02,2,9,0,4,67.2,0.02,0
36,Primary Care,Central,Private,11,0,28.29,5,15,1,3,62.7,0.23,0
46,Primary Care,West,Medicaid,25,1,13.97,2,8,1,3,60.1,0.09,0
31,Specialty,North,Private,5,2,18.2,6,8,1,3,77.2,0.03,1
54,Specialty,Central,Private,18,1,6.68,1,12,1,2,88.5,0.1,1
26,Primary Care,South,Private,0,0,7.92,0,11,1,4,64.6,0.22,0
46,Primary Care,North,Medicaid,3,1,17.1,3,13,1,2,75.2,0.07,0
57,Primary Care,West,Medicare,19,1,4.71,4,11,1,1,62.0,0.11,0
62,Specialty,West,Medicaid,1,0,9.27,2,16,1,0,71.2,0.15,0
60,Specialty,North,Medicare,18,1,5.02,1,17,1,2,54.3,0.01,1
33,Imaging,South,Medicaid,23,0,9.65,5,17,1,2,59.8,0.04,1
75,Primary Care,Central,Medicare,9,0,1.99,2,12,1,1,59.3,0.17,0
67,Primary Care,West,Medicare,4,1,4.13,4,13,1,1,68.3,0.07,0
72,Primary Care,East,Private,9,0,8.05,0,8,1,3,56.0,0.01,0
51,Primary Care,East,Medicare,4,0,8.77,6,16,1,1,43.1,0.08,1
82,Imaging,West,Medicare,13,0,11.27,5,10,1,3,53.6,0.03,0
46,Primary Care,West,Private,15,0,2.38,1,10,1,4,67.9,0.01,0
76,Primary Care,North,Private,11,1,7.82,3,16,1,6,60.5,0.02,0
32,Primary Care,South,Private,31,1,1.45,5,17,1,2,63.1,0.02,0
35,Primary Care,East,Private,7,0,5.25,5,16,1,2,73.2,0.04,0
55,Telehealth,West,Medicare,28,0,6.85,2,8,1,1,60.1,0.14,0
58,Telehealth,West,Medicare,4,0,6.09,0,17,1,1,69.0,0.07,0
71,Specialty,West,Medicaid,15,1,19.77,0,12,1,2,95.6,0.07,0
39,Primary Care,West,Medicare,26,1,6.9,6,9,1,1,65.4,0.0,1
80,Specialty,South,Medicaid,25,2,10.17,0,9,1,1,67.5,0.0,1
41,Specialty,Central,Medicare,10,2,8.07,2,14,0,3,74.6,0.2,0
56,Specialty,Central,Medicare,20,0,6.57,5,16,1,1,60.2,0.23,0
85,Primary Care,Central,Private,18,0,9.65,6,12,1,3,62.9,0.03,0
56,Primary Care,Central,Private,9,1,7.54,3,14,0,4,68.9,0.34,1
67,Primary Care,Central,Private,20,1,7.07,4,15,1,1,72.3,0.06,0
83,Primary Care,South,Medicare,33,1,5.64,3,12,0,5,58.8,0.14,0
88,Specialty,East,Private,19,1,4.71,0,16,1,3,76.7,0.22,0
53,Lab,East,Medicare,20,0,4.18,3,10,1,2,88.6,0.03,0
48,Primary Care,East,Self-pay,21,1,7.08,5,10,1,0,47.0,0.11,1
32,Imaging,Central,Medicare,0,0,6.7,4,12,0,0,74.7,0.16,0
56,Primary Care,South,Private,19,2,16.75,3,13,1,5,68.9,0.14,1
84,Primary Care,North,Medicare,4,1,1.77,5,11,1,4,66.4,0.01,0
53,Imaging,South,Medicare,8,0,20.8,1,11,1,5,73.9,0.06,1
43,Primary Care,North,Medicaid,36,1,2.44,3,11,1,5,86.6,0.05,0
25,Telehealth,East,Medicaid,11,0,6.51,1,12,1,5,73.1,0.14,0
46,Telehealth,North,Private,7,0,8.83,0,14,1,3,81.5,0.04,0
35,Primary Care,North,Medicaid,26,1,2.97,6,10,1,3,69.5,0.06,0
88,Primary Care,East,Private,5,0,2.39,5,14,1,1,74.4,0.05,0
55,Primary Care,West,Private,10,2,5.96,6,11,1,3,63.5,0.02,0
27,Telehealth,West,Private,26,1,10.35,3,9,1,4,70.5,0.28,0
22,Primary Care,North,Private,14,0,12.35,4,10,1,4,66.7,0.12,0
79,Imaging,Central,Private,0,0,2.06,0,16,1,2,71.3,0.01,0
85,Primary Care,North,Private,19,0,5.77,1,10,1,0,50.1,0.0,1
72,Specialty,West,Private,10,1,1.21,0,14,1,0,56.6,0.7,1
26,Primary Care,Central,Private,29,1,3.03,2,13,0,3,84.3,0.37,0
25,Lab,Central,Self-pay,8,0,14.75,2,14,1,2,86.7,0.01,0
32,Imaging,East,Medicaid,25,0,8.47,1,14,1,3,49.2,0.04,0
72,Primary Care,South,Medicare,32,0,3.27,5,17,1,1,63.2,0.0,0
73,Primary Care,Central,Medicaid,5,2,13.81,4,17,1,5,61.0,0.17,0
78,Specialty,West,Medicare,12,1,3.7,3,11,1,1,73.0,0.07,0
24,Specialty,Central,Private,18,0,6.4,2,11,1,5,69.0,0.15,1
29,Lab,East,Self-pay,5,0,0.94,3,11,1,0,78.2,0.11,1
82,Primary Care,Central,Private,17,1,3.28,2,14,1,3,53.8,0.05,0
84,Telehealth,Central,Private,12,0,7.91,5,12,1,1,74.2,0.46,1
70,Primary Care,West,Medicaid,12,1,7.64,5,17,0,2,66.0,0.2,0
25,Lab,Central,Private,14,0,4.7,1,15,0,4,61.2,0.13,0
22,Telehealth,East,Private,15,0,5.92,6,12,1,4,75.3,0.11,1
22,Specialty,South,Medicaid,16,0,10.9,3,11,1,1,67.0,0.16,0
67,Telehealth,West,Medicare,8,0,5.56,1,15,1,2,68.8,0.29,0
78,Primary Care,West,Private,8,2,8.85,5,16,0,0,86.0,0.09,1
63,Imaging,East,Self-pay,13,2,4.08,2,17,1,0,70.9,0.14,0
36,Primary Care,South,Medicaid,14,2,6.33,1,13,1,1,93.3,0.09,1
72,Primary Care,West,Medicaid,10,0,0.86,3,15,1,1,42.0,0.03,0
22,Specialty,South,Private,17,0,4.34,2,16,1,0,69.9,0.12,1
77,Lab,Central,Medicaid,0,0,6.89,1,8,1,2,56.7,0.16,0
82,Telehealth,Central,Medicare,7,2,6.05,5,9,1,2,58.9,0.33,0
69,Specialty,North,Medicare,11,2,4.08,2,9,0,2,62.1,0.03,0
81,Lab,Central,Private,5,1,2.71,3,10,1,1,81.1,0.03,1
60,Imaging,South,Medicare,30,0,7.07,0,10,1,2,65.1,0.46,0
51,Imaging,East,Private,14,0,5.9,2,8,0,2,56.3,0.04,1
41,Primary Care,Central,Self-pay,16,1,8.23,0,14,1,4,77.9,0.23,1
84,Specialty,North,Medicare,9,0,3.59,1,14,1,1,55.8,0.0,0
68,Specialty,North,Medicare,14,2,9.75,5,14,1,0,90.1,0.36,1
31,Imaging,Central,Private,2,0,2.34,6,15,0,2,54.5,0.07,0
86,Specialty,North,Private,12,2,1.59,2,9,1,2,66.6,0.02,0
22,Lab,South,Medicare,5,0,14.84,4,11,1,0,93.1,0.04,0
60,Telehealth,East,Medicaid,11,0,2.48,4,12,0,2,66.1,0.17,0
31,Specialty,North,Medicare,0,1,7.11,5,10,0,1,75.1,0.12,0
65,Imaging,South,Private,3,1,5.09,0,12,0,2,68.7,0.15,1
47,Specialty,Central,Private,29,1,15.08,2,12,1,3,70.0,0.04,0
49,Specialty,East,Private,22,1,10.02,4,14,0,2,60.2,0.02,0
66,Specialty,East,Medicare,27,0,1.64,2,10,1,3,75.4,0.07,1
72,Telehealth,West,Private,28,0,18.12,4,10,1,2,85.9,0.09,0
45,Lab,South,Private,21,0,12.52,6,10,1,2,46.7,0.04,0
89,Imaging,East,Private,9,0,4.61,5,10,0,2,58.9,0.15,0
53,Primary Care,Central,Medicare,4,2,2.31,3,16,1,2,63.4,0.07,1
29,Specialty,Central,Medicare,25,0,7.48,1,13,1,0,59.4,0.37,1
18,Lab,East,Private,15,0,7.79,2,16,1,0,77.7,0.38,1
32,Telehealth,East,Medicare,39,1,1.04,3,8,1,4,62.7,0.01,0
67,Telehealth,Central,Medicare,10,0,7.1,5,15,1,3,71.0,0.03,0
56,Imaging,West,Private,34,0,11.83,6,14,1,2,87.9,0.1,0
42,Imaging,South,Private,12,0,6.81,5,15,1,4,48.5,0.33,0
52,Primary Care,East,Private,27,1,6.01,1,12,1,7,73.8,0.17,0
78,Imaging,South,Medicaid,31,0,5.47,0,15,1,0,68.5,0.1,0
59,Primary Care,Central,Private,4,1,3.23,0,13,1,2,68.6,0.07,0
22,Lab,West,Self-pay,9,1,13.49,1,16,1,4,59.1,0.01,0
21,Primary Care,East,Medicare,4,2,4.82,2,16,1,0,65.4,0.04,1
52,Telehealth,South,Medicaid,2,1,7.48,0,16,0,0,69.9,0.01,0
47,Specialty,Central,Self-pay,21,0,1.91,6,9,1,4,67.8,0.01,1
79,Primary Care,South,Private,12,1,5.85,2,15,0,2,78.4,0.1,0
59,Specialty,Central,Medicare,15,0,9.15,1,10,1,1,56.9,0.0,0
72,Imaging,Central,Private,20,0,4.73,3,12,0,0,53.2,0.02,0
60,Imaging,Central,Private,0,0,4.84,0,17,1,3,45.9,0.0,0
42,Imaging,South,Medicaid,27,2,6.32,5,9,1,0,71.7,0.52,1
65,Specialty,Central,Private,11,1,8.9,6,15,0,1,79.1,0.03,0
62,Primary Care,South,Medicaid,19,2,7.06,6,11,1,1,55.9,0.24,1
69,Lab,Central,Medicaid,20,0,22.58,2,10,1,2,54.8,0.07,0
31,Telehealth,North,Medicare,28,0,14.85,4,8,1,1,92.7,0.11,1
64,Imaging,East,Medicare,13,0,4.02,1,15,1,1,85.3,0.06,0
38,Primary Care,East,Medicaid,0,2,12.99,0,16,1,4,86.0,0.08,1
74,Imaging,Central,Private,15,0,1.02,3,12,1,3,74.2,0.01,0
75,Primary Care,South,Medicaid,16,0,5.07,5,9,1,3,78.5,0.09,0
62,Telehealth,North,Private,4,1,1.51,0,14,1,3,66.6,0.07,0
86,Primary Care,Central,Private,15,0,9.61,6,17,1,1,52.9,0.11,0
56,Primary Care,South,Private,10,1,4.73,2,15,1,3,53.5,0.05,0
19,Primary Care,South,Private,1,1,2.18,4,15,0,3,70.0,0.02,0
61,Imaging,North,Private,21,0,11.03,0,8,1,1,81.1,0.01,1
73,Imaging,Central,Medicare,8,1,2.48,6,16,0,3,68.0,0.05,1
25,Imaging,West,Medicare,10,0,10.31,3,14,1,3,77.3,0.04,0
25,Primary Care,West,Self-pay,9,1,7.65,3,14,0,3,68.9,0.59,1
37,Lab,Central,Medicaid,26,0,5.45,4,11,0,5,73.7,0.06,0
78,Specialty,Central,Medicaid,14,2,12.06,5,16,0,3,79.3,0.32,1
55,Primary Care,East,Medicaid,15,2,2.93,0,13,1,1,86.0,0.03,1
88,Imaging,North,Medicaid,10,0,1.21,0,10,1,3,73.4,0.26,0
80,Specialty,West,Private,19,0,2.34,3,11,1,3,93.3,0.41,0
57,Specialty,West,Private,27,2,22.39,5,10,1,1,67.2,0.19,1
66,Primary Care,North,Private,20,0,3.27,6,17,1,0,85.9,0.73,0
41,Imaging,Central,Private,21,0,4.52,0,16,1,2,77.0,0.06,0
24,Primary Care,South,Medicaid,20,0,17.11,2,13,0,4,48.0,0.38,0
46,Specialty,East,Medicare,0,1,4.53,5,15,1,4,87.0,0.04,0
60,Specialty,East,Medicaid,5,1,9.8,6,16,1,3,59.0,0.34,0
31,Imaging,Central,Private,12,1,18.42,1,11,1,5,67.0,0.13,0
33,Primary Care,North,Medicaid,7,1,8.71,6,10,0,3,80.5,0.03,0
19,Primary Care,South,Private,3,1,6.2,5,17,1,2,61.1,0.11,0
70,Primary Care,East,Private,0,1,11.28,1,11,1,3,69.1,0.0,0
82,Specialty,Central,Medicaid,1,1,0.66,5,8,1,1,77.9,0.21,1
77,Primary Care,East,Private,11,0,4.48,4,15,1,1,60.1,0.08,0
45,Imaging,East,Medicaid,13,1,15.02,5,10,1,1,67.2,0.07,1
60,Primary Care,Central,Private,6,2,3.3,5,10,1,2,65.8,0.4,1
87,Specialty,West,Medicaid,15,1,7.03,1,15,1,4,81.6,0.11,0
60,Specialty,North,Medicare,10,1,9.88,4,17,1,0,88.8,0.33,1
39,Primary Care,North,Medicaid,25,0,4.97,3,8,1,1,56.8,0.07,0
42,Imaging,West,Medicare,12,0,9.97,5,14,1,4,70.9,0.03,0
70,Imaging,East,Medicare,21,0,7.69,0,11,1,2,63.7,0.13,0
50,Imaging,North,Medicare,16,1,34.39,1,16,0,2,70.4,0.05,1
78,Specialty,East,Medicare,0,1,11.43,1,16,1,2,91.2,0.04,0
80,Primary Care,Central,Medicare,13,0,7.69,6,9,1,5,74.6,0.0,0
20,Primary Care,West,Private,2,1,0.87,2,8,1,3,63.2,0.16,1
70,Specialty,East,Medicaid,13,1,3.55,1,12,1,3,53.6,0.28,0
44,Lab,South,Private,7,0,2.53,5,8,1,3,82.0,0.1,1
55,Primary Care,South,Private,18,0,16.8,4,11,1,3,64.5,0.18,0
37,Primary Care,Central,Medicare,1,1,2.24,4,9,0,5,60.7,0.18,1
44,Imaging,West,Medicare,14,1,4.9,6,17,1,2,73.6,0.03,0
41,Specialty,South,Medicaid,20,0,8.37,6,15,1,3,76.9,0.02,0
21,Telehealth,West,Self-pay,23,0,4.11,2,9,1,3,65.6,0.05,0
74,Primary Care,North,Private,6,0,4.69,6,14,0,4,58.6,0.27,0
28,Lab,South,Self-pay,14,1,7.69,3,15,1,5,86.4,0.23,0
45,Imaging,South,Medicare,16,0,3.3,6,16,1,2,78.2,0.23,0
31,Imaging,Central,Private,29,0,7.01,4,14,0,3,81.8,0.08,0
29,Primary Care,West,Medicare,0,0,11.03,0,13,1,3,65.7,0.02,1
44,Primary Care,East,Private,5,1,3.75,6,16,1,0,60.0,0.14,0
84,Primary Care,East,Self-pay,42,0,2.44,4,10,1,4,63.6,0.04,0
85,Imaging,Central,Private,11,0,19.27,3,17,1,5,51.7,0.02,0
45,Primary Care,South,Private,0,1,19.46,2,10,1,4,66.0,0.05,0
54,Primary Care,North,Medicare,8,0,6.0,4,16,1,2,61.9,0.16,0
88,Primary Care,Central,Private,0,0,6.85,6,17,1,0,69.1,0.09,0
34,Lab,Central,Private,16,1,6.8,0,10,0,3,70.6,0.57,0
86,Primary Care,South,Private,22,1,4.44,1,14,1,1,71.1,0.02,1
25,Specialty,South,Medicaid,5,0,5.88,0,16,1,1,63.0,0.24,0
34,Imaging,West,Private,9,0,0.88,1,10,1,3,55.7,0.09,0
42,Lab,North,Medicare,23,0,1.77,0,13,1,4,52.7,0.21,0
20,Imaging,West,Medicare,0,1,4.71,1,16,0,2,72.3,0.06,0
76,Specialty,West,Medicaid,1,0,3.78,3,14,1,2,71.6,0.01,0
79,Primary Care,West,Medicaid,12,0,2.04,5,16,1,2,53.3,0.07,0
45,Primary Care,East,Self-pay,6,0,5.86,3,10,1,1,87.1,0.01,0
78,Primary Care,Central,Private,11,1,10.18,1,13,0,2,80.0,0.12,0
73,Primary Care,Central,Private,1,1,3.31,0,16,1,0,57.7,0.02,0
75,Primary Care,West,Medicaid,16,0,7.7,6,10,0,4,73.2,0.17,1
75,Specialty,East,Private,13,0,4.81,1,12,1,7,68.4,0.28,0
59,Primary Care,Central,Private,19,1,11.41,5,13,1,3,73.2,0.02,1
25,Imaging,East,Self-pay,16,0,1.62,1,16,1,4,72.1,0.19,1
84,Primary Care,North,Private,16,1,2.33,4,15,0,2,78.1,0.11,0
61,Telehealth,South,Private,0,1,4.59,6,12,1,0,87.8,0.02,1
82,Lab,South,Private,19,1,2.82,6,17,0,6,73.6,0.19,0
87,Primary Care,North,Private,11,0,13.9,0,14,1,1,76.4,0.37,0
31,Primary Care,Central,Self-pay,12,1,1.73,3,14,1,4,87.6,0.04,1
46,Telehealth,North,Private,24,0,4.46,3,9,1,3,63.5,0.04,0
31,Telehealth,East,Private,7,3,22.18,6,10,1,4,58.8,0.38,1
21,Primary Care,Central,Private,28,0,1.59,5,8,1,2,78.1,0.09,0
87,Primary Care,North,Medicare,28,0,6.32,1,8,1,1,55.3,0.02,1
84,Telehealth,East,Medicaid,22,0,4.89,6,17,1,2,60.3,0.0,0
85,Imaging,Central,Medicare,4,0,8.55,2,10,1,6,88.1,0.12,0
81,Imaging,North,Medicare,0,0,7.93,4,15,1,3,49.4,0.04,0
64,Primary Care,South,Medicare,25,0,7.55,1,13,0,6,73.6,0.17,1
55,Lab,North,Private,15,0,11.96,1,9,0,2,52.7,0.06,0
89,Specialty,West,Private,7,1,11.74,0,16,0,4,74.9,0.01,1
57,Specialty,East,Medicaid,26,0,3.74,0,13,1,1,92.0,0.01,1
64,Imaging,Central,Medicaid,5,1,3.62,6,15,1,3,57.8,0.01,0
33,Primary Care,West,Private,10,0,9.86,1,15,1,6,44.8,0.02,1
71,Specialty,West,Medicaid,19,1,7.04,4,16,0,1,74.3,0.04,0
77,Imaging,Central,Medicaid,3,1,8.06,5,13,1,1,62.5,0.61,1
66,Specialty,North,Medicaid,13,0,6.4,0,9,0,4,67.8,0.21,0
53,Telehealth,Central,Medicaid,25,1,4.2,2,12,1,3,74.4,0.02,0
