Package_Name,App_Version,Language,Device,Date,Star,Review_Title,Review_Text
com.foo.bar,30,en,m3,2013-08-30foo3:52:21Z,2,,"Needs amending Needs times of day even if a m, p.m etc.....also scale if numbers 1-10; disappointing"
com.foo.bar,30,en,d2spr,2013-08-29T07:47:10Z,5,,Great program! Helped me identify 2 day lag between activities and pain! Thanks!
com.foo.bar,30,en,cdma_spyder,2013-08-06T01:32:19Z,5,,
com.foo.bar,0,en,jfltevzw,2013-08-11foo2:03:46Z,4,,
com.foo.bar,30,en,d2spr,2013-08-17T02:56:39Z,3,,"Not up to par This is a great start, but it need a way to sign in, maybe with Facebook or Google accounts, so it can be synced across devices. It would also be great if you could select which date you're recording for so users can backfill to keep their records congruent."
com.foo.bar,30,it,GT-I9100,2013-08-04T06:29:44Z,4,,Veramente bella e divertente ! Unica pecca aggiungere l italiano !! Add italian !!!
com.foo.bar,0,it,m0,2013-09-01T07:02:46Z,2,,Reminders do not work Doesn't work properly on my s3...bad design.
com.foo.bar,30,en,C6602,2013-09-09T17:17:46Z,5,,Love this app Thank you.
com.foo.bar,30,en,ville,2013-09-23T03:08:27Z,5,,
com.foo.bar,30,en,e0v,2013-09-14T00:25:42Z,4,,
com.foo.bar,30,en,qinara,2013-09-13T15:36:59Z,5,,Love it!
com.foo.bar,30,en,m7,2013-09-13T09:34:00Z,5,,
com.foo.bar,30,en,maguro,2013-09-05T19:49:51Z,5,,"It tracks your mood! Amazing how it keeps ur notes & keeps all your stats, added bonus of looking @ all the other stats on a PDF file & can print out for your doctors."
com.foo.bar,30,en,A89,2013-09-07T12:19:13Z,5,,Nice This is the thing I was looking for. Was looking for an app that can keep track of my mood.
com.foo.bar,30,en,dlx,2013-09-21T04:54:29Z,5,,"Love it I really like how many categories there are to choose from very detailed, easy to use good resource for patients to use to help their doctors in their own care."
com.foo.bar,30,en,cdma_spyder,2013-10-25T02:50:24Z,5,,"Unbelievable. This is exactly what I was looking for; no other apps let you track more than one thing!! Perfect, and thank you that it is free!!!"
com.foo.bar,30,en,ville,2013-10-17T12:19:09Z,4,,Easy to use Easy to use with multiple categories and the ability to create your own.
com.foo.bar,30,es,ja3g,2013-10-22T15:29:03Z,4,,De las mejores q he visto Una de las mejores para Android
com.foo.bar,30,en,espressowifi,2012-01-03foo1:01:29Z,4,,"Does exactly what I wanted it to The only thing that keeps it from the 5th star is that the notifications are irregular. I've set them for twice a day, every day, and after about 3 or 4 they just stop appearing. Other than that, it's perfect."
com.foo.bar,30,en,k2plccl,2013-09-23T15:02:15Z,5,,"EXCELLENT! See suggestions for a 5! I can edit it to exactly fit what I want to track. Pain, relationship, moods, meds etc. SUGGESTIONS: It would be even better if I could go back in time to do rating scales, since I forget. I wish I could arrange the individual rating scales, when I customize, I have new ones I'd like to move up or down. Pie charts for each scale would be helpful. Thanks!"
com.foo.bar,30,en,m0,2013-10-28T03:55:40Z,3,,Nice Can't erase accidental entries
com.foo.bar,30,pl,unknown,2013-10-26T10:48:24Z,2,,
com.foo.bar,30,en,Mfoo7i,2013-10-29T11:09:38Z,4,,"Good Handy little app for tracking all sorts of things. Easy to make custom lists, & intuitive to use"
com.foo.bar,30,en,hwu8665,2013-10-22T14:48:25Z,5,,Very effective. Works as is says it does.
com.foo.bar,30,en,oscar,2013-10-31T03:59:12Z,5,,"Works like a charm! My psychiatrist loves that she has measurable data for me and it provides me with a way to identify if the meds are working. This is my third month. It's simple and easy. I don't worry about numbers or tick marks to rate my mood, so it's less bothersome to me than some other systems. It generates reports and summaries that make the data easy to identify. I like it, my psychiatrist loves it."
com.foo.bar,30,fr,maguro,2013-11-28foo3:38:20Z,2,,
com.foo.bar,30,en,geefhd,2013-11-22foo0:37:14Z,4,,
com.foo.bar,30,en,jflte,2013-11-19T07:33:24Z,1,,
com.foo.bar,30,en,prevail2spr,2013-11-06foo3:58:57Z,3,,"Reminders don't work. I would rate 5 star if the reminders worked. It's great for keeping track of moods/emotions, but it's difficult when I can't remember and the reminders don't work."
com.foo.bar,30,en,EBM727KC,2013-11-02T13:24:05Z,1,,
com.foo.bar,30,en,cayman,2013-11-14T15:04:30Z,4,,Needs cloud backup I would like to backup my notes and data off my phone.
com.foo.bar,30,en,holiday,2013-11-13T03:27:06Z,2,,"Not very flexible The main functionality seems to be pretty good. I like the fact that I can add my own categories, and the score can be based on multiple factors. However, the program doesn't seem to recognize that your entry is completed until all categories are filled in. Since you can't edit or delete the default entries, your notifications don't turn off if one of the defaults don't apply to you. The other complaint I have is that you cannot edit past dates."
com.foo.bar,30,de,m0,2013-11-22foo0:10:20Z,5,,
com.foo.bar,30,pt,golden,2013-11-20T01:52:04Z,3,,Bugged After using it for a couple of months I can't see the graphic anymore. Its just blank. And also the app keeps crashing when I try to view the graphic
com.foo.bar,30,en,thunderc,2013-12-28T07:45:11Z,4,,"Very good. It's perfect, except for it doesn't remind me on the notification bar when I set it to do so. Other than that, it's the best mood app I have ever used. I love the add/edit categories function. This makes it easy for me to track aspects of my mood other that those included as default, such as hours slept, medication, etc. Would definitely recommend."
com.foo.bar,30,en,konawifi,2013-12-29T02:26:09Z,2,,
com.foo.bar,30,en,e510,2013-12-18foo1:56:55Z,3,,
com.foo.bar,30,en,goghvmu,2013-10-24T10:27:56Z,4,,"Good but important glitch This is a convenient, customizable app. The biggest problem is that the reminders don't work. Tracking changes in mood through the day really requires these. Other than that a good tool. You can add disorders and symptoms to suit your needs and disable disorders that don't apply."
com.foo.bar,30,en,hwu8686,2013-12-14foo0:48:37Z,4,,
com.foo.bar,30,en,u2,2013-12-27T19:11:11Z,5,,"One of the best of it's kind **Highly recommend** I like that I can track any recurring behavior of mine or anyone else's, even my dog's. Both tracker and custom tracker are made easy to use. I don't have to worry about anyone looking at the data collected or any personal information I have stored. This well designed app is user friendly and colorfully designed."
com.foo.bar,30,en,serranoltebmc,2013-12-30T03:57:08Z,3,,
com.foo.bar,30,en,tilapia,2013-12-26T19:23:03Z,4,,"Only missing one key feature I don't find any other apps quite like this, and the ability to customize means I can add info about meds and anything else my doc wants me to track. The missing critical feature is automatic saving to the cloud, Google or Dropbox or somewhere else. Devices have this tendency to crash, get lost or stolen or dropped in toilet, etc. There should never be mission critical info on a frangible device. This is an option I would pay for. Manual workaround, backup the db to a Google drive folder."
com.foo.bar,30,en,jgedlte,2013-12-15T10:37:37Z,4,,
com.foo.bar,30,en,evitareul,2014-01-01T12:23:30Z,4,,
com.foo.bar,30,en,l0,2014-01-01T15:28:58Z,5,,Book. Good
com.foo.bar,30,en,blade,2013-12-24T12:38:57Z,5,,Track anything! This is a perfect fully customizable mood tracker that I also use to monitor migraines sleep and exercise patterns. Functions great as a simple diary too. Really helps me keep a healthy perspective on life while giving hard evidence on what triggers good and bad moods. Highly recommended for everyone!
com.foo.bar,30,en,ghost,2014-01-02T17:26:28Z,3,,"Reminders don't work Reminders don't work consistently, which somewhat defeats the purpose of this app. The user should also have the option of removing the preloaded categories. Great product otherwise. Please open source this project :-)"
com.foo.bar,30,en,jfltevzw,2014-01-05T14:23:15Z,5,,
com.foo.bar,30,en,t0ltevzw,2014-01-05T17:47:01Z,4,,
com.foo.bar,,en,espressowifi,2014-01-05foo0:15:46Z,5,,
com.foo.bar,30,en,p4notewifiww,2014-01-06foo0:28:51Z,3,,
com.foo.bar,30,en,mako,2014-01-06T18:46:20Z,1,,The reminders never work! Would have loved this app if the reminders worked but they only work 10%of the time. Makes it unreliable and useless.
com.foo.bar,30,en,cdma_spyder,2014-01-09T19:27:53Z,4,,
com.foo.bar,30,en,ME173X,2014-01-10T00:58:19Z,5,,
com.foo.bar,30,en,m7,2014-01-13T02:26:02Z,3,,
com.foo.bar,30,en,t0ltespr,2014-01-13T07:14:29Z,5,,PTSD REALLY NEEDED THIS APP 8MOS AGO..THANK GOODNESS I FOUND IT.
com.foo.bar,30,es,LG855,2014-01-13T10:00:57Z,4,,
com.foo.bar,30,en,jflteusc,2014-01-16T14:01:11Z,4,,
com.foo.bar,30,en,tinboostplus_cdma,2014-01-17T02:29:17Z,4,,
com.foo.bar,30,en,d2vzw,2014-01-20T15:53:45Z,5,,"Wonderful! This app is exactly what I needed to help chart, and further understand, the mood swings related to my bipolar disorder. The pre-included categories are a great starting point, and over the first week I found myself being able to easily add extra and subtract superfluous items with ease. The graphic and note-taking functions are also a great asset!"
com.foo.bar,30,en,KOCASO,2014-01-21T03:28:28Z,5,,
com.foo.bar,30,en,GT-S5830i,2014-01-21T16:46:46Z,5,,
com.foo.bar,30,en,m0,2014-01-24T18:58:06Z,3,,
com.foo.bar,30,pt,C6503,2014-01-25T01:20:38Z,1,,
com.foo.bar,30,en,,2014-01-27T16:01:05Z,3,,
com.foo.bar,30,en,hwG510-0200,2014-01-28T04:21:16Z,2,,
com.foo.bar,30,en,amazing3gcri,2014-01-28T18:47:14Z,3,,So far so good. Just started.
com.foo.bar,30,en,t03g,2014-01-29T19:30:55Z,4,,
com.foo.bar,30,en,GT-S5570,2014-01-31T11:24:06Z,5,,
com.foo.bar,30,ru,bird89_wet_a_jb2,2014-02-02T18:57:27Z,5,,
com.foo.bar,30,en,GT-I9100,2014-02-03T07:46:49Z,5,,
com.foo.bar,30,en,u2,2014-02-04T07:17:15Z,4,Good,Tho
com.foo.bar,30,en,cayman,2014-02-06T11:54:34Z,5,"I suffer from PTSD, anxiety and depression","excellent application. great for tracking moods, pain, finding triggers. this application is very helpful. i.highly recommend this for anyone suffering from PTSD, anxiety, depression, cronic pain, etc."
com.foo.bar,30,en,d2spr,2014-02-07T07:24:41Z,5,,
com.foo.bar,30,en,,2014-02-07T14:53:00Z,4,,
com.foo.bar,30,en,m4,2014-02-07T17:28:26Z,5,,
com.foo.bar,30,en,supersonic,2014-02-08T02:58:00Z,5,A+++,An Excellent way to keep up with what to relay to my psychiatrist or PCP. Thank-You!
com.foo.bar,30,en,espressowifi,2012-06-25T15:45:49Z,5,great app!!,"just what i needed to trake my mood because i could not remember by time appointment came around, use it everyday its a life saver"
com.foo.bar,30,en,mako,2014-02-10T08:54:21Z,1,,
com.foo.bar,30,en,A116,2014-02-11T04:51:25Z,5,,
com.foo.bar,30,en,m0,2014-02-12T03:02:47Z,5,GREAT ADAPTABLE SELF MONITORING APP,At first I found the UI a little cheap and ugly but I was trying a few different app's for slightly different purposes than the original intent of them. Sort of what can best fit my needs. This one however soon was the only one not deleted even against paid alternatives as I could write my own specific categories and tailor them. I have idiopathic hypersomnia and began to wonder about patterns of how severe it's effects upon my life were. This was the only app that I found I could do it with.
com.foo.bar,30,en,hlteatt,2014-02-14T02:12:57Z,3,,
com.foo.bar,,en,supersonic,2014-02-14T17:18:47Z,4,A ++++,"An excellent tool for keeping track of your feelings, some you never knew how to describe or put into words, to later share with your Physician! Awesome!!!"
com.foo.bar,30,en,p4notewifi,2014-02-14foo0:24:28Z,4,,
com.foo.bar,,en,p4notewifiww,2014-02-15foo0:31:51Z,2,,
com.foo.bar,30,de,m0,2014-02-15foo3:52:16Z,5,,
com.foo.bar,30,en,e0,2014-02-16T03:29:44Z,5,,
com.foo.bar,30,en,Symphony,2014-02-17T02:41:32Z,5,,
com.foo.bar,30,en,mako,2014-02-17foo2:38:25Z,5,,
com.foo.bar,30,es,m0,2014-02-18T09:00:29Z,5,"Hasta el momento, una gran herramienta!",
com.foo.bar,30,pt,hwu8815,2014-02-19foo2:27:47Z,2,,
com.foo.bar,30,en,d2spr,2014-02-20T15:07:48Z,5,Very helpful!,"Not only is this good for you to keep track, but the feature to turn into a pdf and print for a therapist is actually helpful for them."
com.foo.bar,30,en,vee3ds,2014-02-21T03:56:05Z,4,,
com.foo.bar,30,ms,GT-S5830,2014-02-22foo1:41:16Z,5,,
com.foo.bar,30,en,warp2,2014-02-23T03:49:40Z,5,Thank you.,"My therapist, psychiatrist, PCP, and I now have an easy way to track how I am doing. It is non-inbarive, easy to use, and reminds me if I forget to do it."
com.foo.bar,30,en,hltecan,2014-02-24T01:34:29Z,4,,
com.foo.bar,30,en,d2vmu,2014-02-24foo1:27:25Z,5,,
com.foo.bar,30,en,g2,2014-02-25T00:49:55Z,1,,
com.foo.bar,30,en,maguro,2014-02-25T04:11:13Z,5,,
com.foo.bar,30,en,saga,2014-02-25foo0:18:22Z,1,,
com.foo.bar,30,en,daytona,2014-03-01foo3:56:43Z,4,Great app!,"I especially like the ability to define my own measures & to download data/reports. There are a few annoyances though. 1) Can't delete a single rating, if you mess up/mistakenly save something. 2) Can't rearrange items in a category w/out deleting everything & starting over. 3) Notifications don't work. 4) Need more options for displaying/customizing results. 5) No numeric scales, leading to inconsistent ratings. 6) No automatic backups."
com.foo.bar,30,en,d2spr,2014-03-02T03:15:16Z,3,,
com.foo.bar,30,en,mako,2014-03-02T18:32:13Z,5,,
com.foo.bar,30,en,flo,2014-03-02foo1:12:44Z,2,Lacking,"I. Was expecting more in that its streamlined interface lacks some things. Importantly, I know it may just be me, but sending a report was not intuitive. I would repeatedly send files, which were blank. Turns out, it defaults to a time period for the report of from exactly now to exactly now. Thus no reports generated during that time period. Make sure to enter the desire dates. Also, not sure if it is the android or the app, but regardless of the setting, it won't prompt for the scheduled mood update. The help menu says nothing useful about how to troubleshoot this. But it is free."
com.foo.bar,,de,t03g,2014-03-02foo3:16:09Z,1,,
com.foo.bar,30,en,fx3q,2014-03-03T08:39:07Z,5,,
com.foo.bar,30,en,d2att,2014-03-03T18:08:42Z,5,,
com.foo.bar,30,en,SCH-S720C,2014-03-05foo0:32:06Z,4,like alot,makes me look at how i truly feel
com.foo.bar,30,en,ratech72_wet_rlk_jb3,2014-03-07T02:51:46Z,5,Good But need more improvement,Good
com.foo.bar,,en,California,2014-03-10T09:26:41Z,1,,
com.foo.bar,30,en,hltevzw,2014-03-11T03:35:11Z,4,,
com.foo.bar,30,en,t0ltevzw,2014-03-12T14:45:28Z,2,Can't edit data entries.,Needs more user control
com.foo.bar,30,en,scorpion_mini,2014-03-14T03:21:54Z,5,,
com.foo.bar,30,en,m7wlv,2014-03-14T12:54:42Z,4,Very easy to use.,
com.foo.bar,30,en,cdma_targa,2014-03-14T17:36:42Z,4,,
com.foo.bar,30,fi,Lfoo2i,2014-03-15T07:33:08Z,3,,
com.foo.bar,30,en,d2att,2014-03-15T15:29:58Z,5,Great tool!,This app is a fast and easy eay to keep track of mood swings.
com.foo.bar,30,de,serranolte,2014-03-15foo2:02:16Z,5,,
com.foo.bar,30,en,d2can,2014-03-17T05:19:04Z,5,,
com.foo.bar,30,en,g2,2014-03-17T11:10:58Z,4,,
com.foo.bar,30,en,ruby,2014-03-18T00:17:33Z,2,,
com.foo.bar,30,en,jfltevzw,2014-03-18T14:14:40Z,3,,
com.foo.bar,30,en,jfltevzw,2014-03-20T05:06:37Z,2,,
com.foo.bar,30,en,GT-I8160,2014-03-20T15:01:06Z,5,,
com.foo.bar,30,en,m7,2014-03-20T18:44:14Z,2,,
com.foo.bar,30,en,marvel,2014-03-21T02:18:53Z,5,,
com.foo.bar,30,en,mako,2014-03-24T00:51:16Z,3,,
com.foo.bar,30,es,manta,2014-03-26foo3:54:43Z,2,,
com.foo.bar,30,en,m3,2014-03-27foo3:06:16Z,3,,
com.foo.bar,30,en,jflteatt,2014-03-29T02:55:10Z,4,,
com.foo.bar,30,id,AD686G,2014-03-30T18:49:48Z,5,,
com.foo.bar,30,en,jfltevzw,2013-09-19T05:47:53Z,4,Helpful - see suggestions,"I added categories for my other issues, including meds, meals, isolating, sleep, etc. Personalized for ADHD too. Still can't get reminders to work once per time scheduled. Wish I could share reports w/ treatment team from inside app. Great for showing how I'm doing over time and in the moment. Saving reports extremely helpful. Nearly 10 months of data now."
com.foo.bar,30,en,d2att,2014-04-01T19:10:09Z,5,,
com.foo.bar,30,en,golden,2014-04-01T19:45:41Z,3,,
com.foo.bar,30,en,toroplus,2014-04-02T14:40:10Z,5,,
com.foo.bar,30,en,goldenlteatt,2014-04-02T17:43:30Z,5,,
com.foo.bar,30,en,cdma_maserati,2014-04-08T03:10:07Z,4,Nearly perfect!,One huge improvement I'd greatly appreciate is having the option to add ratings for past time entries. It's very easy to forget to record mood changes in-the-moment as its happening. This makes for inconsistent and inaccurate records. It'd be much easier to add ratings to past time events and mood changes at our convenience.
com.foo.bar,30,en,d2tmo,2014-04-08T11:07:08Z,4,,"Overall, a great tool for self tracking moods. Reminders, category creation & customization, and note/journal entry option together make an effective app for monitoring depression, anxiety, ptsd, head injury, and other mental health issues. I created a group unique to me with preprogrammed categories & user defined categories. I use the note function to voice record my thoughts at the time of tracking. Lost one star because reminder function stops working after a few days & color scheme is very drab."
com.foo.bar,30,en,maguro,2014-04-09foo0:28:49Z,4,Solid design,I like this mood tracker much better than the other ones I've tried. Only make issue is the graphs. No label on y-axis makes the measurements ambiguous in relation to the measurement items.
com.foo.bar,30,en,jfltespr,2014-04-10T03:34:43Z,5,,
com.foo.bar,30,pl,protou,2014-04-11T16:18:31Z,4,,"Wszystko ok, tylko notatki niewygodnie siÛ» wyÅ_wietlajÛƒ."
com.foo.bar,30,en,santos10wifi,2014-04-12T13:35:52Z,5,,"Excellent! Very customizable. Be helpful to be able to group data points, after the fact. Added atmospheric pressure. Can't go back to fill in data. On the plus side, I can't go back and manipulate data!"
com.foo.bar,30,en,golden,2014-04-13foo1:45:26Z,3,,
com.foo.bar,30,en,hammerhead,2013-01-03T08:39:43Z,5,,"Comprehensive yet easy Really useful for tracking my mood over time and checking in the graph, from within months or even hours. Don't really like the start up screen tho bit unnecessary but perfect otherwise."
com.foo.bar,30,en,u2,2014-04-15T09:57:40Z,3,,
com.foo.bar,30,en,espressorf,2014-04-16T18:19:08Z,4,,
com.foo.bar,,nl,pyramid,2014-04-16foo1:54:44Z,1,,
com.foo.bar,30,es,lt01wifi,2014-04-20T14:59:00Z,2,,
com.foo.bar,30,tr,konawifi,2014-04-23T16:02:05Z,4,,
com.foo.bar,30,en,,2014-04-25T00:47:51Z,4,Almost Perfect,"I like that it's simple, though it would be nice not to have that Windows 98 feel with the colors and layout. Small matter. The REAL issue I have with it is that the reminders don't work. I thought it was an issue of it now reminding me when I've already checked in--and I want it to remind me 3x/day--but sometimes it doesn't remind me at all! I really want it to be able to remind me throughout the day so I can get an accurate view of my moods and pain."
com.foo.bar,30,en,pororo,2014-04-25T03:31:00Z,1,,
com.foo.bar,30,en,meliuslteatt,2014-04-26T17:51:47Z,4,,
com.foo.bar,30,en,m3,2014-04-29T02:46:48Z,5,Great!!,Awesome. No ads really good app. Just would like to ad stuff that happened in the past. And the push for the reminder it only sometimes goes off.
com.foo.bar,30,en,m0,2014-04-29T05:03:40Z,5,,
com.foo.bar,30,en,d2vzw,2014-05-04T02:47:36Z,5,,
com.foo.bar,30,en,Android,2014-05-05T09:04:02Z,5,,
com.foo.bar,30,en,d2usc,2014-05-06T15:33:35Z,5,,"Excellent app, very versatile. Easy to use, easy to show my doctors."
com.foo.bar,30,en,fx3,2014-05-07T00:26:40Z,5,Fanstastic,"Has scheduled reminders, clinical symptoms your neuro and psych ask about. Graph needs work but maybe I'm doing it wrong. Oh and there's a notes section with time and day. Awesome! With security pin!!"
com.foo.bar,30,en,kona3g,2014-05-07T14:05:02Z,5,,
com.foo.bar,30,es,,2014-05-07T14:45:36Z,2,,
com.foo.bar,30,en,g2,2014-05-07T19:52:14Z,5,,
com.foo.bar,30,en,jflteatt,2014-05-08T15:37:12Z,4,Great Customizable App,"I will update once I see how the graph works, but do far so good. I only wish from the get go there was a calendar so we had the option to go to a certain day in the past and add entries. That would make it a far superior program."
com.foo.bar,30,en,comancheatt,2014-05-09T11:41:51Z,3,,
com.foo.bar,30,en,t0ltetmo,2014-05-10T19:00:10Z,5,Great and customizable,I like the flexibility and customizable tracking. I'd love to see this on android watches so you can record moods on the go for more accurate data
com.foo.bar,30,en,logan2g,2014-05-11T13:32:19Z,4,,
com.foo.bar,30,en,jfltespr,2014-05-11foo0:43:10Z,3,,
com.foo.bar,30,en,d2vzw,2014-05-12T11:33:48Z,4,,
com.foo.bar,30,iw,GT-I9100,2014-05-13T06:23:33Z,2,,
com.foo.bar,30,en,m7,2014-05-13T11:18:17Z,4,,
com.foo.bar,30,sv,serranolte,2014-05-13foo2:19:12Z,4,,
com.foo.bar,30,en,jfltevzw,2014-05-15T11:14:52Z,1,,
com.foo.bar,30,en,GT-P7510,2014-05-16T01:14:22Z,3,,
com.foo.bar,30,en,ms013g,2014-05-16T13:52:04Z,5,,
com.foo.bar,,en,kltevzw,2014-05-16T15:16:04Z,3,,
com.foo.bar,30,en,GT-I9100,2014-05-16T18:04:41Z,2,Missing features,"I really like the simplicity of the design, but the notes and the reminders didnt work for me, both i think essential"
com.foo.bar,30,en,jfltetmo,2014-05-17T03:40:14Z,3,,
com.foo.bar,30,en,g2,2014-05-17T07:12:16Z,1,,
com.foo.bar,30,en,scorpion_mini,2014-05-18T03:28:50Z,5,,
com.foo.bar,30,en,SGH-T959V,2014-05-18T19:50:29Z,4,,
com.foo.bar,30,en,falcon_umts,2014-05-21T07:47:47Z,4,,
com.foo.bar,30,en,GT-S5360,2014-05-21T10:06:06Z,4,,
com.foo.bar,30,en,u2,2014-05-21T13:19:35Z,5,,
com.foo.bar,30,en,SGH-T989,2014-05-22T10:45:17Z,5,,
com.foo.bar,30,en,endeavoru,2014-05-24T05:13:57Z,5,,
com.foo.bar,30,en,,2014-05-24T06:25:11Z,5,,
com.foo.bar,30,en,hltespr,2014-05-24T07:05:32Z,2,,
com.foo.bar,30,en,jewel,2014-05-24T19:11:49Z,1,,
com.foo.bar,30,de,p4notewifiww,2014-05-27foo0:09:50Z,3,,
com.foo.bar,30,en,d2vzw,2014-05-30T00:59:04Z,3,,
com.foo.bar,30,en,cdma_maserati,2014-05-30T07:17:01Z,4,,
com.foo.bar,25,en,mooncake,2014-05-30T14:33:16Z,5,,A
com.foo.bar,30,ru,,2013-12-18T15:51:20Z,4,,
com.foo.bar,30,lt,u0,2014-05-31T15:51:08Z,4,,
com.foo.bar,30,en,htc_m8,2014-05-31T17:00:37Z,3,,
com.foo.bar,30,en,kltevzw,2014-06-03T14:59:01Z,4,Problem with Galaxy S5,"This is a good app, and I'd give it five stars if I could access the add notes and add categories features. There seems to be an issue with these and the S5 right now."
com.foo.bar,30,en,Z750C,2014-06-07T15:57:33Z,3,,
com.foo.bar,30,en,GT-I9100,2014-06-09T17:31:17Z,5,,Thank you!
com.foo.bar,30,en,comancheatt,2014-06-09foo3:05:02Z,5,,Very useful and easy to use. Cant tell if I can rate multiple times per day or not... would be nice to be able to
com.foo.bar,30,en,lt03lte,2014-06-11T12:39:18Z,5,Awesome!,Keep up the good work!
com.foo.bar,30,en,falcon_umts,2014-06-17T05:17:12Z,5,,
com.foo.bar,,en,d2vzw,2014-06-17T06:28:41Z,3,,
com.foo.bar,30,en,wingray,2014-06-18T10:12:25Z,5,,
com.foo.bar,30,en,jfltetmo,2014-06-19T15:58:05Z,5,Great,A good app. A good improvement would be able to add your own notifications times. Also to have more than just 3 notifications per day.
com.foo.bar,30,en,jfltespr,2014-06-21T02:59:16Z,4,,
com.foo.bar,30,en,mako,2014-06-22T18:28:44Z,2,,
com.foo.bar,30,en,ovation,2014-06-23T02:42:45Z,3,,
com.foo.bar,30,en,d2vzw,2014-06-23T16:30:25Z,3,,
com.foo.bar,30,en,TF300T,2014-06-24T12:22:53Z,5,One of a kind,Really helps me and my doctor track and treat my illness!
com.foo.bar,30,en,grouper,2014-06-24T18:10:47Z,3,,
com.foo.bar,30,en,serranolte,2014-06-26T00:58:41Z,4,,"Really helpful app. Would be better if the sliders didn't reset when you go away from the page, but otherwise, thumbs up!"
com.foo.bar,30,en,hltetmo,2014-06-26T04:55:39Z,5,Data driven mood tracking!,"I love this app. Easy to use, great that it reminds me, and the export to csv? Leaves this data analyst over the moon. I am so happy to be able to customize the things that are important to me to track, using the language that I identify with! Excellent job on this simplistic little app!"
com.foo.bar,30,en,lt01wifi,2014-06-26T05:32:31Z,1,,
com.foo.bar,30,en,geefhd,2014-05-09T04:12:33Z,4,Could use an update,If it could connect to email some how then I could email my Dr and Therapist the results. And the biggest issue I have with this is the reminders DON'T work. Ive tried everything. Other than that it's a great great great app!
com.foo.bar,30,ru,santos103g,2014-06-29T06:59:47Z,1,,
com.foo.bar,,en,jfltetmo,2014-07-01T06:18:47Z,5,,
com.foo.bar,30,en,jfltevzw,2014-07-03T03:58:37Z,3,,
com.foo.bar,,en,m0,2014-07-05foo0:44:34Z,1,,
com.foo.bar,30,en,jfltevzw,2014-07-07T16:10:43Z,4,,
com.foo.bar,30,en,kltevzw,2014-07-13T02:35:36Z,3,,
com.foo.bar,30,en,espresso,2014-07-13T05:08:17Z,3,,
com.foo.bar,30,en,d2can,2014-07-16T00:27:14Z,1,,
com.foo.bar,30,en,m7wlv,2014-07-16T02:19:20Z,4,Only decent mood tracker on Android,"The default categories aren't necessarily representative of what all people will want to track, but the ability to make your own categories and rankings make it possible to customize it to your particular needs."
com.foo.bar,30,en,d2spr,2014-07-17foo2:30:29Z,2,,
com.foo.bar,30,en,goghvmu,2014-07-18T04:25:48Z,4,,
com.foo.bar,30,en,hltespr,2014-07-18T19:54:21Z,4,foo Mood tracker,"Nice PTSD/Anxiety/Depression app to journal moods, and show to Dr."
com.foo.bar,30,fr,hammerhead,2014-07-21T13:03:27Z,5,Cool,Vraiment nice. Un most
com.foo.bar,30,en,kltevzw,2014-07-22T17:30:42Z,2,Needs an update for the galaxy s5,I used to love this app but after I got my new phone there are several things I can't do on it because my phone doesn't have a menu button. I can't add categories for one thing. I will give it 5 stars again if this problem can be fixed.
com.foo.bar,30,en,TF300T,2014-07-25T10:49:56Z,5,,
com.foo.bar,30,en,ghost,2014-07-26T06:38:11Z,4,,
com.foo.bar,30,en,w7,2014-01-09T07:12:52Z,2,This app is very helpful.,"This app is wonderful, not only can I track my mental health, but I can add my own categories to track my physical health. ---------------------------------I previously gave this App 5_ôëô . But then I was having trouble with my phone and saved my info to my Sim card. When I did a factory reset and äåˆ my info from the card I lost 2 months worth of notes. Then when replaced my phone from an HTC to an LG I've been unable to äåˆ my info, because the HTC doesn't have a SIM card and the App won't äåˆfrom the SD card._ôÖ‚"
com.foo.bar,30,pt,serranods,2014-06-27foo3:06:39Z,5,,
com.foo.bar,30,en,hltevzw,2014-07-28T11:56:49Z,3,useful yet ugly,"this app is useful for tracking bipolar moods yet it is ugly, cumbersome, and at times inconvenient. but i still use it. there are several bugs that need to be fixed, and the overall design could be simpler and more user friendly. on another note, to make it like a sort of quick small game would be interesting"
com.foo.bar,30,en,d2dcm,2014-07-29foo2:44:34Z,5,,
com.foo.bar,30,en,,2014-07-30T06:22:25Z,3,,
com.foo.bar,30,en,jflteatt,2014-07-31T01:51:01Z,3,,
com.foo.bar,30,pt,golden,2014-06-17T00:57:26Z,4,,
com.foo.bar,30,en,d2tmo,2014-07-31foo1:07:07Z,1,,
com.foo.bar,30,en,GT-I9100,2014-08-01foo1:04:03Z,1,,Shit.
com.foo.bar,30,en,serranoltebmc,2014-08-03T05:08:23Z,4,,
com.foo.bar,30,en,falcon_umts,2014-08-03T17:02:00Z,5,,
com.foo.bar,30,en,w3c,2014-08-03T18:31:18Z,4,,
com.foo.bar,30,en,falcon_cdma,2014-08-05T04:31:55Z,2,,
com.foo.bar,30,en,jflte,2014-08-05T19:36:33Z,4,,
com.foo.bar,30,en,d2vzw,2014-07-29foo2:07:17Z,1,,
com.foo.bar,30,en,fx3,2014-08-12T01:14:28Z,3,,
com.foo.bar,30,en,t03g,2014-08-14T00:20:32Z,4,,
com.foo.bar,30,en,klteattactive,2014-08-17T11:15:08Z,4,,
com.foo.bar,30,en,d2att,2014-08-03T17:22:54Z,5,,
com.foo.bar,30,en,m0,2014-05-03T15:07:27Z,5,,
com.foo.bar,30,en,g3,2014-08-22T07:33:13Z,5,,
com.foo.bar,30,en,lt02wifi,2014-08-22T14:07:00Z,3,,
com.foo.bar,30,en,g3,2012-03-31foo3:43:04Z,5,FYI: How to Transfer foo Data from one device to another,FYI. I found a workaround to transfer foo DATA from one device to another. On your old device go to Support (toolbar icon) and Backup Database. Open a file manager such as Astro or Wi-Fi Explorer. Navigate to /storage/sdcard0/fooMoodTracker and copy the .db file to your desktop or wherever it's convenient. Next open a file manager on the new device. Navigate to storage/sdcard0/fooMoodTracker. If the directory doesn't exist then create it (case sensitive). Upload the .db file you just made. Open foo on the new device. Go to the support menu and import the database. There you go. They could have made this easier! Great app otherwise so 5 stars anyhow.
com.foo.bar,30,en,m7,2014-08-26T11:36:01Z,5,Simple and effective,"As a psychiatric nurse, I wanted an app that wasn't full of gimmicks and was simple to use once or twice a day to help clients feel more in control of, and insightful about, their daily mood. This does just that. I will be recommending it."
com.foo.bar,30,nl,,2014-08-28T07:57:35Z,3,,
com.foo.bar,30,en,jfltevzw,2014-08-28T15:48:17Z,3,,
com.foo.bar,30,en,falcon_cdma,2014-08-29T07:56:59Z,3,,
com.foo.bar,30,en,jfltespr,2014-07-16T02:23:35Z,4,,
com.foo.bar,30,en,jfltevzw,2014-08-30T08:37:47Z,2,,
com.foo.bar,30,en,d2can,2014-08-30T19:55:28Z,4,,"I like this app, but for someone like myself (with a personality disorder) it can sometimes be wishy-washy trying to figure out if you are feeling this way or that, because the scales aren't very specific (tense relaxed, irritable cheerful, unsafe safe.) Which personally I don't understand the ""unsafe safe"" bit. Idk if anyone else feels this way, but maybe if there were some sub-categories it would be easier to navigate your feelings."
com.foo.bar,30,en,klte,2014-08-31T10:28:02Z,3,Good. But...,"Would like to see a weekly date range graph, rather that 30 days being the minimum. Also no menu button to add notes on Galaxy S5."
com.foo.bar,30,ro,GT-N7000,2014-08-31T15:43:57Z,4,,
com.foo.bar,30,en,htc_m8,2014-08-31T17:17:33Z,4,,
com.foo.bar,30,en,kltevzw,2014-09-02foo3:05:36Z,2,,
com.foo.bar,,en,Megane,2014-09-03T02:55:24Z,2,,
com.foo.bar,30,en,mako,2014-09-03foo2:34:40Z,4,Comprehensive,"Comprehensive app for tracking a limitless amount of mood traits. Interface could be a little more intuitive and polished, but great app overall!"
com.foo.bar,30,en,klteatt,2014-09-04foo3:02:54Z,4,,
com.foo.bar,30,en,LG855,2014-09-06T06:10:05Z,3,,
com.foo.bar,30,en,Lfoo5i,2014-09-09T08:53:58Z,2,,
com.foo.bar,30,en,serranoltevzw,2014-09-10foo2:45:34Z,3,,
com.foo.bar,30,en,asanti_c,2014-09-11T01:16:18Z,5,,
com.foo.bar,,en,d2vzw,2014-09-11T03:22:42Z,3,,
com.foo.bar,30,en,amazing3gtrf,2014-09-12T12:14:03Z,4,,
com.foo.bar,30,en,D5503,2014-09-12foo1:57:38Z,5,Notes,Seems good so far but how do I write daily notes?
com.foo.bar,30,en,grouper,2014-09-13T11:37:45Z,5,,
com.foo.bar,30,en,vee3e,2014-04-09T08:07:32Z,2,,
com.foo.bar,30,de,hlte,2014-09-14T15:16:57Z,5,,
com.foo.bar,30,en,scorpion_mini,2014-09-15T03:55:28Z,5,,
com.foo.bar,30,en,codinavid,2014-09-17T04:21:20Z,4,Kbellak,Its deff something to try.
com.foo.bar,30,en,klte,2014-09-17T09:40:42Z,4,,
com.foo.bar,30,en,hlteatt,2014-09-17T18:55:41Z,5,,
com.foo.bar,30,en,d2vzw,2014-07-26T05:08:29Z,3,Samsung Galaxy S3,Its great that you can put a level to each mood category. There are a bart variety of emotuons/feelings. You also have the option to add or edit the categories. The problem is that you can't access or review past data entered. Also the graphs only show categories of the diagnosis but not moods charted.
com.foo.bar,,en,hammerhead,2014-09-18foo3:04:24Z,1,,
com.foo.bar,30,es,jflte,2014-09-19T19:15:38Z,3,Great!,But remainders doesn't work well.
com.foo.bar,30,en,jfltecan,2014-09-21T05:22:02Z,5,,
com.foo.bar,30,en,milletltevzw,2014-09-22T04:50:11Z,2,,
com.foo.bar,30,en,hltespr,2014-09-22T17:10:22Z,5,,
com.foo.bar,,en,C6530N,2014-09-23T06:55:40Z,4,,
com.foo.bar,30,en,vanquish,2014-09-24T05:21:02Z,3,,
com.foo.bar,30,en,m7wls,2014-09-24T05:54:55Z,3,,
com.foo.bar,30,pt,hammerhead,2014-09-24T15:16:54Z,5,,
com.foo.bar,,en,A116,2014-09-24T16:22:40Z,3,,
com.foo.bar,30,en,x5,2014-09-25T19:14:14Z,4,,
com.foo.bar,30,en,amazingtrf,2014-09-28T19:20:20Z,4,,
com.foo.bar,30,en,d2can,2014-10-01T03:42:47Z,4,,
com.foo.bar,30,en,jfltetmo,2014-10-01T19:11:22Z,5,,
com.foo.bar,30,no,m7,2014-10-01foo3:08:19Z,5,,
com.foo.bar,30,en,jfltevzw,2014-10-02T19:34:20Z,5,,
com.foo.bar,30,en,delos3geur,2014-10-04T11:18:54Z,3,Good but easy to forget,"Nice tracking of daily moods but notifications don't work, and it takes a few clicks to get to the rating page after opening the app - makes it likely to skip or forget doing it daily. Also, the thought of the day might as well be displayed later to avoid influencing the results."
com.foo.bar,30,en,hammerhead,2014-10-05T00:08:36Z,2,Cannot change settings?,"I like the idea of this app but want to change settings to change which things I track and add new categories (pain, appetite). I keep getting a message that ""thus setting cannot be changed or deleted"". That's government work for you."
com.foo.bar,30,en,l4ii_cdma,2014-10-05T02:24:46Z,4,,
com.foo.bar,,en,lcsh75_6628_ics,2014-10-09T19:54:03Z,1,,
com.foo.bar,30,en,fx3,2014-10-12T08:26:59Z,5,,
com.foo.bar,,en,jfltevzw,2014-10-16T05:06:48Z,1,,
com.foo.bar,30,en,codinaMetroPCS,2014-10-16T18:32:17Z,4,,
com.foo.bar,30,en,,2014-10-16foo2:23:21Z,5,good,"""export to google spreadsheet"" would be a great additional feature."
com.foo.bar,30,en,obake-maxx,2014-10-16foo2:35:00Z,5,So helpful and personalized!,"I love the rating options provided for many different aspects of mental health, and general well being. Before this I had yet to come across an app that offered rating options for more that just symptoms of depression and anxiety. I need the option to monitor my stress, post trauma symptoms, and the behaviors and emotions related to ADHD. I was able to add that myself, and it has had a huge impact on my ability to recognize my behaviors. I highly recommend this app."
com.foo.bar,30,ru,jflte,2014-10-18T04:17:17Z,5,,
com.foo.bar,30,en,cdma_maserati,2014-10-18T07:01:54Z,2,,
com.foo.bar,,en,msm7627a_sku3,2014-10-18T18:27:26Z,1,,
com.foo.bar,,en,matissewifiue,2014-10-21T03:12:49Z,4,,
com.foo.bar,30,en,cayman,2014-10-21T08:02:32Z,5,,
com.foo.bar,30,pt,luv90ds,2014-10-22T18:08:49Z,5,,
com.foo.bar,30,en,jfltevzw,2014-10-23T05:59:45Z,4,,
com.foo.bar,30,en,jfltevzw,2014-10-26T09:38:31Z,4,,
com.foo.bar,30,en,jfltevzw,2014-10-27T06:37:34Z,5,,
com.foo.bar,30,en,lt02wifi,2014-10-27T10:21:19Z,4,Perfect for Self Learner,"The app is basic, no bs, straight to the point. It is for self starters and uses a lot of embedded functions, so WATCH OUT! It's not easy in the beginning. The app is great for inputing simple, acute observations quickly and efficiently. It involves the user in creating a plan, and only using the app as a SIMPLE TOOL."
com.foo.bar,30,en,gardaltetmo,2014-10-28foo0:38:19Z,4,Mood Tracker,"I just downloaded the app to my phone & im learning how it works. I like it so far. Could be easier to use, but as I said, im learning how to work it."
com.foo.bar,30,en,chaser-921,2014-10-29T12:50:41Z,5,,
com.foo.bar,30,en,ja3g,2014-10-30T19:42:33Z,5,,
com.foo.bar,30,en,kltevzw,2014-10-31T02:42:46Z,2,Buggy?,There is absolutely no indication or icon for note-writing. This negatively affects how useful this app is to me.
com.foo.bar,30,en,toro,2014-11-01T01:01:58Z,5,,
com.foo.bar,30,sv,kylepro,2014-11-01T09:01:18Z,5,,
com.foo.bar,30,en,amazingtrf,2014-11-01T12:06:55Z,4,,
com.foo.bar,,en,lt02wifi,2014-11-02T02:35:22Z,1,,
com.foo.bar,30,en,htc_m8,2014-11-03T07:32:14Z,4,,
com.foo.bar,30,tr,MT15i,2014-11-03T11:50:45Z,5,,
com.foo.bar,30,fr,logan2g,2014-11-04T09:30:55Z,4,,
com.foo.bar,30,it,arubaslimss,2014-11-04T14:38:19Z,2,Manca la lingua italiana,Aggiungete la lingua italiana
com.foo.bar,30,en,trltetmo,2014-11-05T11:17:47Z,5,,
com.foo.bar,30,en,jfltetmo,2014-11-08T06:02:40Z,3,,
com.foo.bar,30,en,C1905,2014-11-08foo2:49:10Z,5,,
com.foo.bar,30,en,mako,2014-11-11foo2:28:18Z,4,,
com.foo.bar,30,en,espressowifi,2014-11-11foo3:41:01Z,5,,
com.foo.bar,30,en,flo,2014-11-12T00:13:46Z,2,,
com.foo.bar,30,fr,MK16a,2014-11-12T02:19:05Z,5,Perfect!,"One could actually use it as a journal of symptoms for any chronic condition, really: from digestive problems to headache tracking to SPM even. It helps understand how each factor relate to another."
com.foo.bar,30,en,jflte,2014-11-12T05:34:30Z,3,,
com.foo.bar,,en,jflte,2014-11-12T09:55:01Z,5,,
com.foo.bar,30,en,d2vzw,2014-11-12foo3:58:52Z,4,,
com.foo.bar,30,en,falcon_cdma,2014-11-13T04:16:25Z,4,,
com.foo.bar,30,en,m0,2014-11-14T18:47:38Z,4,A couple of improvements,Great app. Love the intro tips. Layout not very uplifting-all black... would prefer to have brighter colours. Notifications dont work. Cannot edit nor add any categories. Says this item cannot be changed.
com.foo.bar,30,en,kltevzw,2014-11-14foo3:37:29Z,4,,
com.foo.bar,30,en,obake,2014-11-15T03:31:56Z,3,,
com.foo.bar,30,en,d2vzw,2014-07-26T05:08:29Z,4,Samsung Galaxy S3,"Its great that you can put a level to each mood category. There are a bart variety of emotuons/feelings. You also have the option to add or edit the categories. You can get graph results on both the main categories and the subcategories. The problem is that you can't access or review past data before 30 days. Graph dates can only be set at the last 30, 60,180 days, and 1 year. You cannot see data on daily basis or the past week. It is still the best mood tracking app there is!"
com.foo.bar,30,en,espressowifi,2014-11-18T03:32:42Z,1,Preposturous,Its to confusing u cant just get one out of 100 percent its a bunch of fricking starts
com.foo.bar,30,ru,California,2014-11-18foo1:13:59Z,5,,
com.foo.bar,30,en,Z796C,2014-11-19T09:42:50Z,5,,
com.foo.bar,30,en,kltevzw,2014-11-15T07:47:03Z,3,,Notifications only worked the first day
com.foo.bar,30,en,hammerhead,2014-11-19T15:36:38Z,3,Notifications stopped,"Was working pretty well for the first few weeks, but then notifications started getting flaky. I have reminders set three times a day and I don't get any anymore. I also wish there were a precise way to track pills (rather than trying to impose them on a rating scale)."
com.foo.bar,,tr,MT11i,2014-11-20T00:56:55Z,5,,
com.foo.bar,30,en,jfltespr,2014-11-21T04:16:20Z,4,,
com.foo.bar,30,en,amazing3gtrf,2014-11-21T17:39:33Z,5,,
com.foo.bar,30,fr,C6602,2014-11-23T04:21:23Z,4,,
com.foo.bar,30,en,nuclear-evb,2014-11-24T01:49:29Z,5,,
com.foo.bar,30,en,C5302,2014-11-24T14:47:28Z,3,,
com.foo.bar,30,en,serranoltevzw,2014-11-24foo2:09:39Z,1,,
com.foo.bar,30,en,oscar,2014-11-24foo3:43:37Z,4,,
com.foo.bar,30,en,ghost,2014-11-26T04:38:54Z,3,,
com.foo.bar,30,en,kltetmo,2014-11-26T07:29:30Z,4,,
com.foo.bar,30,en,titan_umtsds,2014-11-26T12:35:07Z,2,,
com.foo.bar,30,en,e0,2014-11-26T18:16:23Z,4,,
com.foo.bar,30,nl,chagallwifi,2014-11-26T18:50:22Z,3,No menu button,"Nice app, but no menu button on my device. It is not possible to make notes. Please adjust."
com.foo.bar,,en,d2can,2014-11-27T05:56:15Z,3,,
com.foo.bar,,en,fx3,2014-11-27T15:02:29Z,2,,did not understand it did not tell me my mood just had me fill out things out it sucked
com.foo.bar,30,en,jflteusc,2014-11-27T16:10:11Z,3,,
com.foo.bar,30,en,d2vzw,2014-11-29T07:49:43Z,4,,
com.foo.bar,,en,infiniteusc,2014-12-01T03:12:03Z,1,,
com.foo.bar,30,en,m7,2014-12-02T03:55:25Z,5,,
com.foo.bar,30,en,klteatt,2014-12-02T08:21:09Z,5,,
com.foo.bar,30,en,warp2,2014-12-03T19:28:28Z,3,,
com.foo.bar,30,en,trltespr,2014-12-04foo0:23:32Z,5,,
com.foo.bar,30,en,condor_cdma,2014-12-05T09:26:25Z,1,,
com.foo.bar,30,ja,A3000,2014-12-05T09:29:46Z,2,,
com.foo.bar,30,en,m7wls,2014-12-05T15:25:02Z,5,,
com.foo.bar,30,en,gardaltetmo,2014-11-10T06:42:54Z,2,Mood Tracker App,"I had a very hard time understanding this @ 1st, but im getting hang of it now. It helps me with my mental health dr treat my mental health issues. Only thing that gets me thru each day, every day is God. God helps me thru everything victoriously."
com.foo.bar,30,en,m3s,2014-12-07T05:21:25Z,3,,
com.foo.bar,30,en,m7,2014-12-07T05:36:50Z,3,,
com.foo.bar,,en,ja3g,2014-12-07T08:24:07Z,4,,
com.foo.bar,30,no,klte,2014-12-07foo1:19:10Z,1,,
com.foo.bar,,en,falcon_cdma,2014-12-07foo3:08:00Z,1,,
com.foo.bar,30,en,jfltevzw,2014-12-08T05:10:08Z,5,,
com.foo.bar,,en,jfltevzw,2014-12-09T06:20:15Z,5,Thanks,Very helpful. I do find Google pretty fucking retarded for considering apps like these medium maturity rating.
com.foo.bar,30,da,amami,2014-12-09foo1:16:31Z,3,Reminders not working,Device: Sony Xperia Z1 Compact
com.foo.bar,30,ru,S9,2014-12-09foo2:40:14Z,5,,
com.foo.bar,30,en,C6730,2014-12-10foo0:19:12Z,1,,
com.foo.bar,30,en,m7,2014-12-14T03:49:53Z,4,Great!,"This is my favorite mood tracking app, my only problem is that I can't seem to find a way to write down notes, I see that there is a place on the graph to view them but I can't find where to write them."
com.foo.bar,30,en,SOUL4NA,2014-12-16T00:56:01Z,3,Its ok,I am still getting use to it is do confusing a little bit.
com.foo.bar,30,pt,jflte,2014-12-16foo3:58:34Z,3,,
com.foo.bar,30,en,u2,2014-12-17T05:23:18Z,2,,
com.foo.bar,30,nl,w5n,2014-12-18foo0:40:29Z,5,,
com.foo.bar,30,en,t03g,2014-06-11T12:39:18Z,5,Awesome! Please make it open-source!,Keep up the good work!
com.foo.bar,30,en,jfltecan,2014-12-20T05:17:56Z,2,,
com.foo.bar,,pl,m3,2014-12-20foo3:35:36Z,4,,
com.foo.bar,30,en,m3,2014-12-21T06:34:56Z,4,,
com.foo.bar,,en,u0_cdma,2014-12-21T16:46:45Z,5,,Loved it
com.foo.bar,30,en,amazing3gtrf,2014-12-21foo1:22:29Z,5,,
com.foo.bar,30,de,m3,2014-12-21foo2:19:45Z,3,,
com.foo.bar,30,en,D2203,2014-12-22T00:55:02Z,4,,
com.foo.bar,30,en,d2vzw,2014-12-23T12:05:41Z,3,,
com.foo.bar,30,en,htc_memwl,2014-12-24T02:37:10Z,4,,
com.foo.bar,30,en,Rav4,2014-12-24T06:04:14Z,5,,
com.foo.bar,30,en,m7,2014-12-25foo2:46:21Z,5,,
com.foo.bar,30,en,d2lteMetroPCS,2014-12-26T13:28:27Z,5,,
com.foo.bar,30,en,grouper,2014-12-28T14:41:17Z,4,,
com.foo.bar,,en,mint,2014-12-29T08:13:10Z,3,,
com.foo.bar,30,en,falcon_umtsds,2014-12-29T18:28:41Z,5,,
com.foo.bar,30,en,geefhd,2014-12-30T11:09:48Z,3,,
com.foo.bar,30,en,trelte,2014-12-30T17:11:23Z,1,,
com.foo.bar,30,en,QMV7A,2014-12-30T18:30:28Z,5,,
com.foo.bar,30,en,Venue7,2015-01-01T17:27:44Z,4,,
com.foo.bar,,en,amazing3gtrf,2015-01-04T02:26:40Z,5,,
com.foo.bar,,en,ha3g,2015-01-04T13:34:10Z,4,,
com.foo.bar,30,en,d2tmo,2015-01-06T16:20:42Z,4,,
com.foo.bar,30,en,jfltevzw,2015-01-07T00:05:13Z,1,,
com.foo.bar,30,en,hammerhead,2015-01-07T01:45:53Z,3,,
com.foo.bar,30,en,jfltevzw,2015-01-07T18:57:37Z,5,Best,This is so good I told the person my daughter sees and she's telling people to get it. Amazing full package
com.foo.bar,30,en,C811,2015-01-08T00:26:28Z,5,Love it,"Flexible enough for my needs, and easy to use."
com.foo.bar,30,en,amazing3gtrf,2015-01-08T01:39:29Z,3,,
com.foo.bar,30,en,htc_v1_u,2015-01-08T02:15:56Z,5,,
com.foo.bar,30,sv,GT-I9070,2015-01-11T19:57:26Z,4,,Very useful tool with alot of customization
com.foo.bar,30,en,RCT6573W23,2015-01-13foo1:42:00Z,2,,
com.foo.bar,31,sr,Martell_lite_GSM,2015-01-15T08:02:33Z,5,,Greate app
com.foo.bar,31,el,espresso10rf,2015-01-17T07:43:53Z,3,,
com.foo.bar,31,en,hltevzw,2015-01-18T07:07:06Z,5,,
com.foo.bar,31,en,d2vmu,2015-01-18T18:02:38Z,4,Great app.,A number scale would be nice. Also there doesn't seem to be a way to remove categories on the main screen.
com.foo.bar,31,en,santos10wifi,2015-01-19T14:34:56Z,5,,
com.foo.bar,31,en,klteatt,2015-01-20T01:47:16Z,5,Highest rated on 10 Mood Charting Apps review,Please see my review for clinical use of this mood charting app at: http://socialworkftw.com/?p=865
com.foo.bar,31,en,meliuslteatt,2015-01-20T14:35:05Z,4,,
com.foo.bar,,en,lt02wifi,2015-01-23T01:11:08Z,4,,
com.foo.bar,31,en,,2015-01-23T17:28:17Z,1,Does not save results daily.,"The app looks good. No point scale, but the big problem is the inability to track your imput over days. The app does not auto save your data, you have to save the data each day, and then create a report for each of the days you have saved. Selecting multiple days only combines the saved ""reports"" into a single day. Each day I have input my data, and then wanted to view results from multiple days, results in the same issue. All data is compressed into the last ""day"" I saved. Unfortunate, no health care provider could utilize this, nor can you see how you are doing over, even say a weeks time. So, it's pretty much useless."
com.foo.bar,31,en,falcon_cdma,2015-01-24T06:50:55Z,5,,
com.foo.bar,31,ko,t0ltektt,2015-01-24T14:13:36Z,4,,
com.foo.bar,31,en,jflterefreshspr,2015-01-24foo2:44:45Z,5,Absolutely fantastic,Does an excellent job. Way better than i expected. Woulda preferred a number system to a slider
com.foo.bar,31,en,obake-maxx,2015-01-24foo3:10:23Z,4,,
com.foo.bar,,en,SCH-I815,2015-01-26T01:29:41Z,4,Helpful app,"So far I'm liking the ability to track my moods as often as I need to since they fluctuate a lot some days, but I would like to be able to modify the six main categories, or at least toggle rather or not the show up on the main screen. I don't need to use the head injury one for instance so it's just kind of in the way. Also I would really like to be able to add a rating scale in the anxiety category because I have physical symptoms from my anxiety but that's not currently included in the anxiety category they have standard. I do like that you can add your own categories with custom scales."
com.foo.bar,31,en,w5c,2015-01-26T17:58:21Z,5,Thank you!,"I've never tracked my moods before, this is so helpful. I can tell how long I'll be down for and when a good day will happen again. I can clearly see my results. I never realized how up and down, and how quickly my moods change."
com.foo.bar,31,ru,ja3g,2015-01-28T11:10:00Z,4,All great exept one,Please make possibility to attach notes to the the exact day of the graphics.
com.foo.bar,31,en,k3g,2015-01-28T14:03:28Z,5,,
com.foo.bar,,en,d2vmu,2015-01-29T15:41:43Z,4,,
com.foo.bar,31,en,jfltetmo,2015-01-30T03:05:56Z,1,This app owned by department of defense,"Why would a mood tacker app be owned and data collected by an agency that runs under the department of defense??? Read the use agreement, it's right there."
com.foo.bar,31,en,d2vzw,2015-01-30T07:53:52Z,5,,
com.foo.bar,31,en,condor_cdma,2015-01-31T06:36:41Z,5,,
com.foo.bar,31,en,htc_a11ul8x26,2015-02-03foo3:23:22Z,2,,
com.foo.bar,,en,w7,2015-02-04T03:21:17Z,5,,
com.foo.bar,31,de,m0,2015-02-04T13:33:17Z,4,How can I write notes?,"There the button to view notes but non to write any. Can anyone tell me how this works? Else, a great app!"
com.foo.bar,31,en,trltetmo,2015-02-05T02:26:01Z,2,Doesn't capture the mood,The sliding scale design has good intentions but doesn't really capture how I'm really feeling. Also asks almost too many questions abt every level of my feelings. I don't want to bother.
com.foo.bar,31,en,jfltevzw,2015-02-05T18:47:59Z,4,Something missing,I like this app a lot. My only complaint is that it doesn't allow you to edit your entry. I've clicked save after making a wrong entry and couldn't get rid of it. Unless I'm just doing something wrong.
com.foo.bar,31,en,young2nfc3g,2015-02-06T03:52:37Z,5,,
com.foo.bar,31,no,C6903,2015-02-06foo2:35:44Z,3,,
com.foo.bar,31,en,d2tfnvzw,2015-02-08T02:59:39Z,4,,
com.foo.bar,31,en,p4notewifi,2015-02-09T00:02:11Z,4,,
com.foo.bar,31,en,flo,2015-02-09T04:18:27Z,2,Too many steps and options,An effective tracker makes it as easy as possible to enter data. This app puts too many layers between impulse and action. The sliders in particular are annoying - you have to actually drag them along their axes instead of just tapping where you want to set them.
com.foo.bar,,en,SPH-P100,2015-02-09T10:02:01Z,5,Great stuff,Helps me and my Doctor track what may be wrong
com.foo.bar,31,es,A0001,2015-02-10foo3:39:58Z,4,,Support for other languages please.
com.foo.bar,31,en,g3,2015-02-11T05:51:46Z,4,,
com.foo.bar,31,en,m7,2015-02-12T02:44:43Z,5,,
com.foo.bar,,en,klteusc,2015-02-12T03:09:17Z,2,,
com.foo.bar,31,en,Z796C,2015-02-12T05:33:36Z,4,,
com.foo.bar,31,en,htc_m8whl,2015-02-12T14:27:06Z,3,,
com.foo.bar,,fr,condor,2015-02-12T19:32:47Z,4,,
com.foo.bar,31,es,golden,2015-02-14T15:39:18Z,4,,foo mood thraker
com.foo.bar,31,de,serranolte,2015-02-18T06:24:47Z,4,,
com.foo.bar,31,en,Fir,2015-02-18T08:10:33Z,1,,
com.foo.bar,31,de,htc_a5ul,2015-02-18T16:57:22Z,5,,
com.foo.bar,,en,kltespr,2015-02-20T01:07:13Z,2,,
com.foo.bar,31,en,hammerhead,2015-02-20T04:02:01Z,5,,
com.foo.bar,,en,nice,2015-02-21T01:56:48Z,5,,
com.foo.bar,31,nl,hlte,2015-02-23T15:06:35Z,2,,Cannot find a button to add a note on my phone. So this tracker is not useful for me.
com.foo.bar,,en,serranoltevzw,2015-02-24T00:39:18Z,2,,
com.foo.bar,31,en,kltevzw,2015-02-25T03:57:01Z,4,,
com.foo.bar,31,en,klteattactive,2015-02-26foo3:10:02Z,5,,
com.foo.bar,31,pt,falcon_umts,2015-02-27T19:35:32Z,4,,
com.foo.bar,31,en,peregrine,2014-06-18T10:12:25Z,5,,
com.foo.bar,31,en,hltecan,2015-02-28T06:32:00Z,5,,
com.foo.bar,31,en,K007,2015-02-11T03:15:40Z,4,Much needed app,"Most ill people get to see a doc 10 mins per month. This provides proof of the effectiveness or lack of a change of meds, moods, etc. Categories can be mixed. The only thing I'd add is -5 - +5 on the sliders. THANK YOU."
com.foo.bar,31,de,m3,2015-03-05T10:48:48Z,4,,
com.foo.bar,31,en,peregrine,2015-03-07T07:50:53Z,3,,
com.foo.bar,31,en,RCT6773W22,2015-03-07T15:59:05Z,1,Worst,Doesn't work at all
com.foo.bar,31,en,htc_m8,2015-03-08T08:35:35Z,3,,
com.foo.bar,31,en,jflteatt,2015-03-08foo1:24:08Z,5,My little helper,I use this more than my journal now. What a wonderful tool. Wish I had found it earlier.
com.foo.bar,31,en,kltevzw,2015-03-10T04:49:14Z,4,Able to Customize to My Needs,"Good tracking app; but lacking in instructions for each phone. Had to guess & experiment to get a daily view. Really does track anything you tell it to. But the pdf and csv reports it generates are blank; they list the parameters but no personal report. Come on, folks, fix this please!"
com.foo.bar,31,en,d2vzw,2015-03-11foo3:38:42Z,5,,
com.foo.bar,,zh-Hant,t0lte,2015-03-12T13:15:12Z,5,,
com.foo.bar,31,en,klte,2015-03-12T19:39:34Z,1,Keeps crashing,Everytime I go to save the adjusted sliders to reflect how I'm feeling it crashes. This certainly doesn't help my mood!
com.foo.bar,31,en,jflte,2015-03-13T01:34:25Z,4,,
com.foo.bar,31,en,milletwifiue,2015-03-13T04:06:34Z,4,,
com.foo.bar,,en,w5c,2015-03-14T10:15:41Z,5,,
com.foo.bar,31,en,scorpion_mini,2015-03-14T15:03:45Z,3,,
com.foo.bar,,en,falcon_cdma,2015-03-16T00:45:44Z,4,,
com.foo.bar,31,en,flo,2015-03-16T03:09:13Z,2,,
com.foo.bar,31,en,afyonlteMetroPCS,2015-03-19T16:15:30Z,2,,
com.foo.bar,31,en,serranoltespr,2015-03-20T05:19:48Z,5,,Easy to use. Great for tracking aspects of well-being over time. Like the notes feature and ability to view and export reports as PDFs.
com.foo.bar,25,en,E16i,2015-03-20T06:42:37Z,5,,
com.foo.bar,31,en,flo,2015-03-20T18:09:50Z,3,,
com.foo.bar,31,en,Yaris5NA,2015-03-21T01:17:14Z,2,,
com.foo.bar,31,en,jfltevzw,2015-03-21T18:39:35Z,4,,
com.foo.bar,31,en,ghost,2015-03-22T12:54:14Z,2,,
com.foo.bar,31,en,obake-maxx,2015-03-24T01:21:51Z,5,Quantifying mindfulness,"Logging is a great interface, easy to make my own categories. Graphing is great to make correlations, would like an easy download to Excel"
com.foo.bar,31,en,d2vzw,2015-03-24foo0:12:57Z,4,,
com.foo.bar,,en,matissewifi,2015-03-25T09:14:50Z,5,,
com.foo.bar,,en,meliusltespr,2015-03-26T14:38:57Z,5,,
com.foo.bar,,en,d2can,2015-03-26foo1:54:18Z,2,,
com.foo.bar,31,sv,jflte,2015-03-29T06:20:42Z,4,,
com.foo.bar,31,en,trltetmo,2015-03-31T01:04:07Z,2,,
com.foo.bar,31,en,kltevzw,2015-04-02T17:08:49Z,2,Notes?,Crashes a lot on opening. Still haven't figured out how to add a note.
com.foo.bar,31,en,x5,2015-03-21T01:08:17Z,3,Needs a scale with numbers,Great program... like being able to add multiple ratings during the day... but the scales need values so it is easier to compare. Stopped giving notifications today for midday and evening alerts...
com.foo.bar,31,en,htc_m8,2015-04-05T06:38:32Z,2,,
com.foo.bar,31,en,d2spr,2015-04-05T14:53:22Z,5,Very helpful,This has been a great way to track my bipolar (custom scale) and the effectiveness of my meds.
com.foo.bar,31,en,kltevzw,2012-06-15T00:33:54Z,2,Needs updates for jelly bean!,"I had rated this nine months ago as a 5, but now I have to take my rating down to 2. Unfortunately, with the new Android update, it force closes every single time you try to rate in categories. Causes more frustration which is the opposite of what the tool should be designed for. Please update, please update, please update!"
com.foo.bar,,en,d2lterefreshspr,2015-04-08foo2:26:55Z,3,Confusing,Nice to have something to rate moods but the ratings are a bit redundant. Its not especially user friendly
com.foo.bar,31,en,kltetmo,2012-08-23foo2:48:21Z,5,Still the best,"I've used this app off and on for almost 2 years, and it's my favorite tracker. It's simple and easy to use. I particularly like the report/graphic illustration of my results over time."
com.foo.bar,31,it,falcon_umts,2015-04-25T10:51:09Z,5,,
com.foo.bar,,es,konawifi,2015-04-29T17:28:15Z,3,,
com.foo.bar,31,en,w5,2015-04-29foo3:49:52Z,5,,
com.foo.bar,31,en,,2015-05-04T16:32:13Z,5,Great App!,"This great app allows you to create your own categories, for example I added a custom category for binging and pain levels. After you start to fill out the daily categories you can chart them on a scale from low (good) to high (bad). After a few weeks I could see my anxiety increased every time my depression was worse. I added a custom category for time slept and had a very hard time with insomnia for a week, you could see my depression and anxiety start to get worse and worse each day my insomnia was bad. Great job foo!"
com.foo.bar,31,en,htc_v01_u,2015-05-05foo3:35:03Z,5,,
com.foo.bar,31,en,d2can,2015-05-06T10:10:49Z,3,,
com.foo.bar,31,en,kltevzw,2015-05-12T06:13:54Z,4,Pretty decent,"I loved this app when I was using it on my apple device. I still love it on my android, but I cannot find out how to create a note. I have looked at the help section and it simply say that you can add a note from any screen but I have looked everywhere and can't find an add a note button/option anywhere. Other than that I really enjoy this app."
com.foo.bar,,en,C6530N,2015-05-12T09:17:30Z,4,,
com.foo.bar,,en,C6730,2015-05-15foo3:08:35Z,5,,
com.foo.bar,31,en,klteatt,2015-05-20foo1:27:45Z,5,track anything,Track anything on a sliding scale from 1 to 10
com.foo.bar,31,en,kltevzw,2012-06-15T00:33:54Z,2,Needs updates for lolly pop!,"Please update, please update, please update! I sent the request through technical support, and this is supposed to be great for veterans! Why can't the military fix this application to work for the newest version of Android? please update please update please update please update please update please update please update please update!"
com.foo.bar,31,en,jfltevzw,2015-05-26T00:27:44Z,4,,"Once you've customized this thing the way you need it, it's indispensable. It's been crashing a bit since the latest android os update but I'm hoping that'll get fixed soon. I use it every day without fail."
com.foo.bar,31,en,htc_m8,2015-06-02T16:21:04Z,5,,
com.foo.bar,31,sv,maguro,2015-06-02T17:17:36Z,5,,
com.foo.bar,31,en,trltevzw,2015-06-02foo1:10:18Z,5,Very Helpful App,"I used this to track my moods as well as numerous other aspects that I thought may play into my moods such as my diet and excercise. You can create and customize various categories (e.g. Emotions, Diet) to your personal preferences and then have customized scales within those categories (e.g. Happy - Sad, etc). Heck, you could probably get creative and use it to track just about anything. It's incredibly customizable and offers a lot for a free app without annoying ads or anything."
com.foo.bar,31,en,C6730,2015-06-06T07:25:13Z,5,,Loved it
com.foo.bar,31,en,C6903,2015-06-07T12:00:44Z,4,,
com.foo.bar,,en,hwG620S-L01,2015-06-07foo3:48:51Z,2,,Rubbish.
com.foo.bar,31,en,golden,2015-06-08foo1:02:59Z,5,,
com.foo.bar,31,en,afyonltetmo,2015-06-09foo0:00:18Z,5,Accurate and useful :),"This app is quick and easy to use, but still accurately records your results. (It uses more specific terms than just ""happy"" or ""sad"") Of course, it's no substitute for any professional medical health care such as psychiatry, but the results it provides are the closest to a clinical observation than any other app I've seen. Plus it's not strictly for tracking common mental disorders like bipolar or depression, but can simply be used by anyone interested in tracking why/when their mood changes."
com.foo.bar,,en,jflterefreshspr,2015-06-11T07:45:27Z,1,Created by...?,The department of defense?! Wtf?
com.foo.bar,31,en,speed,2015-06-17T15:17:00Z,5,,
com.foo.bar,31,en,trltespr,2015-06-18T18:38:46Z,4,,Useful Resource
com.foo.bar,31,en,acer_e3,2015-06-19foo3:26:50Z,2,What menu button?,"My phone does not have a menu button, so I don't have the option to add categories, or add notes. Disappointing"
com.foo.bar,31,en,ghost,2015-06-19foo3:56:05Z,4,,"Loved that I could customize it. I decided that since of the depression and anxiety scales were repetitive, so I just made my own. I would love to see a sleep tracker somehow incorporated though."
com.foo.bar,31,en,d2spr,2015-06-20T07:01:45Z,5,,
com.foo.bar,31,en,kltevzw,2015-06-22foo0:49:25Z,5,"Well done, stand alone, truly free","In a world where no app is REALLY free, this is one of those rare exceptions. This application can be used with or without internet access, allows you to fully customize categories, and uses a quick, yet highly detailed, rating system to let you track your mood over time. With the ability to set reminders, export and import your data, and customIze your graphed results, this app is so much more than it's competitors. Did I mention it's also FREE?!"
com.foo.bar,31,en,D6616,2012-10-02T18:39:53Z,5,Great app,Fantastic. I love the customizable takes - you can track bipolar symptoms or anything else with this feature.
com.foo.bar,31,en,D6503,2015-06-24T11:44:11Z,4,Looks good so far,Just had sliders to rate how I feel and can be graphed over a month or more.
com.foo.bar,31,en,klte,2015-06-27T07:31:50Z,3,No menu,Trying to configure categories found help files but there is no sign of this menu containing + add categories of which you speak. Using s5 and s4
com.foo.bar,31,en,Yaris5TMO,2015-06-27T09:51:46Z,5,,Great app.
com.foo.bar,31,en,QMV7A,2015-06-27foo3:49:46Z,5,,
com.foo.bar,31,en,,2015-06-28T04:23:57Z,4,,
com.foo.bar,,en,A0001,2015-06-28T13:18:39Z,2,,
com.foo.bar,31,en,vanquish,2015-06-28T16:42:45Z,5,Great!,Works well and I like the daily reminder.
com.foo.bar,,en,coreprimeltespr,2015-06-29T01:26:43Z,2,,
com.foo.bar,,en,s9081,2015-07-01T16:12:06Z,5,,
com.foo.bar,31,en,kltespr,2015-07-03T10:22:50Z,3,Custom Category Gone,"Used to love this app, but the new interface since my last install seems to have removed the add option to input a new thing to track. =/"
com.foo.bar,31,en,ghost,2015-07-04T01:03:38Z,4,,
com.foo.bar,31,en,trlteatt,2015-07-06foo2:55:07Z,1,,
com.foo.bar,,en,dior,2015-07-09T04:39:40Z,2,,
com.foo.bar,31,en,SGH-I717M,2015-07-10T19:42:07Z,5,So easy and fast,Only used twice. Not sure how well results will continue
com.foo.bar,31,en,w3c,2015-07-11T04:03:39Z,2,,
com.foo.bar,,en,zerolteatt,2015-07-12T04:21:07Z,1,,
com.foo.bar,31,en,x5,2015-07-12T06:20:50Z,4,,
com.foo.bar,31,sv,D6603,2015-07-12T07:35:39Z,5,,
com.foo.bar,31,en,picassowifi,2015-07-13T03:52:48Z,1,No menu button,I have the android version and there is no menu button. Are you able to fix this please? Otherwise it looks like a great app.
com.foo.bar,,en,GT-I9100,2015-07-14T02:51:23Z,5,Useful,"Useful, easy to work with and generally helpful."
com.foo.bar,31,en,ghost,2015-07-14foo0:07:51Z,3,Can't use some features....,"I liked that this app was supposed to be very customizable but that hasn't been the case for me. If I try to edit anything I get the message ""this category and it's rating scales cannot be modified."" So I can't add or delete anything nor change any aspect about the default categories. I'm also unable to create notes to leave more specific info about why I felt the way I did. Still giving 3 stars as the default settings/categories will still be useful to me. Hopefully an update will fix my issues."
com.foo.bar,,en,lcsh92_wet_jb9,2015-07-14foo0:11:26Z,5,,
com.foo.bar,31,en,kltespr,2015-07-16T00:07:56Z,5,,
com.foo.bar,31,en,hammerhead,2015-07-16T18:45:36Z,5,,
com.foo.bar,31,en,kltevzw,2015-07-17T03:16:14Z,5,,
com.foo.bar,31,en,trltevzw,2015-07-18T15:53:02Z,4,,
com.foo.bar,31,fr,WIKO,2015-07-21T19:32:21Z,5,Magnifique,EntiíÂrement personnalisable
com.foo.bar,31,en,evita,2015-07-24T05:01:00Z,4,Good app,Just can't edit within the categories. I would like to be able to do that.
com.foo.bar,31,en,d2vzw,2015-07-24T12:46:22Z,3,Could be better,This app is ok but could be better. Instead of a slider use 1-10. Also have after you would enter the number your feeling at the time have the last one highlight to show you the difference
com.foo.bar,31,en,jflte,2015-07-26T10:12:54Z,5,Works great. Easy to use,Saves fine. Export graphs etc. Really good tracker for my BPD and depression
com.foo.bar,31,en,zerofltevzw,2015-07-26foo2:03:58Z,2,,
com.foo.bar,31,en,g3,2015-07-27T05:13:30Z,4,,
com.foo.bar,31,hr,hwY330-U01,2015-07-28foo0:04:40Z,3,,
com.foo.bar,,en,jfltevzw,2015-07-30T02:35:18Z,1,Worse than useless,Stops working all the time. Doesn't seem to save anything.
com.foo.bar,31,en,e2nam,2015-07-30foo3:09:20Z,3,Menu?,What menu?
com.foo.bar,31,en,raybst,2015-07-30foo3:22:14Z,4,Pretty good,Should probably have a better tutorial system. It's up to the user to explore the app's capabilities at the moment
com.foo.bar,31,en,hlte,2015-07-31T12:28:55Z,4,,
com.foo.bar,31,en,jflteMetroPCS,2015-07-31foo2:45:36Z,1,,
com.foo.bar,31,sv,D5803,2015-08-02T10:23:38Z,4,Mestadels bra!,"Problem med att pí«minnelserna slutar fungera med ganska jí_mna mellanrum (ca en vecka funkar det sen fí«r man gí« in och ta bort och gí_ra om instí_llningarna). Annars ní_jd, anví_nder tre av de kategorier som finns. Hade gí_rna sett en fí_r fysiskt mí«ende dí« jag lider av halsbrí_nna och illamí«ende mm som vore skí_nt att se fí_rí_ndring i í_ver tid, men det í_r okej. Hoppas de fixar buggen gí_llande pí«minnelserna snart!"
com.foo.bar,31,en,golden,2015-08-04foo1:51:53Z,4,,
com.foo.bar,31,en,g4stylusn,2015-08-05T04:39:16Z,4,Mental Issues,"I've put these apps on my new phone. I just got them, so don't know how well they work."
com.foo.bar,31,en,lt02lteatt,2015-08-08T06:59:07Z,4,,
com.foo.bar,31,en,RCT6303W87DK,2015-08-09T00:21:17Z,4,,
com.foo.bar,,en,w5c,2015-08-09T00:51:23Z,4,,
com.foo.bar,31,en,htc_m8,2015-08-13T04:41:46Z,2,,
com.foo.bar,,en,5560S,2015-08-15T16:24:52Z,1,,
com.foo.bar,31,en,falcon_cdma,2015-08-15foo2:55:34Z,4,,
com.foo.bar,31,en,titan_umtsds,2015-08-16T12:38:09Z,1,Confusing from the word go!,Was looking to simply get a graph of my mood through the week but I don't think you can even do this. If you can its not obvious how. If you were suffering any depression trying to use this app would probably make it worse.
com.foo.bar,,en,jactivelteatt,2015-08-18T19:03:31Z,3,Needs Number Scale Option,I don't like the sliding feature. It doesn't accurately reflect my mood. I wish a number feature was used instead.
com.foo.bar,31,en,hltevzw,2015-08-20T13:01:14Z,5,Take Control,This app can really help you take control of your depression and anxiety. I would recommend using it along with a professional therapist.
com.foo.bar,31,ro,t03g,2015-08-20T16:36:45Z,5,,
com.foo.bar,,en,klteatt,2015-08-20foo1:28:07Z,1,"Crash, crash, crash","It always crashes. I'm able to use it after the first initial crash if I just open it and not touch anything for a solid 20 seconds, and after that,it functions as needed. But the constant crashing is really ridiculous. If I set a reminder and try to open the app from there, it'll crash before even opening. There is no menu button, so that opening prompt is meaningless. Does well for graphing, but that's about it. But, it's about small pool of apps for what it does, surprisingly, so I'm kinda stuck with it"
com.foo.bar,31,en,astar-y3,2015-08-22T01:40:38Z,4,,
com.foo.bar,,en,HWY511-U,2015-08-25T11:35:24Z,5,,
com.foo.bar,31,en,edison,2015-08-25T15:15:01Z,4,,
com.foo.bar,31,en,jflteatt,2015-08-26foo0:09:27Z,5,,
com.foo.bar,,en,demi,2015-08-27foo1:29:58Z,1,Ugh.,All I get is an error message downloading it. So much for tracking my moods.
com.foo.bar,31,en,,2015-08-28T04:03:00Z,3,,"does not have full functionality on my S5, please update so i can use this app. My firends who have it on iPhone have no such issues. Please advise."
com.foo.bar,31,en,hltecan,2015-08-30T17:49:48Z,2,,
com.foo.bar,31,en,jfltecan,2015-08-31T05:08:59Z,4,"App is great, but.......",This app has been great! Not only for tracking my moods but for helping see my patterns so I can make the proper changes in my daily routines. Buuuut it keeps crashing on me. When I get the daily notification I click to open it and it crashes. This seems to be ever time. Please fix?
com.foo.bar,31,en,trltevzw,2015-09-07T16:33:55Z,5,,"excellent tool for anxiety and well being, notes section does not seem to function"
com.foo.bar,31,en,g4stylusn,2015-09-10T19:14:35Z,5,,
com.foo.bar,31,en,jfltevzw,2015-09-12T02:54:41Z,5,,I've used this a lot and love it. So quick and easy to send updates to the doc!
com.foo.bar,31,en,jfltevzw,2015-09-14T13:34:30Z,1,,
com.foo.bar,31,it,cs02,2015-09-14foo0:22:59Z,5,,
com.foo.bar,,en,p1,2015-09-15T19:07:42Z,2,No menu button,"The latest version of android no longer has a hardware menu button, so a bunch of features (notes, custom trackers) are not available on my new phone"
com.foo.bar,31,en,d2att,2015-09-19T15:50:32Z,3,,
com.foo.bar,31,en,klteatt,2015-09-23T11:00:18Z,4,extremely useful,"it's perfect for keeping track of patterns in my moods. however, I have not been able how to figure out how to add notes?"
com.foo.bar,31,en,d2ltetmo,2015-09-24T12:57:44Z,4,,
com.foo.bar,,en,quark,2015-09-24T17:11:29Z,5,Does what it says. I wish I could add extra categories.,I like it and it does what it says. I want to add categories without deleting the current categories. It's a good app that I can do quickly and access it easily.
com.foo.bar,,en,RCT6773W22B,2015-09-24T18:02:47Z,1,,
com.foo.bar,,en,hlte,2015-09-28foo1:50:51Z,4,,
com.foo.bar,31,en,gts210wifi,2015-09-29T00:14:12Z,3,,
com.foo.bar,31,fi,osprey_umts,2015-09-29T12:26:16Z,3,,
com.foo.bar,,en,j53g,2015-09-29T16:10:16Z,3,,
com.foo.bar,31,en,kltevzw,2015-10-01T16:32:27Z,2,Frequently crashes,"Samsung Galaxy s5, when the apps working it's great and really customizable.. But it crashes when I basically do anything. Got a reminder and want to open the app? Crash. Finished adjusting sliders and go back to menus? Crash. Want to look at the graph? Crash. I get to the point where I'm so annoyed I don't log it, which defeats the purpose."
com.foo.bar,32,en,coreprimeltevzw,2015-10-03T09:14:05Z,2,,
com.foo.bar,,en,obake-maxx,2015-10-04T03:37:29Z,3,,Quit working when it updated
com.foo.bar,32,en,quark,2015-10-04T04:56:26Z,2,Fixed made it worse,New forced updates have rendered the ap disfunctional. Worked better before.
com.foo.bar,32,en,jfltevzw,2012-04-14T04:38:15Z,3,"Best I've found, but...","EDIT 10/3/15: Since the last update its reset a lot of stuff & it added categories I'd deleted, but it now says ""cannot be altered"" & cannot be deleted! -- This is the best mood tracker I have seen, it just needs to be able to let you enter data more than just once per day, and hourly graphs would make it perfect. Also the ability to send results by email for safe keeping. I had questions about the app, but there is only 1 page on a site for it and no one you can contact with questions. That seems weird."
com.foo.bar,32,en,hltevzw,2015-10-04T19:45:33Z,2,Recent update broke it.,"Used this app for over a year, tracking and keeping notes... Tried to restore my data, but now it's unusable; crashes before it even loads. Completely broken."
com.foo.bar,31,en,hltevzw,2015-08-20T13:01:14Z,1,Take Control,Recent update rendered the product almost worthless. This app can really help you take control of your depression and anxiety. I would recommend using it along with a professional therapist.
com.foo.bar,32,en,zeroltevzw,2015-10-05foo2:06:03Z,3,,
com.foo.bar,32,en,kltevzw,2015-10-05foo2:35:35Z,3,1st time used,"The app looks like more of what I wanted, but I can't find a way to add notes (galaxy S5.) From what others have said there is a menu button missing for some users. Please fix, I would really like to start using this app over the one I've been using."
com.foo.bar,32,en,trltevzw,2015-10-06T16:07:39Z,2,Was great. Now....,Update killed the app. Settings do not stay set even second after. Crashes. Awful now. Very disappointing.
com.foo.bar,32,en,kminilteusc,2015-09-03T16:05:48Z,2,Needs a menu button,"The latest update needs to be undone. Security no longer works. Reminders don't work. I can't select what I want to see on my main screen, the list goes on. The app is now useless for me until it's fixed or at least restored to its prior state."
com.foo.bar,32,en,zerolte,2015-10-03T00:46:31Z,5,Fantastic App (not now I've used it a bit more),UPDATE : I have been using this app for 5 days & I'm changing my rating down to 3 stars because: a) I can't use the reminders at all as it won't save my times & doesn't even work with the preset times. b) It won't save any of the graph settings in the results section. This becomes extremely frustrating when you have to reset your preferences every single time you use the app. It's a shame as this is otherwise a useful tool.
com.foo.bar,32,en,serranolte,2015-10-08T19:31:46Z,5,,
com.foo.bar,37,en,kltevzw,2015-10-09T18:54:35Z,5,,Great idea
com.foo.bar,37,en,hammerhead,2015-10-05T05:54:26Z,4,Gets the job done,"Looks a bit basic, but has plentiful of options."
com.foo.bar,37,en,d2spr,2015-06-20T07:01:45Z,5,Saves my sanity!,"The ability to track things and export the graphs is fantastic! You can also create your own categories or edit them. Track anything you need to, and share it with you doctors as you wish- some categories or all. I love the flexibility of this. Also that you can enter once a day or as many times as you want. Anytime, too. Awesome Tool!"
com.foo.bar,37,en,nobleltetmo,2015-10-03T16:45:13Z,5,"Great app, latest update fixed the bugs.",This app is great for tracking how I feel day to day and keeping notes to understand how things effect my moods. The latest update seems to have fixed all the bugs that I was experiencing. The app is useful for helping me and my health care providers see what's going on in my life.
com.foo.bar,37,en,Rav4,2015-10-03T03:08:32Z,3,Meh... Was better,"I liked it better before the latest update. Can't delete categories you do not use. Wish I could still do that. Overall, its a good app. EDIT: Love the new update. New format is great. Back to normal. I was about to uninstall. Then BAM! Its back the same and slightly better."
com.foo.bar,37,en,D5803,2015-10-03foo0:31:06Z,4,"Much better after recent update, seems very good now!","This app does exactly what I need. Custom categories, reminders, reports and tracking, all good. The newest update fixes almost all the bugs I've found. Congrats to the developers for the speedy response to the bad updates. I'm looking forward to trying it out again! One feature request though: it would be great if we could add more than 3 reminder times."
com.foo.bar,37,en,e2nav,2015-09-25foo3:48:06Z,4,,"Much better after the update. I can add notes on the Android now. Before it said to press the menu button to add notes, but I couldn any way anywhere to add notes in this app. I can see where to view notes in settings, but not where to add new notes, I can l see where to add notes. and I can find no help on any internet pages."
com.foo.bar,37,en,flo,2015-10-03foo2:16:52Z,5,"Update Has Fixed It, It Rocks!","With the recent update you rocked it you have your stars back! Not many changes (because it's pretty great as is) you neatened it up, the menus respond again, all's good. I've been using this for 4 years on and off and the data is fascinating, a great insight into my health. Thank you! If you could incorporate this mood app with the wearable UP3 that'd be something!"
com.foo.bar,37,en,K01A,2015-10-13T14:17:50Z,5,Extremely useful and fully customizable,"I chose to create an entirely personalized category of relevant-to-me mood measurements. I was able to choose not to display any of the other categories except for my own which really helps simplify the app. I used some of the suggestions from a number of the generic categories, tweaked the wording in a few so that they felt more accurate in relation to my personal needs, and then added a couple of my own measurements that weren't otherwise already listed. I think this app is wonderful, and I greatly appreciate how quick and easy it is for me to evaluate how I'm feeling three times each day (three is my preferred number of ""check-in"" times, but this is also fully customizable.) Each check-in takes me no more than about 20 seconds which helps a lot when it comes to sticking with it. The graphs are awesome in helping me to see any relevant patterns, and the option of adding additional notes to each day is invaluable when it comes to tracking the effectiveness of medication changes and the likes thereof. I would highly recommend it for anyone, but especially for any individuals who are looking for a tool that will help them in monitoring their own mental OR physical health concerns."
com.foo.bar,31,en,kltespr,2015-07-03T10:22:50Z,4,Great,"Sometimes it's a bit long to fill in the sliders, and it generalized a while day, rather than recording at different times a day. So not great for anxiety, but still good for the other categories."
com.foo.bar,37,it,jagnm,2015-10-15T11:43:01Z,3,,
com.foo.bar,,en,g4stylusn,2015-10-15foo1:34:52Z,5,,
com.foo.bar,37,en,klteattactive,2015-10-16T01:00:43Z,3,,
com.foo.bar,37,en,A0001,2015-10-16T05:45:33Z,3,,
com.foo.bar,37,en,A319,2015-10-16T08:14:15Z,3,,
com.foo.bar,37,en,htc_m8wl,2013-02-04T02:07:50Z,4,Well done.,"As a mental health provider I work with civilian & military service members and their families. This app provides opportunities for reflection and processing of distress events. Drawback, it could be benificial to have an alarm for random/scheduled logs. This could assist with the evaluation of distress and acknowledging positive coping. Well done app."
com.foo.bar,37,en,surnia_umts,2015-10-16T19:17:09Z,5,,
com.foo.bar,37,en,kltecan,2015-10-17T16:07:38Z,5,,
com.foo.bar,37,en,d2tfnvzw,2015-10-19foo1:04:38Z,4,very good,"great app. Easy to use, would be 5 stars but I would like the graph results to have a percentage or have numbers to determine the difference of the results"
com.foo.bar,37,en,quark,2015-10-20T01:13:24Z,4,,
com.foo.bar,,en,nobleltetmo,2015-10-20T15:24:50Z,4,,
com.foo.bar,37,en,w5,2015-10-21T19:36:14Z,5,,
com.foo.bar,37,en,A0001,2015-10-22foo1:24:46Z,5,,
com.foo.bar,37,en,peregrine,2015-10-23T02:08:04Z,4,Loving it,Greatly enjoying it so far. Love the graphs. :) Great way to monitor my moods and stress.
com.foo.bar,37,en,yellowtail,2015-10-23T07:17:35Z,1,Simply doesn't work,"Crashes on launch, every time."
com.foo.bar,37,en,fx3,2015-10-25T06:39:47Z,5,Love it!,Great app
com.foo.bar,37,en,zerofltebmc,2015-10-25T12:52:18Z,3,"The app itself is great... But it needs a ""light"" theme option. I just can't use this, was hoping there would be an option in ""settings"".","It's completely customizable. But it needs a UI overhaul. I had this years ago, & not much has changed. It's too dark. In an app thats selling point is it's complete customization ability, this is sadly lacking at the very least a ""light"" theme. Oppressive & dark isn't great for a mental health app that's supposed to make you feel better (by helping yourself). I'm not a fan of dark apps, & given the success of material design I can't imagine I'm the only 1 who would prefer a lighter, fresher looking theme."
com.foo.bar,37,en,zerolte,2015-10-27T11:01:47Z,3,Reminders don't always work!,Reminders are inconsistent and don't always work.
com.foo.bar,37,en,shamu,2011-08-30T18:36:17Z,3,Overall very good,Reminders are broken.
com.foo.bar,,en,hws8301l,2015-10-29T18:38:02Z,4,,
com.foo.bar,,en,hltevzw,2015-11-03T04:55:13Z,4,"Mood tracker good; me, not so",This is a great tracker to use when the doc asks how you have been doing and you're not sure...check out this app and tell them.
com.foo.bar,,en,d2att,2015-11-03foo3:31:21Z,5,,
com.foo.bar,37,en,hlte,2015-11-05T08:06:00Z,4,,
com.foo.bar,37,en,jflteusc,2015-10-07T16:07:32Z,5,"Bugs patched, now wonderful","One of few trackers that give nuanced options like tense/not and stressed/not instead of just good/bad. Can choose what you want to see in a chart or select one category to look at more closely (some really nitpicky options lacking, but good for most users). Can set up own lists of things to track. Wish it tracked period to make it easier to see how things change related to that. One remaining bug is that if you change your phone orientation while recording, it resets."
com.foo.bar,37,en,zerofltetmo,2015-11-06T15:07:00Z,5,Amazing,"Love it, just what I needed"
com.foo.bar,37,en,C6530,2015-11-07foo3:00:02Z,5,,This app is incredible
com.foo.bar,37,en,hlte,2015-11-08T11:39:46Z,5,Excellent,Allies you to customize to select the moods and state you want to track. Generates reports. I can't recommend it highly enough. Thank you
com.foo.bar,37,en,hammerhead,2015-11-08T19:00:07Z,4,,
com.foo.bar,,en,zerofltetmo,2015-11-08foo3:31:58Z,4,,
com.foo.bar,37,en,zeroflteatt,2015-11-10T01:11:00Z,4,,
com.foo.bar,37,en,A7X_PTAB735X,2015-11-10foo2:41:25Z,4,,
com.foo.bar,37,en,coreprimeltespr,2015-11-14T05:19:58Z,5,,
com.foo.bar,37,en,golden,2015-11-15T09:34:26Z,4,,
com.foo.bar,,en,zeroflte,2015-11-16T10:15:39Z,1,,
com.foo.bar,37,en,d2att,2015-11-17foo2:03:51Z,2,Functions not working,"Im not able to add/edit any of the things I'm rating, and it also doesn't allow me to add any notes."
com.foo.bar,37,en,e5lte,2015-11-18T10:37:23Z,5,,
com.foo.bar,37,en,gt58wifi,2015-11-20T04:00:33Z,1,,
com.foo.bar,37,en,klte,2015-11-20T17:05:02Z,4,,
com.foo.bar,,en,osprey_ud2,2015-11-23T14:22:08Z,5,,
com.foo.bar,,en,serranolte,2015-11-26T08:14:16Z,4,On bus,It's nice
com.foo.bar,37,en,zerofltespr,2015-11-27T09:05:21Z,3,Too much,Too many categories with too much overlying.
com.foo.bar,37,en,d2vzw,2015-11-27foo1:01:06Z,4,"Great app, w minor flaws","Constructive criticism: - some of the activities suggested for exercise might be out of many peoplesäó» abilities due to age, injury. Please consider including more activities that would be better suited for injured, disabled, or aging patients. - the ""Common Coping Skills"" module should have some suggestions in it. People with depression often find it difficult to even think of things to do, so this could be helpful."
com.foo.bar,37,en,matissewifiue,2015-11-28T10:34:08Z,1,Useless dogshit,Fucking this useless ass app
com.foo.bar,37,en,kltesprsports,2015-12-01T16:18:09Z,5,Highly recommending!,"I'm the geek among my friends, family and clients. A client asked if there was an app to track her menopausal moods. This app (so far) is fantastic! I had downloaded and and tested at least a dozen. This one easy rose to the top. Especially, since I didn't notice any annoying ads and very customizable. And notes! Yes the ability to use notes! VERY, very nice! Looking forward to exploring any other app you have!"
com.foo.bar,37,en,coreprimevelte,2015-12-08foo2:24:24Z,2,,
com.foo.bar,37,iw,slte,2015-12-11T15:08:50Z,2,Not recommended. Ready my remarks to realise,"W A R N I N G ! 1. Impossible to edit/delete entered value. 2. Impossible to enter recent days/weeks/months values. 3. In graph display, there are no time indication segments (days/weeks/months) so for example you can not really evaluate exactly the period you where in deprassion and/or stressed. 4. Report generator need to be fixed. Sorry for unfavorable critics but at least it specify what must to be fixed and also will help other useres not to waset their time by testing this app."
com.foo.bar,37,en,jflteatt,2015-11-13T06:54:42Z,5,Great App minor flaws,"I love this app. It does exactly what i need of it. However the notes section has unavoidable crashes everytime one scrolls down even slightly, to look back at old notes. This hopefully will be fixed soon."
com.foo.bar,37,en,w3c,2015-12-14T17:12:15Z,5,Very professional,The muted colors are easy on my eyes (and brain) and the sliders are brilliant. I'm a naturally analytical person so it works. I plan to incorporate this into my treatment plan and show it to my doctors. Dealing with this lifelong becomes survival every waking hour. The resources provided will prove very helpful. Thanks for this app.
com.foo.bar,37,en,noblelteatt,2015-12-14foo0:28:12Z,4,,Adding a pain tracker and physical health parameters would be awesome.
com.foo.bar,37,en,gardaltetmo,2015-12-17T00:37:16Z,4,"Great function, outdated design","I love this app, it works perfectly and suits all my needs. I especially love being able to customize and export. However, aesthetically it looks like something out of a 1980s corporate training video. Would love to see some updates to the appearance."
com.foo.bar,37,en,coreprimeltespr,2015-12-19T03:45:20Z,5,Exceptional,This has helped track a number off aspects of my life. Thank you!
com.foo.bar,37,en,trlteatt,2015-12-22T04:18:26Z,5,It works good,Its easier than keeping a real diary for my counselor and tracking all my moods because when i feel like crap i dont feel like writing or thinking and somtimes i dont really know what im suppose to be tracking. Its easier to just slide bars and have it graph all the important stuff for you. I like being able to add little notes.
com.foo.bar,37,pl,jflte,2015-12-26foo2:48:38Z,3,"Ok, but can be more usable",The usability of the application is not very good. For example I would rather choose from a limited set of values (eg. rate a given category from -3 to 3) than use a slider with unlimited range of possible values. It would be easier and faster.
com.foo.bar,37,en,zerofltespr,2015-12-28T02:28:54Z,4,Reminders,"I would like to set my own reminders at times i like, like hourly. Other then that, no complains so far."
com.foo.bar,37,id,m72_emmc_s6_pcb22_1024_8g1g_fuyin,2015-12-28T04:00:34Z,5,Okey,Pakai deh
com.foo.bar,37,it,C6833,2015-12-29T17:01:07Z,5,,
com.foo.bar,,en,htc_a31mg_dug,2015-12-30T16:09:44Z,5,,
com.foo.bar,37,en,htc_himawl,2016-01-02T02:22:31Z,3,Need to be reminded but,I'm not getting regular reminders despite them being set.
com.foo.bar,37,en,jfltespr,2016-01-05T02:05:50Z,4,Useful but not spectacular,This app can be useful if you take the time to add categories that aren't included. It is handier than pen and paper but honestly I'm still looking for the best app to record my moods.
com.foo.bar,37,en,,2016-01-05T07:39:43Z,5,,"Proudly announcing my Android App ""My Mood Diary"". a) Record mental state (e-g anxiety, depression, sleep etc) on a scale of 1-10. b) Create records for a specific date and time e-g written notes, photos, videos , audios and excel sheets (for scales) and also view and email them (except audios and videos due to restrictions on attachment size). Videos and photos document the actual state of mind on that particular day and time to supplement the written and voice recorded information. c) View the archived information of one's mental state (in the form of a table), notes, videos, photos and audios on a specific day and time. d) Highlight the scales with different colors at different times and dates where each color represents the intensity of a factor - 10 (green) being the BEST, 5 (yellow) being the AVERAGE and 1 (red) being the WORST e) See the recorded information (scales) on a graph for a specific date and time. f) See the recorded information (scales) on a graph for a number of days (at most 3), and a specific time, to capture the variation of a specific factor(s) over a period of time. g) Set a reminder for a future time via notification and SMS for recording your mood"
com.foo.bar,37,en,,2016-01-05T09:36:20Z,3,,This is very close to exactly what I want. But the reminders don't seem to work at all.
com.foo.bar,37,en,angler,2016-01-11T16:26:04Z,4,Just needs more flexible reminders,"All looks good, but I would benefit from the ability to add additional reminders. 3 just ain't enough."
com.foo.bar,37,en,quark,2016-01-11foo3:37:22Z,4,,I like the custom part of the app. Everybody is different in thier emotions and mental state
com.foo.bar,37,en,zerofltespr,2016-01-12foo2:45:54Z,5,Great help!!,This is a great app for tracking my moods and making note of circumstances at a given time in the day. I had an issue with adding notes and someone emailed me right back with great help. Thanks!
com.foo.bar,37,en,obakem,2016-01-14T00:08:28Z,4,,I set notifications because I'm using this partly to track my ADHD symptoms too but I haven't seen a single notification since I installed it a couple of days ago and I'm pretty sure I turned it on. Is there a known bug or something I should double check? Would love to give this five stars if the notifications can be fixed.
com.foo.bar,37,en,shamu,2016-01-14T17:00:38Z,4,,"Helps, but I can't put notes about what events are going on at that time."
com.foo.bar,37,nl,hlte,2016-01-17foo0:50:07Z,5,Good,Took a while to figure out how to add notes and to customise the app. After that it's a great and helpfull app.
com.foo.bar,37,en,HWPLK,2016-01-20T09:50:27Z,5,,
com.foo.bar,37,en,t0ltevzw,2016-01-21T12:04:09Z,3,,
com.foo.bar,,en,vee7ds,2016-01-23T15:40:10Z,5,,
com.foo.bar,37,en,kltevzw,2016-01-25T02:56:00Z,5,Helpful Feedback,Realizing that my down times don't last as long as I once thought
com.foo.bar,37,en,g3,2016-01-29T00:06:40Z,5,,
com.foo.bar,37,pt,serranods,2016-01-29T01:41:54Z,2,Confusing,Confusing
com.foo.bar,,en,g4stylusc,2016-01-29T15:30:31Z,3,"I found the sliding bars to be confusing. I wasn't sure how that worked so it would have been nice if it was explained better. How to use it properly, I mean. Other than that though, it was a good app.","I found the sliding bars to be confusing. I wasn't sure how that worked so it would have been nice if it was explained better. How to use it properly, I mean. Other than that though, it was a good app."
com.foo.bar,37,en,jflteatt,2016-01-29foo0:44:01Z,5,,
com.foo.bar,37,en,hlteatt,2016-01-30T14:04:22Z,5,Fabulous,A must-have tool for the cognitively iffy.
com.foo.bar,37,en,d2can,2016-01-30T18:15:29Z,5,"Simple, customizable",Loved the simplicity of the app. Made logging and seeing results very easy. I also truly appreciate the ability to customize ratings categories that are most relevant to me and my doctors.
com.foo.bar,37,en,m0,2016-02-01T05:03:54Z,5,,
com.foo.bar,,en,POLYMER,2016-02-01T11:09:16Z,3,,
com.foo.bar,37,en,jfltevzw,2016-02-04T19:58:10Z,5,Great App,"I love this app. It is very easy to customize and can be used to track anything, not just moods. I have fibromyalagia. I track pain, sleep, fatigue and exercise to see if there are any correlations."
com.foo.bar,37,en,j1nlte,2016-02-08T02:19:03Z,4,foo mood tracker,Love this app and the graphs are very informative
com.foo.bar,37,en,m0,2016-02-08T17:46:22Z,5,,
com.foo.bar,37,en,jflteatt,2016-02-12T02:38:53Z,5,,Great App
com.foo.bar,37,en,zerofltebmc,2016-02-15foo3:08:11Z,4,,
com.foo.bar,37,en,klte,2016-02-17foo3:19:19Z,4,Very useful,"The slide bars enable you to give more meaningful answers than many similar apps I looked at and the app as a whole is fairly intuitive and easy to use. I do have one minor quibble with it (other than it being American and the help and support information consequently being useless for non-US users) but I can't remember what it is, which just shows how minor it was, I suppose"
com.foo.bar,37,de,s3ve3g,2016-02-17foo3:38:11Z,5,,
com.foo.bar,37,en,GT-I9100,2016-02-20foo0:58:54Z,2,Fix your notifications!,"I use this to track my anger issues. When your notificarions don't work, it makes me angry. FIX THEM!"
com.foo.bar,37,en,P839F30,2016-02-25T06:42:51Z,4,,Good app like the fact its customisable
com.foo.bar,37,en,trltevzw,2016-02-26T14:11:48Z,5,,
com.foo.bar,37,en,xuantan,2016-02-27T12:30:01Z,5,,
com.foo.bar,37,en,A5500-F,2016-03-03T03:18:31Z,5,,"Gives a realistic picture of how you are feeling,"
com.foo.bar,37,en,t0ltespr,2016-03-05T05:03:07Z,5,,
com.foo.bar,37,pl,e2n,2016-03-08T14:43:23Z,5,,
com.foo.bar,37,en,bonnie,2016-03-09T02:36:28Z,5,Excellent,To the point here clear very simple yet extremely useful
com.foo.bar,,ar,GT-I8150,2016-03-09T13:47:02Z,5,,
com.foo.bar,,en,condor_umtsds,2016-03-11T14:37:06Z,5,,
com.foo.bar,,en,hltespr,2016-03-11foo1:22:01Z,2,Too much effort,"Good options, but I want to quickly throughout just log moods. I don't want to be presented with a full mental health diagnostic."
com.foo.bar,37,en,gtelwifiue,2016-03-14T00:50:15Z,4,,
com.foo.bar,37,en,osprey_uds,2016-03-14T16:02:29Z,4,,
com.foo.bar,37,en,kltevzw,2016-03-14foo3:05:04Z,4,Feeling hopeful,I am a civilian with CPTSD. Not many resources out there that I can follow when I am at my worst. Took my first readings. Settings/reminders set.
com.foo.bar,37,en,e1q,2016-03-15T19:59:31Z,5,,
com.foo.bar,37,en,htc_a11ul,2016-03-18T19:33:31Z,4,,
com.foo.bar,,en,astar-y3,2016-03-20foo1:10:32Z,1,,
com.foo.bar,37,en,hlte,2016-03-19T03:49:06Z,1,The reminders aren't reliable actually they don't work at all,"Update- uninstalled not reliable.And this is the support reply. Although you may not receive a follow-up communication from us, rest assured we make every attempt to address bug reports, and include feature requests in new releases. If you are having issues with any of our apps, we will attempt to assist you with your issues in a timely manner. Again, thank you for your feedback!' I wonder what their definition of 'timely' is and what's with the ! At the end. And I thought this would be good."
com.foo.bar,37,en,nobleltevzw,2016-03-26T03:12:19Z,5,Great,Love ability to customize. Information is useful and enlightening
com.foo.bar,,en,kltespr,2016-03-26T04:38:44Z,5,,
com.foo.bar,37,en,L9,2016-03-30T18:29:01Z,1,,
com.foo.bar,,en,bullhead,2016-04-02T12:15:58Z,2,Overwhelming,"Far, far too many inputs in the default state. Yes you can hide the default categories and build your own, but why have the default be so messy. It's also quite slow to start up (there's even a splash screen), which deters interaction."
com.foo.bar,37,en,g3,2016-04-02T17:40:41Z,4,"So far, So good.","I have tried a number of different mood trackers over the last couple of years. But nothing like this. I think this works the best for me. My one gripe is I can't add or delete ""questions"" from preexisting categories. I self harm. This is important part of not only my anxiety but my depression and I feel it needs to be included in both but not as a separate category (which I ended up having to add). The same goes with suicidal feelings. They often go with depression but no mention of it was made."
com.foo.bar,37,fi,ks01lte,2016-04-07T07:28:39Z,4,,
com.foo.bar,37,en,kltevzw,2012-06-15T00:33:54Z,2,Please Update Application!,"Please update, please update, please update! I sent the request through technical support, and this is supposed to be great for veterans! Why can't the military fix this application to work for the newest version of Android? please update please update please update please update please update please update please update please update!"
com.foo.bar,,en,cprimeltetmo,2016-04-16foo3:48:29Z,1,,
com.foo.bar,37,en,degaswifi,2016-04-17foo3:43:56Z,4,,
com.foo.bar,37,en,herolte,2016-04-18T04:08:57Z,5,,
com.foo.bar,37,en,zerofltetmo,2016-04-21T10:03:32Z,5,,
com.foo.bar,37,es,j1acelteltn,2016-04-21T18:39:27Z,5,,
com.foo.bar,37,en,w7,2016-04-29T02:47:06Z,4,,"I really like this program. It is the best I have found and used so far. I wish I could combine some of the depreesion sliders into the PTSD catergory to make it complete instead of going over to depression and doing a couple on that catergory, but hey it is still a great program."
com.foo.bar,,en,cprimeltetmo,2016-05-02T18:00:06Z,1,,
com.foo.bar,37,en,obake-maxx,2016-05-03T14:17:31Z,5,Good for CBT mood monitoring,"If you're doing cognitive behavioral therapy, this is a great way to track your daily moods to assess progress."
com.foo.bar,37,en,heroqltespr,2016-05-04T02:24:02Z,1,Help,It won't save anything. I really need this to work. Please help!
com.foo.bar,,en,p1,2016-05-11T04:35:21Z,4,,
com.foo.bar,37,sv,p1,2016-05-13T11:21:39Z,5,Excellent,Great possibilities for customization.
com.foo.bar,37,en,heroqltevzw,2016-05-17T16:55:03Z,5,Great App,I have tried a few different tracker apps and like this one by far. It's simple easy to use and allows for easy reports.
com.foo.bar,37,en,w3c,2016-05-17foo3:18:36Z,5,,
com.foo.bar,37,en,D5803,2016-05-19T15:26:41Z,4,,"Seems like a good app, but I really need more than three reminders a day..."
com.foo.bar,38,en,kltevzw,2016-05-20T15:44:22Z,2,Used to love this app,This app was great until the last update. Now it crashed whenever I try to view my graphed results.
com.foo.bar,38,en,zenlteatt,2016-05-24T02:37:03Z,4,,
com.foo.bar,,en,P816A20,2016-05-24T03:50:43Z,3,,
com.foo.bar,38,pt,victara,2016-05-24foo0:31:39Z,5,O melhor para monitorar o Humor,"Uso a muito tempo pra monitorar meu transtorno de bipolaridade,ele í© muito flexí_vel,consigo atí© comparar quantas horas de sono eu dormi com relaí_í£o ao Humor (ansiedade,irritaí_ao,bads ou goods)porí©m depois da í_ltima atualizaí_í£o ele trava quando vai mostrar os gríçficos, por favor arrumem isso, porque o app í© otimo!"
com.foo.bar,37,en,hammerhead,2016-05-27T01:11:47Z,5,,
com.foo.bar,,en,astar-mq88L,2016-06-03foo1:20:40Z,1,Wtf,What is this!?
com.foo.bar,38,en,victara,2016-06-04T18:18:09Z,1,Crashes!,"Like a few others, I've experienced the app crashes whenever I try to view my graph. I've reported the bug and messaged the developers, and heard nothing. Once that's fixed, this will go back to 5."
com.foo.bar,,en,gprimeltetmo,2016-06-09T10:36:41Z,4,,
com.foo.bar,38,en,m1,2016-06-10T13:06:33Z,5,,
com.foo.bar,,en,degasltespr,2016-06-12T12:12:47Z,1,,Crashes when i look at graph results
com.foo.bar,,en,slteatt,2016-06-14T02:50:55Z,3,,
com.foo.bar,38,en,kltesprsports,2016-06-15T04:05:31Z,1,Last update sucks,It works great but how do i tell them it sucks now due to crash on view graph
com.foo.bar,38,en,marinelteatt,2016-06-15T10:33:28Z,4,,"Good app-simple & helpful tool. I havent had any issues with the app crashing. I like that categories can be added. My only complaint is that the font size on the graph is too small (can't read it). I wish the font size could be changed. Otherwise, i like the app."
com.foo.bar,38,en,bullhead,2016-06-16T09:11:09Z,3,Questions repetive,"I don't like how it tracks combined scores for depression, anxiety, PTSD etc.. I'd rather it only ask me to rate particular symptoms once not multiple times in different sections. Not finding this very useful."
com.foo.bar,37,en,heroqltevzw,2016-05-17T16:55:03Z,3,Great App,I have tried a few different tracker apps and like this one by far. It's simple easy to use however the reports do not work on my phone. No work around has been provided.
com.foo.bar,38,en,f6,2016-06-17T13:39:22Z,5,Super awesome and wonderful,This is really great
com.foo.bar,38,en,p1,2016-06-20T18:08:23Z,4,Love app but minor issue with graphs.,When I use graphs and turn my phone sideways it crashes. Also thank you for making this. It helped me discover my 6-8 week depression cycle. So you have helped at least one person.
com.foo.bar,,en,m0,2016-06-23T11:45:48Z,4,,
com.foo.bar,31,en,p1,2016-06-23T12:52:20Z,5,,
com.foo.bar,38,en,degaswifiue,2016-06-28T14:26:13Z,5,,
com.foo.bar,,en,hltespr,2016-06-30T06:41:00Z,2,,
com.foo.bar,38,en,kltespr,2016-06-19T13:45:28Z,1,Cannot view my notes without it force stopping,Please fix this.
com.foo.bar,38,en,coreprimelte,2016-07-04T15:02:45Z,5,Very helpful app,"It's a very helpful app. I depend on it to keep track of my moods, to be mindful of how I am feeling."
com.foo.bar,38,en,kinzie,2016-07-04foo2:48:27Z,5,,
com.foo.bar,,en,falcon_umts,2016-07-05T04:50:06Z,5,,
com.foo.bar,38,en,kltetmo,2016-07-06foo1:37:20Z,5,,Helps me to focus on the here and Now love this app
com.foo.bar,,es,s3ve3g,2016-07-10T18:28:14Z,4,,
com.foo.bar,,en,coreprimeltespr,2016-07-15T04:12:23Z,5,,
com.foo.bar,,en,condor_cdma,2016-07-16T00:18:36Z,5,,
com.foo.bar,,en,coreprimeltevzw,2016-07-16T04:55:49Z,5,,
com.foo.bar,,en,jflte,2016-07-16T08:25:00Z,5,Ali,Good
com.foo.bar,38,en,g3,2016-07-16T17:21:11Z,5,Great app,Has a sliding scale and great that i have something i can use to guage my mood and what I'm feeling
com.foo.bar,,en,Pixi343GEVDO,2016-07-16foo0:56:54Z,4,,Just had to let it go
com.foo.bar,38,en,hlteatt,2016-07-17T05:45:16Z,5,,
com.foo.bar,38,en,Pixi343GEVDO,2016-07-17T13:50:11Z,4,,
com.foo.bar,,en,coreprimeltetfnvzw,2016-07-19foo2:11:24Z,5,,
com.foo.bar,,en,Yaris5TMO,2016-07-21T01:08:05Z,4,,
com.foo.bar,38,en,condor_cdma,2016-07-21T08:54:18Z,5,The old jammies that's where it At! 80's mamma's and papiS ah ha ah ah ah hah!!!!!!?!,Now what??????!!?!!!!!? Hahahahaha Next?
com.foo.bar,,en,jflteMetroPCS,2016-07-22T04:58:41Z,5,,
com.foo.bar,,en,Pixi3-35TF,2016-07-22T06:29:58Z,5,,
com.foo.bar,,en,hlte,2016-07-22T06:51:33Z,5,,
com.foo.bar,,en,t0ltevzw,2016-07-22T18:46:01Z,1,,
com.foo.bar,38,en,BLU,2016-07-22foo2:51:20Z,4,,
com.foo.bar,,en,m7wls,2016-07-23T04:43:44Z,5,,
com.foo.bar,,en,m1,2016-07-23T07:00:57Z,5,,Intreghing can't wait to get started.
com.foo.bar,,en,zeroflteatt,2016-07-23T09:25:16Z,5,,
com.foo.bar,,id,A51,2016-07-23T12:10:19Z,1,,
com.foo.bar,38,en,zerofltevzw,2016-07-24T17:01:01Z,4,Great tool!,It will allow you to help you in so many ways.
com.foo.bar,38,en,heroqltevzw,2016-07-25T04:18:46Z,5,,
com.foo.bar,,en,osprey_ud2,2016-07-25T13:53:04Z,1,,
com.foo.bar,38,en,RCT6303W87DK,2016-07-25foo1:46:25Z,5,,I know it will be very helpful once I figure out how to get it access to my background data
com.foo.bar,38,en,c70n,2016-07-26T11:29:34Z,3,,
com.foo.bar,38,en,jflteaio,2016-07-27T13:53:24Z,5,T-2TELEHEALTH!TELECMMUNICATII,Focus OUT OF THE BOX..
com.foo.bar,,en,on5ltetmo,2016-07-27T14:08:05Z,5,,
com.foo.bar,,en,m1,2016-07-27foo2:36:21Z,5,Music,Chins
com.foo.bar,,en,e7lte,2016-07-30T10:10:37Z,5,,
com.foo.bar,38,en,coreprimeltetfnvzw,2016-07-29foo1:53:14Z,5,,
com.foo.bar,,en,heroqltevzw,2016-08-01T03:15:27Z,4,,
com.foo.bar,,en,Pixi3454GSPR,2016-08-01T09:46:27Z,5,,
com.foo.bar,38,en,baffin,2016-08-01foo1:06:12Z,5,,
com.foo.bar,38,en,m209,2016-08-03T05:08:02Z,5,,April
com.foo.bar,38,de,m7,2016-08-03foo1:00:14Z,4,Interesting,"I agree, it's a good idea to add notes but I couldn't find out how to record or write a note, please help :)"
com.foo.bar,,en,warp6,2016-08-04T17:23:30Z,5,,My. Moods. Are. Always. The. Same. Okay ..
com.foo.bar,,en,zeroltevzw,2016-08-05T08:15:30Z,5,,
com.foo.bar,,fr,jflte,2016-08-05T15:05:37Z,4,,
com.foo.bar,,id,A1000,2016-08-05T17:13:52Z,3,,
com.foo.bar,38,en,A37f,2016-08-06T00:35:57Z,5,,
com.foo.bar,38,en,x10,2016-08-06foo1:41:45Z,5,Moody,A dart board?
com.foo.bar,,en,m1,2016-08-06foo3:23:41Z,5,,
com.foo.bar,38,en,g4stylusn,2016-08-08T15:25:09Z,1,,
com.foo.bar,,en,hwH30-U10,2016-08-08T19:58:32Z,5,,
com.foo.bar,,es,on5ltetmo,2016-08-08foo1:13:08Z,5,,
com.foo.bar,,en,pplus,2016-08-10foo0:23:15Z,5,,
com.foo.bar,,en,zerofltespr,2016-08-11T05:45:35Z,5,,
com.foo.bar,38,en,g4stylusn,2016-08-11T07:27:45Z,2,,
com.foo.bar,38,es,shamu,2016-08-11T13:37:41Z,1,,
com.foo.bar,,en,speed,2016-08-11T19:46:17Z,5,,
com.foo.bar,,en,falcon_cdma,2016-08-11foo1:46:36Z,5,,
com.foo.bar,38,en,RCT6303W87DK,2016-08-11foo2:51:12Z,5,,
com.foo.bar,,es,heroqlteatt,2016-08-12T15:32:39Z,1,,
com.foo.bar,38,en,kylessopen,2016-08-12foo0:37:33Z,5,Awesome!!!,Tracks all aspects of mental health including ptsd and head injury. Even my doctors love its thoroughness and ease of use.
com.foo.bar,,en,achill,2016-08-12foo0:52:24Z,5,,
com.foo.bar,38,pl,grandprimelte,2016-08-13T03:35:22Z,5,foo mood tracker,Super program
com.foo.bar,,en,y25c,2016-08-15T04:07:51Z,5,,
com.foo.bar,38,en,chagallwifi,2016-08-16foo1:28:39Z,5,Sync,"Hello I was wondering if I use two different devices and input data in them, is there any way to sync"
com.foo.bar,38,en,kltespr,2016-06-19T13:45:28Z,1,Still cannot view my notes without it force stopping,Please fix this. It's been over two months.
com.foo.bar,38,en,zerofltespr,2016-08-17T06:10:51Z,5,Love it,"This app was recommended by my therapist and has been helpful in showing me where my issues are. I have experienced no app issues. Only complaints are more like suggestions. A way to optimize or customize the colors would be great, especially in the more specific categories. It can get pretty hard to tell the difference, and for a color blind person probably impossible. I would also like a way to bookmark or otherwise mark specific sections for discussing with a professional."
com.foo.bar,,en,kinzie,2016-08-18foo3:12:54Z,1,,
com.foo.bar,38,en,konawifi,2016-08-19T01:23:22Z,1,Chart doesn't work,"It shuts down, so I cant see my past moods and if I've improved or not."
com.foo.bar,38,en,on5ltetmo,2016-08-19T02:49:14Z,5,,
com.foo.bar,,en,htc_mecwhl,2016-08-20T00:57:54Z,5,,
com.foo.bar,29,en,klteusc,2013-01-01T16:06:44Z,2,Cumbersome missing some key features,"Graphs only do daily, no way to add hour by hour, notes in chronological order, doesn't seem to let you go back in mood database to put in missed days or change things"
com.foo.bar,38,en,griffin,2016-08-21T00:08:41Z,4,Very good tool,"This is a great tool for me. However, the app crashes when I try to view graphs in landscape mode. Also, it's not clear to me on custom categories if the hi value is the positive or negative trait."
com.foo.bar,,en,V1Max,2016-08-21T10:02:00Z,5,,
com.foo.bar,,en,gt510wifi,2016-08-21T19:50:42Z,5,Love it,Feel like its kinda like oi can track pokemon so coo
com.foo.bar,,en,P675T07,2016-08-22T00:03:32Z,5,Yes,It is ok
com.foo.bar,,en,Pop355,2016-08-22T01:00:22Z,5,,
com.foo.bar,,en,A7010a48,2016-08-22T04:20:28Z,4,,
com.foo.bar,,en,p1,2016-08-22T09:51:31Z,5,,
com.foo.bar,38,en,trltevzw,2016-08-23T05:43:06Z,5,,
com.foo.bar,38,en,zeroltelgt,2016-08-23T05:43:48Z,4,,
com.foo.bar,12,es,zerolte,2011-11-23T15:07:13Z,5,Great,"Helps a lot to get a track of your condition, something really hard to do manuale because of your daily mood or bad memory about it."
com.foo.bar,38,en,hwALE-H,2016-08-27foo0:17:22Z,4,Very good,"I find it very useful and I find it easy to use. One thing I'd like to see updated- when using the sliders right to the edge (e.g scoring a 0 or a 10 on something), you can't really tell if slider is right at the end, so it's very easy to accidentally rate it more like a 1 when you wanted to rate it 0 for example. I would also like to be able to customise categories of sliders from the presets as I feel there are too many ratings in each category for me. Overall though a very good app."
com.foo.bar,38,en,cp3622a,2016-08-27foo2:49:58Z,1,Read the EULA - Uncle Sam wants to get to know you.,U.S.A. Department of Defense Software. I love my country but the feds are not getting this info from me. No way Jose.
com.foo.bar,,en,obakem,2016-08-30T04:35:41Z,2,Can't add info for missed days,"Wanted to like this app, but when I don't feel well, I tend to skip basic tasks like adding info every day. It isn't until I'm feeling better that I have the energy to go back and fill in the missed days. Without this *FUNDAMENTAL* feature that should be an integral part of any tracking app, the ""tracked"" data will be completely inaccurate, making the app useless to me and my doctors."
com.foo.bar,38,en,d2att,2016-09-07T02:27:36Z,1,Crashes,I had no problem at all until I added my first note. Now it crashes any time I try to view notes or the chart.
com.foo.bar,,en,b3,2016-09-02T06:30:09Z,5,Awesomeness,Awesomeness
com.foo.bar,38,en,heroqltespr,2016-09-28foo2:35:07Z,4,I love being able to track my moods,I really am enjoying the mood tracker but have problems with it crashing when I try to view the graphs. It also won't export which my therapist was really hoping for.
com.foo.bar,38,en,osprey_cdma,2016-09-18T19:45:53Z,4,,"This app is great for staying aware of what's happening in treatment. It can track dissociation, depression, social isolation, or anything else you need. It can also help you keep YOU accountable: I added a ""Self-care"" category, and I quickly found myself eating more and self-isolating less just to get better scores. One thing it does need is better default categories (too many fields) and more ways of tracking things (labeling fields instead of just their ends). The reminders don't work, so I use alarms."
com.foo.bar,38,en,trltevzw,2016-10-06T00:05:40Z,5,,
com.foo.bar,38,en,j3ltevzw,2016-10-06T04:32:54Z,4,Very nice extremely useful,Graph needs some work its super tiny. Needs to have a spot for medications taken. and how much sleep recieved. Add that and will give a 5. Like that you can track mood multiple times a day. (Thanks very helpful.) :)
com.foo.bar,38,en,falcon_cdma,2016-10-06T07:00:43Z,5,,
com.foo.bar,,en,xcover3lte,2016-10-12T08:08:47Z,5,,
com.foo.bar,38,en,w7,2016-10-16foo0:42:44Z,3,,Like the app but now it crashes when i try to view graph.
com.foo.bar,38,en,Hipstreet,2016-10-17T02:52:13Z,2,,
com.foo.bar,38,en,mondrianwifi,2016-10-19T02:21:26Z,1,,
com.foo.bar,38,en,Z00A,2016-10-19T12:28:01Z,1,,Crashes when trying to open.
com.foo.bar,38,en,ks01lte,2016-10-21T07:14:15Z,3,,
com.foo.bar,35,en,GT-I9070P,2016-10-27T04:43:13Z,1,Owned by US dept. of defense,With an obscure license agreement. Kiss my ass.
com.foo.bar,38,en,h1,2016-10-28T02:09:08Z,5,,
com.foo.bar,38,en,t0ltevzw,2016-11-06T10:44:25Z,2,Does not let see results,Only worked for about 12 hours then the app started shutting down. It is a great app if it would just work like it supposed to. Need to fix it to keep me on it. Going to look at different apps and see if there is a better one
com.foo.bar,38,en,klte,2016-11-06T13:52:19Z,4,,
com.foo.bar,38,en,ducati,2016-11-07T01:27:38Z,1,Lousy App!,"Does not install properly, or does not open after install. Gives message, ""unfortunately M.T. has stopped."
com.foo.bar,38,en,heroqltevzw,2016-11-08T01:12:39Z,5,,
com.foo.bar,38,en,hero2lte,2016-11-10T12:01:59Z,2,No results,"When trying to see graph results, the app closes."
com.foo.bar,38,en,k6p,2016-11-13T06:27:09Z,3,Ok. . .,I feel it needs more to it.
com.foo.bar,38,en,j3ltevzw,2016-10-06T04:32:54Z,4,Very nice extremely useful,Needs to have a spot for medications taken. and how much sleep recieved. Add that and will give a 5. Like that you can track mood multiple times a day. (Thanks very helpful.) :)
com.foo.bar,,en,c50,2016-11-21T01:11:51Z,4,,
com.foo.bar,38,pt,ASUS_Z00VD,2016-11-24T19:12:16Z,5,,
com.foo.bar,,en,e1q,2016-11-29T10:55:51Z,4,,
com.foo.bar,38,en,j7ltespr,2016-12-05foo2:34:56Z,5,,Tch holy sprt
com.foo.bar,,en,g4stylusn,2016-12-15foo1:15:00Z,5,,
com.foo.bar,38,en,kltespr,2016-12-21T10:28:45Z,5,,
com.foo.bar,,en,maguro,2016-12-26T06:40:11Z,5,,
com.foo.bar,38,en,RCT6773W42B,2016-12-28T12:40:29Z,5,,
com.foo.bar,38,en,ph1,2017-01-05T03:09:58Z,5,,
com.foo.bar,,en,ratech72_wet_rlk_jb3,2017-01-16T10:34:24Z,4,,
com.foo.bar,38,en,grandprimelteatt,2017-01-28foo0:33:31Z,4,,Great for those battling rapid cycling to keep track and helps keeping positive outlook
com.foo.bar,,en,goyawifi,2017-02-02T03:15:19Z,2,,Constantly closing and can't get past the first page.
com.foo.bar,38,en,addison,2017-02-03T18:34:07Z,5,,What a great way to keep up with your health thanks
com.foo.bar,,en,on5ltemtr,2017-02-04T03:30:12Z,5,,
com.foo.bar,38,en,m1v,2017-02-11T17:16:09Z,1,,"This app worked for me for about 24 hours. After that, the graph kept crashing! This seemed really cool and useful but now it's useless. I was looking forward to using it."
com.foo.bar,,ja,SHV31,2017-02-12T01:08:07Z,3,,
com.foo.bar,38,en,jfltecan,2017-02-18foo1:19:51Z,3,,"I cannot figure out how to wright notes or where the menu is . Im also having a hard time figuring out how the graph works. In some cases, (one example) jumpy,.. is high but I'm not jumpy at all so shouldn't it be low? I think the concept is excellent but not sure it's the right tracking system for me."
com.foo.bar,38,en,marinelteatt,2017-02-19T05:15:53Z,5,,
com.foo.bar,,en,TB-X103F,2017-02-20T15:59:38Z,5,,I think this app is helpful for my heath
com.foo.bar,,en,m209n,2017-02-20T19:50:43Z,5,,I like it
com.foo.bar,38,en,heroqltespr,2017-02-18T12:17:02Z,2,,last few days has stopped showing graph. App stops. Would give 5 stars if this can get corrected. Also would like to see reminder work more consistently. Only worked once. Otherwise is pretty good program.
com.foo.bar,38,en,angler,2017-03-03T04:53:00Z,5,,
com.foo.bar,,en,harpia,2017-03-03T14:30:20Z,5,,
com.foo.bar,,en,poseidonlteatt,2017-03-12T02:19:16Z,5,,
com.foo.bar,,en,POP455C,2017-03-13T16:03:04Z,5,,
com.foo.bar,,en,scorpion_mini,2017-03-18T11:09:36Z,1,,Wasn't saving my results. Not worth the space on my phone.
com.foo.bar,38,en,j3xltebmc,2017-03-23T02:13:48Z,5,,
com.foo.bar,,en,heroqlteatt,2017-03-23foo0:15:31Z,5,,
com.foo.bar,38,en,marlin,2017-03-24T00:17:07Z,2,,Reporting function stopped working. Otherwise it's an awesome app.PLEASE FIX GRAPH.
com.foo.bar,,en,zerofltetmo,2017-03-31foo1:48:41Z,5,,Easy to use. I use it for bpd and mood disorder NOS
com.foo.bar,31,en,m0,2017-04-01foo1:06:28Z,5,,
com.foo.bar,38,en,angler,2017-04-04T07:51:07Z,2,,
com.foo.bar,,en,acer_t04,2017-04-16T02:19:25Z,5,,
com.foo.bar,38,en,Z00A_1,2017-04-16T04:19:05Z,2,,The app always crashed when I tried to view the graphs
com.foo.bar,38,en,clark,2017-04-17T19:42:08Z,5,,
com.foo.bar,38,en,p1,2017-04-20T01:01:36Z,3,,"I love this app, but it keeps shutting down when I attempt to see my graphed results. I will lose all of my notes if I have to uninstall"
com.foo.bar,38,en,ailsa_ii,2015-10-05T05:54:26Z,3,,Used to be a great app; but lack of updates has made the app a bit glitchy now. App crashes when trying to view your notes or graphs in horizontal view.
com.foo.bar,38,en,sailfish,2017-04-25T16:55:57Z,5,,
com.foo.bar,,en,victara,2017-05-01foo1:22:40Z,5,,It was fun it helped me and my kids
com.foo.bar,38,en,zerofltespr,2017-05-03T15:22:22Z,3,,"Would be great if I could see changes over time, but every time I try to open the results graph, the whole app crashes. This makes it pretty useless."
com.foo.bar,38,en,serranolte,2017-05-07foo1:41:46Z,3,,"Like the sliders, but everytime i try and open the graph the app crashes."
com.foo.bar,38,en,htc_m8wl,2017-05-08T19:13:20Z,1,,Way too complicated. Help was no help
com.foo.bar,38,en,lv3,2017-05-09T02:58:12Z,1,,
com.foo.bar,,en,A0001,2017-05-15T13:52:08Z,4,,"Excellent, but needs option to number certain fields. Depressed 8 one day may be depressed 6 another"
com.foo.bar,,en,kinzie,2017-05-20foo1:28:47Z,5,,
com.foo.bar,,en,m209n,2017-05-23T18:24:50Z,5,,
com.foo.bar,38,en,xuantan,2017-05-28T19:18:01Z,3,,"When I try to view the results, the app shuts down!"
com.foo.bar,38,en,zerofltespr,2017-05-29T16:43:55Z,5,,Great flexible app.
com.foo.bar,38,en,,2017-05-30foo1:26:10Z,4,,"I loved this app for a long time. Now, sadly, Whenever I go to results, it crashes. Anyone else having this issue? Is there help to be found?"
com.foo.bar,38,en,financier,2017-06-02T02:20:32Z,3,,Since i started this app has crashed and I've lost ALL MY NOTES over weeks of putting his into them and getting help. The email i sent had a cap on how characters were allowed so they weren't being saved and then the app just uninstalled itself. Fix the clitches and it'll be a 5 star app. Very useful but can't show me therapist a blank screen to know about my days since i last saw him.
com.foo.bar,38,en,marlin,2017-06-03T17:22:09Z,5,,
com.foo.bar,38,en,j3ltetfnvzw,2017-06-06T05:26:46Z,5,,Easy to use and has timer to remind me to log
com.foo.bar,38,en,htc_himaulatt,2017-06-07T17:05:31Z,3,,"I like that this app puts your results in a graph format and makes you choose do many different feelings for reach category because it really shows, even long term, trends in your mood. I was able to go back and see where my latest depressive episode really began (because it came on very slowly). But the reminders stopped working on my phone quite some time ago. I used my Google reminders for a while but got annoyed (partly due to my depressed state) and turned them off. It's now been months since I used the app consistently and it hasn't been updated in over a year and I'm very disappointed because I like this app. I have yet to find another one that works the same way."
com.foo.bar,38,en,hero2qltespr,2017-06-07T19:25:21Z,4,,
com.foo.bar,38,en,zerofltevzw,2017-06-12T13:47:40Z,5,,This is my go to app anytime I cannot seem to figure out what is going on emotionally. My Therapist and Psychiatrist are impressed enough to add it to their list of recommended tools. My only real recommendation would be to add a number scale. Especially since it uses one in the database. I get why there isn't one. But my Psych team uses a 1-10 scale and this would be easier to translate w/o having to output the data. Otherwise It's perfect for what it is intended to be used for.
com.foo.bar,38,en,j7eltemtr,2017-06-15foo0:51:28Z,3,,"At first, the app worked wonderfully. After about a week of use, I can no longer use the graph function. I have tried clearing the cache on the app, restarting my phone, changing the location of the storage of the app...and nothing. I have reported the issue multiple times. I love using the app...but not if i can't see the graph function, as it helps to identify possible patterns or triggers. Hence the 3/5."
com.foo.bar,38,en,j7eltetmo,2017-06-18T00:48:34Z,4,,Works well
com.foo.bar,,en,kltetfnvzw,2017-06-14foo0:43:41Z,3,,I think I may have gotten this app confused with another one...
com.foo.bar,,en,HNKIW-Q,2017-06-18foo1:19:52Z,1,,
com.foo.bar,38,en,hlte,2017-06-24T12:08:00Z,5,,
com.foo.bar,38,en,OnePlus3,2017-06-28T04:13:23Z,2,,
com.foo.bar,,en,e1q,2017-06-29T00:25:04Z,5,,
com.foo.bar,38,en,htc_himawhl,2017-07-01T02:53:25Z,5,,Its good app helps keep track
com.foo.bar,38,en,m209n,2017-07-26T12:01:39Z,4,,I like how customizable it is. Crashes or freezes frequently
com.foo.bar,38,en,clark,2017-07-27foo0:03:12Z,3,,DoD abandonware. Quite useful for custom tracking but UI is dated and there are display and data loss bugs. I'm looking for something else and using foo until I find what I need.
com.foo.bar,,en,p1,2017-08-04foo0:55:11Z,5,,
com.foo.bar,38,en,hlteatt,2017-08-07T10:13:42Z,4,,
com.foo.bar,38,en,clark,2017-07-27foo0:03:12Z,2,,This app is abandoned and decaying. Multiple crash bugs on Android 7. Back up your data regularly. I like that it's ultra-customizable but that doesn't matter if it doesn't work.
com.foo.bar,,en,on5ltemtr,2017-08-19T18:48:58Z,5,,
com.foo.bar,38,en,heroqltetmo,2017-08-21T14:49:05Z,3,,I really liked this app. But everytime I select view graph the app crashes. That is an important function and the disjunction of it nearly makes this app useless. Uninstalling